segment_file,video_id,segment_index,start_sec,end_sec,speaker,party,constituency,native_city,native_county,native_province,clip_name,clip_type,extra_info,valid_times,dataset,segment_file_resolved
/Users/cianan/Documents/College/GitHub/FYP/Data/NorthernIreland/ni_segments/Gavin_Robinson_Democratic_Unionist_Party_Belfast_East_Zjw54vT2uUs_001.wav,Zjw54vT2uUs,1,350,380,Gavin Robinson,Democratic Unionist Party,Belfast East,Belfast City,Antrim,Ulster,Gavin Robinson addresses 2025 DUP Party Conference,party conference,,5.50-18.00,NI,/Users/cianan/Documents/College/GitHub/FYP/Data/NorthernIreland/ni_segments/Gavin_Robinson_Democratic_Unionist_Party_Belfast_East_Zjw54vT2uUs_001.wav
/Users/cianan/Documents/College/GitHub/FYP/Data/NorthernIreland/ni_segments/Gavin_Robinson_Democratic_Unionist_Party_Belfast_East_Zjw54vT2uUs_002.wav,Zjw54vT2uUs,2,380,410,Gavin Robinson,Democratic Unionist Party,Belfast East,Belfast City,Antrim,Ulster,Gavin Robinson addresses 2025 DUP Party Conference,party conference,,5.50-18.00,NI,/Users/cianan/Documents/College/GitHub/FYP/Data/NorthernIreland/ni_segments/Gavin_Robinson_Democratic_Unionist_Party_Belfast_East_Zjw54vT2uUs_002.wav
/Users/cianan/Documents/College/GitHub/FYP/Data/NorthernIreland/ni_segments/Gavin_Robinson_Democratic_Unionist_Party_Belfast_East_Zjw54vT2uUs_003.wav,Zjw54vT2uUs,3,410,440,Gavin Robinson,Democratic Unionist Party,Belfast East,Belfast City,Antrim,Ulster,Gavin Robinson addresses 2025 DUP Party Conference,party conference,,5.50-18.00,NI,/Users/cianan/Documents/College/GitHub/FYP/Data/NorthernIreland/ni_segments/Gavin_Robinson_Democratic_Unionist_Party_Belfast_East_Zjw54vT2uUs_003.wav
/Users/cianan/Documents/College/GitHub/FYP/Data/NorthernIreland/ni_segments/Gavin_Robinson_Democratic_Unionist_Party_Belfast_East_Zjw54vT2uUs_004.wav,Zjw54vT2uUs,4,440,470,Gavin Robinson,Democratic Unionist Party,Belfast East,Belfast City,Antrim,Ulster,Gavin Robinson addresses 2025 DUP Party Conference,party conference,,5.50-18.00,NI,/Users/cianan/Documents/College/GitHub/FYP/Data/NorthernIreland/ni_segments/Gavin_Robinson_Democratic_Unionist_Party_Belfast_East_Zjw54vT2uUs_004.wav
/Users/cianan/Documents/College/GitHub/FYP/Data/NorthernIreland/ni_segments/Gavin_Robinson_Democratic_Unionist_Party_Belfast_East_Zjw54vT2uUs_005.wav,Zjw54vT2uUs,5,470,500,Gavin Robinson,Democratic Unionist Party,Belfast East,Belfast City,Antrim,Ulster,Gavin Robinson addresses 2025 DUP Party Conference,party conference,,5.50-18.00,NI,/Users/cianan/Documents/College/GitHub/FYP/Data/NorthernIreland/ni_segments/Gavin_Robinson_Democratic_Unionist_Party_Belfast_East_Zjw54vT2uUs_005.wav
/Users/cianan/Documents/College/GitHub/FYP/Data/NorthernIreland/ni_segments/Gavin_Robinson_Democratic_Unionist_Party_Belfast_East_Zjw54vT2uUs_006.wav,Zjw54vT2uUs,6,500,530,Gavin Robinson,Democratic Unionist Party,Belfast East,Belfast City,Antrim,Ulster,Gavin Robinson addresses 2025 DUP Party Conference,party conference,,5.50-18.00,NI,/Users/cianan/Documents/College/GitHub/FYP/Data/NorthernIreland/ni_segments/Gavin_Robinson_Democratic_Unionist_Party_Belfast_East_Zjw54vT2uUs_006.wav
/Users/cianan/Documents/College/GitHub/FYP/Data/NorthernIreland/ni_segments/Gavin_Robinson_Democratic_Unionist_Party_Belfast_East_Zjw54vT2uUs_007.wav,Zjw54vT2uUs,7,530,560,Gavin Robinson,Democratic Unionist Party,Belfast East,Belfast City,Antrim,Ulster,Gavin Robinson addresses 2025 DUP Party Conference,party conference,,5.50-18.00,NI,/Users/cianan/Documents/College/GitHub/FYP/Data/NorthernIreland/ni_segments/Gavin_Robinson_Democratic_Unionist_Party_Belfast_East_Zjw54vT2uUs_007.wav
/Users/cianan/Documents/College/GitHub/FYP/Data/NorthernIreland/ni_segments/Gavin_Robinson_Democratic_Unionist_Party_Belfast_East_Zjw54vT2uUs_008.wav,Zjw54vT2uUs,8,560,590,Gavin Robinson,Democratic Unionist Party,Belfast East,Belfast City,Antrim,Ulster,Gavin Robinson addresses 2025 DUP Party Conference,party conference,,5.50-18.00,NI,/Users/cianan/Documents/College/GitHub/FYP/Data/NorthernIreland/ni_segments/Gavin_Robinson_Democratic_Unionist_Party_Belfast_East_Zjw54vT2uUs_008.wav
/Users/cianan/Documents/College/GitHub/FYP/Data/NorthernIreland/ni_segments/Gavin_Robinson_Democratic_Unionist_Party_Belfast_East_Zjw54vT2uUs_009.wav,Zjw54vT2uUs,9,590,620,Gavin Robinson,Democratic Unionist Party,Belfast East,Belfast City,Antrim,Ulster,Gavin Robinson addresses 2025 DUP Party Conference,party conference,,5.50-18.00,NI,/Users/cianan/Documents/College/GitHub/FYP/Data/NorthernIreland/ni_segments/Gavin_Robinson_Democratic_Unionist_Party_Belfast_East_Zjw54vT2uUs_009.wav
/Users/cianan/Documents/College/GitHub/FYP/Data/NorthernIreland/ni_segments/Gavin_Robinson_Democratic_Unionist_Party_Belfast_East_Zjw54vT2uUs_010.wav,Zjw54vT2uUs,10,620,650,Gavin Robinson,Democratic Unionist Party,Belfast East,Belfast City,Antrim,Ulster,Gavin Robinson addresses 2025 DUP Party Conference,party conference,,5.50-18.00,NI,/Users/cianan/Documents/College/GitHub/FYP/Data/NorthernIreland/ni_segments/Gavin_Robinson_Democratic_Unionist_Party_Belfast_East_Zjw54vT2uUs_010.wav
/Users/cianan/Documents/College/GitHub/FYP/Data/NorthernIreland/ni_segments/Gavin_Robinson_Democratic_Unionist_Party_Belfast_East_Zjw54vT2uUs_011.wav,Zjw54vT2uUs,11,650,680,Gavin Robinson,Democratic Unionist Party,Belfast East,Belfast City,Antrim,Ulster,Gavin Robinson addresses 2025 DUP Party Conference,party conference,,5.50-18.00,NI,/Users/cianan/Documents/College/GitHub/FYP/Data/NorthernIreland/ni_segments/Gavin_Robinson_Democratic_Unionist_Party_Belfast_East_Zjw54vT2uUs_011.wav
/Users/cianan/Documents/College/GitHub/FYP/Data/NorthernIreland/ni_segments/Gavin_Robinson_Democratic_Unionist_Party_Belfast_East_Zjw54vT2uUs_012.wav,Zjw54vT2uUs,12,680,710,Gavin Robinson,Democratic Unionist Party,Belfast East,Belfast City,Antrim,Ulster,Gavin Robinson addresses 2025 DUP Party Conference,party conference,,5.50-18.00,NI,/Users/cianan/Documents/College/GitHub/FYP/Data/NorthernIreland/ni_segments/Gavin_Robinson_Democratic_Unionist_Party_Belfast_East_Zjw54vT2uUs_012.wav
/Users/cianan/Documents/College/GitHub/FYP/Data/NorthernIreland/ni_segments/Gavin_Robinson_Democratic_Unionist_Party_Belfast_East_Zjw54vT2uUs_013.wav,Zjw54vT2uUs,13,710,740,Gavin Robinson,Democratic Unionist Party,Belfast East,Belfast City,Antrim,Ulster,Gavin Robinson addresses 2025 DUP Party Conference,party conference,,5.50-18.00,NI,/Users/cianan/Documents/College/GitHub/FYP/Data/NorthernIreland/ni_segments/Gavin_Robinson_Democratic_Unionist_Party_Belfast_East_Zjw54vT2uUs_013.wav
/Users/cianan/Documents/College/GitHub/FYP/Data/NorthernIreland/ni_segments/Gavin_Robinson_Democratic_Unionist_Party_Belfast_East_Zjw54vT2uUs_014.wav,Zjw54vT2uUs,14,740,770,Gavin Robinson,Democratic Unionist Party,Belfast East,Belfast City,Antrim,Ulster,Gavin Robinson addresses 2025 DUP Party Conference,party conference,,5.50-18.00,NI,/Users/cianan/Documents/College/GitHub/FYP/Data/NorthernIreland/ni_segments/Gavin_Robinson_Democratic_Unionist_Party_Belfast_East_Zjw54vT2uUs_014.wav
/Users/cianan/Documents/College/GitHub/FYP/Data/NorthernIreland/ni_segments/Gavin_Robinson_Democratic_Unionist_Party_Belfast_East_Zjw54vT2uUs_015.wav,Zjw54vT2uUs,15,770,800,Gavin Robinson,Democratic Unionist Party,Belfast East,Belfast City,Antrim,Ulster,Gavin Robinson addresses 2025 DUP Party Conference,party conference,,5.50-18.00,NI,/Users/cianan/Documents/College/GitHub/FYP/Data/NorthernIreland/ni_segments/Gavin_Robinson_Democratic_Unionist_Party_Belfast_East_Zjw54vT2uUs_015.wav
/Users/cianan/Documents/College/GitHub/FYP/Data/NorthernIreland/ni_segments/Gavin_Robinson_Democratic_Unionist_Party_Belfast_East_Zjw54vT2uUs_016.wav,Zjw54vT2uUs,16,800,830,Gavin Robinson,Democratic Unionist Party,Belfast East,Belfast City,Antrim,Ulster,Gavin Robinson addresses 2025 DUP Party Conference,party conference,,5.50-18.00,NI,/Users/cianan/Documents/College/GitHub/FYP/Data/NorthernIreland/ni_segments/Gavin_Robinson_Democratic_Unionist_Party_Belfast_East_Zjw54vT2uUs_016.wav
/Users/cianan/Documents/College/GitHub/FYP/Data/NorthernIreland/ni_segments/Gavin_Robinson_Democratic_Unionist_Party_Belfast_East_Zjw54vT2uUs_017.wav,Zjw54vT2uUs,17,830,860,Gavin Robinson,Democratic Unionist Party,Belfast East,Belfast City,Antrim,Ulster,Gavin Robinson addresses 2025 DUP Party Conference,party conference,,5.50-18.00,NI,/Users/cianan/Documents/College/GitHub/FYP/Data/NorthernIreland/ni_segments/Gavin_Robinson_Democratic_Unionist_Party_Belfast_East_Zjw54vT2uUs_017.wav
/Users/cianan/Documents/College/GitHub/FYP/Data/NorthernIreland/ni_segments/Gavin_Robinson_Democratic_Unionist_Party_Belfast_East_Zjw54vT2uUs_018.wav,Zjw54vT2uUs,18,860,890,Gavin Robinson,Democratic Unionist Party,Belfast East,Belfast City,Antrim,Ulster,Gavin Robinson addresses 2025 DUP Party Conference,party conference,,5.50-18.00,NI,/Users/cianan/Documents/College/GitHub/FYP/Data/NorthernIreland/ni_segments/Gavin_Robinson_Democratic_Unionist_Party_Belfast_East_Zjw54vT2uUs_018.wav
/Users/cianan/Documents/College/GitHub/FYP/Data/NorthernIreland/ni_segments/Gavin_Robinson_Democratic_Unionist_Party_Belfast_East_Zjw54vT2uUs_019.wav,Zjw54vT2uUs,19,890,920,Gavin Robinson,Democratic Unionist Party,Belfast East,Belfast City,Antrim,Ulster,Gavin Robinson addresses 2025 DUP Party Conference,party conference,,5.50-18.00,NI,/Users/cianan/Documents/College/GitHub/FYP/Data/NorthernIreland/ni_segments/Gavin_Robinson_Democratic_Unionist_Party_Belfast_East_Zjw54vT2uUs_019.wav
/Users/cianan/Documents/College/GitHub/FYP/Data/NorthernIreland/ni_segments/Gavin_Robinson_Democratic_Unionist_Party_Belfast_East_Zjw54vT2uUs_020.wav,Zjw54vT2uUs,20,920,950,Gavin Robinson,Democratic Unionist Party,Belfast East,Belfast City,Antrim,Ulster,Gavin Robinson addresses 2025 DUP Party Conference,party conference,,5.50-18.00,NI,/Users/cianan/Documents/College/GitHub/FYP/Data/NorthernIreland/ni_segments/Gavin_Robinson_Democratic_Unionist_Party_Belfast_East_Zjw54vT2uUs_020.wav
/Users/cianan/Documents/College/GitHub/FYP/Data/NorthernIreland/ni_segments/Gavin_Robinson_Democratic_Unionist_Party_Belfast_East_Zjw54vT2uUs_021.wav,Zjw54vT2uUs,21,950,980,Gavin Robinson,Democratic Unionist Party,Belfast East,Belfast City,Antrim,Ulster,Gavin Robinson addresses 2025 DUP Party Conference,party conference,,5.50-18.00,NI,/Users/cianan/Documents/College/GitHub/FYP/Data/NorthernIreland/ni_segments/Gavin_Robinson_Democratic_Unionist_Party_Belfast_East_Zjw54vT2uUs_021.wav
/Users/cianan/Documents/College/GitHub/FYP/Data/NorthernIreland/ni_segments/Gavin_Robinson_Democratic_Unionist_Party_Belfast_East_Zjw54vT2uUs_022.wav,Zjw54vT2uUs,22,980,1010,Gavin Robinson,Democratic Unionist Party,Belfast East,Belfast City,Antrim,Ulster,Gavin Robinson addresses 2025 DUP Party Conference,party conference,,5.50-18.00,NI,/Users/cianan/Documents/College/GitHub/FYP/Data/NorthernIreland/ni_segments/Gavin_Robinson_Democratic_Unionist_Party_Belfast_East_Zjw54vT2uUs_022.wav
/Users/cianan/Documents/College/GitHub/FYP/Data/NorthernIreland/ni_segments/Gavin_Robinson_Democratic_Unionist_Party_Belfast_East_Zjw54vT2uUs_023.wav,Zjw54vT2uUs,23,1010,1040,Gavin Robinson,Democratic Unionist Party,Belfast East,Belfast City,Antrim,Ulster,Gavin Robinson addresses 2025 DUP Party Conference,party conference,,5.50-18.00,NI,/Users/cianan/Documents/College/GitHub/FYP/Data/NorthernIreland/ni_segments/Gavin_Robinson_Democratic_Unionist_Party_Belfast_East_Zjw54vT2uUs_023.wav
/Users/cianan/Documents/College/GitHub/FYP/Data/NorthernIreland/ni_segments/Gavin_Robinson_Democratic_Unionist_Party_Belfast_East_Zjw54vT2uUs_024.wav,Zjw54vT2uUs,24,1040,1070,Gavin Robinson,Democratic Unionist Party,Belfast East,Belfast City,Antrim,Ulster,Gavin Robinson addresses 2025 DUP Party Conference,party conference,,5.50-18.00,NI,/Users/cianan/Documents/College/GitHub/FYP/Data/NorthernIreland/ni_segments/Gavin_Robinson_Democratic_Unionist_Party_Belfast_East_Zjw54vT2uUs_024.wav
/Users/cianan/Documents/College/GitHub/FYP/Data/NorthernIreland/ni_segments/Gavin_Robinson_Democratic_Unionist_Party_Belfast_East_Zjw54vT2uUs_025.wav,Zjw54vT2uUs,25,1070,1080,Gavin Robinson,Democratic Unionist Party,Belfast East,Belfast City,Antrim,Ulster,Gavin Robinson addresses 2025 DUP Party Conference,party conference,,5.50-18.00,NI,/Users/cianan/Documents/College/GitHub/FYP/Data/NorthernIreland/ni_segments/Gavin_Robinson_Democratic_Unionist_Party_Belfast_East_Zjw54vT2uUs_025.wav
/Users/cianan/Documents/College/GitHub/FYP/Data/NorthernIreland/ni_segments/Gavin_Robinson_Democratic_Unionist_Party_Belfast_East_rqGxoQM0xZw_001.wav,rqGxoQM0xZw,1,0,30,Gavin Robinson,Democratic Unionist Party,Belfast East,Belfast City,Antrim,Ulster,Gavin Robinson East Belfast Election 2015 Acceptance Speech,acceptance speech,,,NI,/Users/cianan/Documents/College/GitHub/FYP/Data/NorthernIreland/ni_segments/Gavin_Robinson_Democratic_Unionist_Party_Belfast_East_rqGxoQM0xZw_001.wav
/Users/cianan/Documents/College/GitHub/FYP/Data/NorthernIreland/ni_segments/Gavin_Robinson_Democratic_Unionist_Party_Belfast_East_rqGxoQM0xZw_002.wav,rqGxoQM0xZw,2,30,60,Gavin Robinson,Democratic Unionist Party,Belfast East,Belfast City,Antrim,Ulster,Gavin Robinson East Belfast Election 2015 Acceptance Speech,acceptance speech,,,NI,/Users/cianan/Documents/College/GitHub/FYP/Data/NorthernIreland/ni_segments/Gavin_Robinson_Democratic_Unionist_Party_Belfast_East_rqGxoQM0xZw_002.wav
/Users/cianan/Documents/College/GitHub/FYP/Data/NorthernIreland/ni_segments/Gavin_Robinson_Democratic_Unionist_Party_Belfast_East_rqGxoQM0xZw_003.wav,rqGxoQM0xZw,3,60,90,Gavin Robinson,Democratic Unionist Party,Belfast East,Belfast City,Antrim,Ulster,Gavin Robinson East Belfast Election 2015 Acceptance Speech,acceptance speech,,,NI,/Users/cianan/Documents/College/GitHub/FYP/Data/NorthernIreland/ni_segments/Gavin_Robinson_Democratic_Unionist_Party_Belfast_East_rqGxoQM0xZw_003.wav
/Users/cianan/Documents/College/GitHub/FYP/Data/NorthernIreland/ni_segments/Gavin_Robinson_Democratic_Unionist_Party_Belfast_East_rqGxoQM0xZw_004.wav,rqGxoQM0xZw,4,90,91,Gavin Robinson,Democratic Unionist Party,Belfast East,Belfast City,Antrim,Ulster,Gavin Robinson East Belfast Election 2015 Acceptance Speech,acceptance speech,,,NI,/Users/cianan/Documents/College/GitHub/FYP/Data/NorthernIreland/ni_segments/Gavin_Robinson_Democratic_Unionist_Party_Belfast_East_rqGxoQM0xZw_004.wav
/Users/cianan/Documents/College/GitHub/FYP/Data/NorthernIreland/ni_segments/Gavin_Robinson_Democratic_Unionist_Party_Belfast_East_eL4ZXzGW1gA_001.wav,eL4ZXzGW1gA,1,0,30,Gavin Robinson,Democratic Unionist Party,Belfast East,Belfast City,Antrim,Ulster,Gavin Robinson - Call for Minimum Sentences for Attacks on Older people,parliament,,,NI,/Users/cianan/Documents/College/GitHub/FYP/Data/NorthernIreland/ni_segments/Gavin_Robinson_Democratic_Unionist_Party_Belfast_East_eL4ZXzGW1gA_001.wav
/Users/cianan/Documents/College/GitHub/FYP/Data/NorthernIreland/ni_segments/Gavin_Robinson_Democratic_Unionist_Party_Belfast_East_eL4ZXzGW1gA_002.wav,eL4ZXzGW1gA,2,30,44,Gavin Robinson,Democratic Unionist Party,Belfast East,Belfast City,Antrim,Ulster,Gavin Robinson - Call for Minimum Sentences for Attacks on Older people,parliament,,,NI,/Users/cianan/Documents/College/GitHub/FYP/Data/NorthernIreland/ni_segments/Gavin_Robinson_Democratic_Unionist_Party_Belfast_East_eL4ZXzGW1gA_002.wav
/Users/cianan/Documents/College/GitHub/FYP/Data/NorthernIreland/ni_segments/Gavin_Robinson_Democratic_Unionist_Party_Belfast_East_7W4XMjpgbyU_001.wav,7W4XMjpgbyU,1,28,40,Gavin Robinson,Democratic Unionist Party,Belfast East,Belfast City,Antrim,Ulster,Gavin Robinson & Speaker have House of Commons laughing,parliament,,"0.28-0.40, 1.02-1.29, 1.35-2.45",NI,/Users/cianan/Documents/College/GitHub/FYP/Data/NorthernIreland/ni_segments/Gavin_Robinson_Democratic_Unionist_Party_Belfast_East_7W4XMjpgbyU_001.wav
/Users/cianan/Documents/College/GitHub/FYP/Data/NorthernIreland/ni_segments/Gavin_Robinson_Democratic_Unionist_Party_Belfast_East_7W4XMjpgbyU_002.wav,7W4XMjpgbyU,2,62,89,Gavin Robinson,Democratic Unionist Party,Belfast East,Belfast City,Antrim,Ulster,Gavin Robinson & Speaker have House of Commons laughing,parliament,,"0.28-0.40, 1.02-1.29, 1.35-2.45",NI,/Users/cianan/Documents/College/GitHub/FYP/Data/NorthernIreland/ni_segments/Gavin_Robinson_Democratic_Unionist_Party_Belfast_East_7W4XMjpgbyU_002.wav
/Users/cianan/Documents/College/GitHub/FYP/Data/NorthernIreland/ni_segments/Gavin_Robinson_Democratic_Unionist_Party_Belfast_East_7W4XMjpgbyU_003.wav,7W4XMjpgbyU,3,95,125,Gavin Robinson,Democratic Unionist Party,Belfast East,Belfast City,Antrim,Ulster,Gavin Robinson & Speaker have House of Commons laughing,parliament,,"0.28-0.40, 1.02-1.29, 1.35-2.45",NI,/Users/cianan/Documents/College/GitHub/FYP/Data/NorthernIreland/ni_segments/Gavin_Robinson_Democratic_Unionist_Party_Belfast_East_7W4XMjpgbyU_003.wav
/Users/cianan/Documents/College/GitHub/FYP/Data/NorthernIreland/ni_segments/Gavin_Robinson_Democratic_Unionist_Party_Belfast_East_7W4XMjpgbyU_004.wav,7W4XMjpgbyU,4,125,155,Gavin Robinson,Democratic Unionist Party,Belfast East,Belfast City,Antrim,Ulster,Gavin Robinson & Speaker have House of Commons laughing,parliament,,"0.28-0.40, 1.02-1.29, 1.35-2.45",NI,/Users/cianan/Documents/College/GitHub/FYP/Data/NorthernIreland/ni_segments/Gavin_Robinson_Democratic_Unionist_Party_Belfast_East_7W4XMjpgbyU_004.wav
/Users/cianan/Documents/College/GitHub/FYP/Data/NorthernIreland/ni_segments/Gavin_Robinson_Democratic_Unionist_Party_Belfast_East_7W4XMjpgbyU_005.wav,7W4XMjpgbyU,5,155,165,Gavin Robinson,Democratic Unionist Party,Belfast East,Belfast City,Antrim,Ulster,Gavin Robinson & Speaker have House of Commons laughing,parliament,,"0.28-0.40, 1.02-1.29, 1.35-2.45",NI,/Users/cianan/Documents/College/GitHub/FYP/Data/NorthernIreland/ni_segments/Gavin_Robinson_Democratic_Unionist_Party_Belfast_East_7W4XMjpgbyU_005.wav
/Users/cianan/Documents/College/GitHub/FYP/Data/NorthernIreland/ni_segments/John_Finucane_Sinn_Fein_Belfast_North_eMOtXQehpFc_001.wav,eMOtXQehpFc,1,0,30,John Finucane,Sinn Fein,Belfast North,Belfast City,Antrim,Ulster,John Finucane MP acceptance speech following historic election victory,acceptance speech,,,NI,/Users/cianan/Documents/College/GitHub/FYP/Data/NorthernIreland/ni_segments/John_Finucane_Sinn_Fein_Belfast_North_eMOtXQehpFc_001.wav
/Users/cianan/Documents/College/GitHub/FYP/Data/NorthernIreland/ni_segments/John_Finucane_Sinn_Fein_Belfast_North_eMOtXQehpFc_002.wav,eMOtXQehpFc,2,30,60,John Finucane,Sinn Fein,Belfast North,Belfast City,Antrim,Ulster,John Finucane MP acceptance speech following historic election victory,acceptance speech,,,NI,/Users/cianan/Documents/College/GitHub/FYP/Data/NorthernIreland/ni_segments/John_Finucane_Sinn_Fein_Belfast_North_eMOtXQehpFc_002.wav
/Users/cianan/Documents/College/GitHub/FYP/Data/NorthernIreland/ni_segments/John_Finucane_Sinn_Fein_Belfast_North_eMOtXQehpFc_003.wav,eMOtXQehpFc,3,60,90,John Finucane,Sinn Fein,Belfast North,Belfast City,Antrim,Ulster,John Finucane MP acceptance speech following historic election victory,acceptance speech,,,NI,/Users/cianan/Documents/College/GitHub/FYP/Data/NorthernIreland/ni_segments/John_Finucane_Sinn_Fein_Belfast_North_eMOtXQehpFc_003.wav
/Users/cianan/Documents/College/GitHub/FYP/Data/NorthernIreland/ni_segments/John_Finucane_Sinn_Fein_Belfast_North_eMOtXQehpFc_004.wav,eMOtXQehpFc,4,90,120,John Finucane,Sinn Fein,Belfast North,Belfast City,Antrim,Ulster,John Finucane MP acceptance speech following historic election victory,acceptance speech,,,NI,/Users/cianan/Documents/College/GitHub/FYP/Data/NorthernIreland/ni_segments/John_Finucane_Sinn_Fein_Belfast_North_eMOtXQehpFc_004.wav
/Users/cianan/Documents/College/GitHub/FYP/Data/NorthernIreland/ni_segments/John_Finucane_Sinn_Fein_Belfast_North_eMOtXQehpFc_005.wav,eMOtXQehpFc,5,120,150,John Finucane,Sinn Fein,Belfast North,Belfast City,Antrim,Ulster,John Finucane MP acceptance speech following historic election victory,acceptance speech,,,NI,/Users/cianan/Documents/College/GitHub/FYP/Data/NorthernIreland/ni_segments/John_Finucane_Sinn_Fein_Belfast_North_eMOtXQehpFc_005.wav
/Users/cianan/Documents/College/GitHub/FYP/Data/NorthernIreland/ni_segments/John_Finucane_Sinn_Fein_Belfast_North_eMOtXQehpFc_006.wav,eMOtXQehpFc,6,150,180,John Finucane,Sinn Fein,Belfast North,Belfast City,Antrim,Ulster,John Finucane MP acceptance speech following historic election victory,acceptance speech,,,NI,/Users/cianan/Documents/College/GitHub/FYP/Data/NorthernIreland/ni_segments/John_Finucane_Sinn_Fein_Belfast_North_eMOtXQehpFc_006.wav
/Users/cianan/Documents/College/GitHub/FYP/Data/NorthernIreland/ni_segments/John_Finucane_Sinn_Fein_Belfast_North_eMOtXQehpFc_007.wav,eMOtXQehpFc,7,180,210,John Finucane,Sinn Fein,Belfast North,Belfast City,Antrim,Ulster,John Finucane MP acceptance speech following historic election victory,acceptance speech,,,NI,/Users/cianan/Documents/College/GitHub/FYP/Data/NorthernIreland/ni_segments/John_Finucane_Sinn_Fein_Belfast_North_eMOtXQehpFc_007.wav
/Users/cianan/Documents/College/GitHub/FYP/Data/NorthernIreland/ni_segments/John_Finucane_Sinn_Fein_Belfast_North_eMOtXQehpFc_008.wav,eMOtXQehpFc,8,210,218,John Finucane,Sinn Fein,Belfast North,Belfast City,Antrim,Ulster,John Finucane MP acceptance speech following historic election victory,acceptance speech,,,NI,/Users/cianan/Documents/College/GitHub/FYP/Data/NorthernIreland/ni_segments/John_Finucane_Sinn_Fein_Belfast_North_eMOtXQehpFc_008.wav
/Users/cianan/Documents/College/GitHub/FYP/Data/NorthernIreland/ni_segments/John_Finucane_Sinn_Fein_Belfast_North_VqXuq2i5ChY_001.wav,VqXuq2i5ChY,1,0,30,John Finucane,Sinn Fein,Belfast North,Belfast City,Antrim,Ulster,John Finucane: 'Brexit will be a disaster for Ireland,party conference,,,NI,/Users/cianan/Documents/College/GitHub/FYP/Data/NorthernIreland/ni_segments/John_Finucane_Sinn_Fein_Belfast_North_VqXuq2i5ChY_001.wav
/Users/cianan/Documents/College/GitHub/FYP/Data/NorthernIreland/ni_segments/John_Finucane_Sinn_Fein_Belfast_North_VqXuq2i5ChY_002.wav,VqXuq2i5ChY,2,30,60,John Finucane,Sinn Fein,Belfast North,Belfast City,Antrim,Ulster,John Finucane: 'Brexit will be a disaster for Ireland,party conference,,,NI,/Users/cianan/Documents/College/GitHub/FYP/Data/NorthernIreland/ni_segments/John_Finucane_Sinn_Fein_Belfast_North_VqXuq2i5ChY_002.wav
/Users/cianan/Documents/College/GitHub/FYP/Data/NorthernIreland/ni_segments/John_Finucane_Sinn_Fein_Belfast_North_VqXuq2i5ChY_003.wav,VqXuq2i5ChY,3,60,90,John Finucane,Sinn Fein,Belfast North,Belfast City,Antrim,Ulster,John Finucane: 'Brexit will be a disaster for Ireland,party conference,,,NI,/Users/cianan/Documents/College/GitHub/FYP/Data/NorthernIreland/ni_segments/John_Finucane_Sinn_Fein_Belfast_North_VqXuq2i5ChY_003.wav
/Users/cianan/Documents/College/GitHub/FYP/Data/NorthernIreland/ni_segments/John_Finucane_Sinn_Fein_Belfast_North_VqXuq2i5ChY_004.wav,VqXuq2i5ChY,4,90,120,John Finucane,Sinn Fein,Belfast North,Belfast City,Antrim,Ulster,John Finucane: 'Brexit will be a disaster for Ireland,party conference,,,NI,/Users/cianan/Documents/College/GitHub/FYP/Data/NorthernIreland/ni_segments/John_Finucane_Sinn_Fein_Belfast_North_VqXuq2i5ChY_004.wav
/Users/cianan/Documents/College/GitHub/FYP/Data/NorthernIreland/ni_segments/John_Finucane_Sinn_Fein_Belfast_North_VqXuq2i5ChY_005.wav,VqXuq2i5ChY,5,120,150,John Finucane,Sinn Fein,Belfast North,Belfast City,Antrim,Ulster,John Finucane: 'Brexit will be a disaster for Ireland,party conference,,,NI,/Users/cianan/Documents/College/GitHub/FYP/Data/NorthernIreland/ni_segments/John_Finucane_Sinn_Fein_Belfast_North_VqXuq2i5ChY_005.wav
/Users/cianan/Documents/College/GitHub/FYP/Data/NorthernIreland/ni_segments/John_Finucane_Sinn_Fein_Belfast_North_VqXuq2i5ChY_006.wav,VqXuq2i5ChY,6,150,180,John Finucane,Sinn Fein,Belfast North,Belfast City,Antrim,Ulster,John Finucane: 'Brexit will be a disaster for Ireland,party conference,,,NI,/Users/cianan/Documents/College/GitHub/FYP/Data/NorthernIreland/ni_segments/John_Finucane_Sinn_Fein_Belfast_North_VqXuq2i5ChY_006.wav
/Users/cianan/Documents/College/GitHub/FYP/Data/NorthernIreland/ni_segments/John_Finucane_Sinn_Fein_Belfast_North_VqXuq2i5ChY_007.wav,VqXuq2i5ChY,7,180,210,John Finucane,Sinn Fein,Belfast North,Belfast City,Antrim,Ulster,John Finucane: 'Brexit will be a disaster for Ireland,party conference,,,NI,/Users/cianan/Documents/College/GitHub/FYP/Data/NorthernIreland/ni_segments/John_Finucane_Sinn_Fein_Belfast_North_VqXuq2i5ChY_007.wav
/Users/cianan/Documents/College/GitHub/FYP/Data/NorthernIreland/ni_segments/John_Finucane_Sinn_Fein_Belfast_North_VqXuq2i5ChY_008.wav,VqXuq2i5ChY,8,210,234,John Finucane,Sinn Fein,Belfast North,Belfast City,Antrim,Ulster,John Finucane: 'Brexit will be a disaster for Ireland,party conference,,,NI,/Users/cianan/Documents/College/GitHub/FYP/Data/NorthernIreland/ni_segments/John_Finucane_Sinn_Fein_Belfast_North_VqXuq2i5ChY_008.wav
/Users/cianan/Documents/College/GitHub/FYP/Data/NorthernIreland/ni_segments/John_Finucane_Sinn_Fein_Belfast_North_P-zMP4Tzres_001.wav,P-zMP4Tzres,1,0,30,John Finucane,Sinn Fein,Belfast North,Belfast City,Antrim,Ulster,John Finucane MP Questions: 'How Many Civilians Must Die?',debate ,,,NI,/Users/cianan/Documents/College/GitHub/FYP/Data/NorthernIreland/ni_segments/John_Finucane_Sinn_Fein_Belfast_North_P-zMP4Tzres_001.wav
/Users/cianan/Documents/College/GitHub/FYP/Data/NorthernIreland/ni_segments/John_Finucane_Sinn_Fein_Belfast_North_P-zMP4Tzres_002.wav,P-zMP4Tzres,2,30,59,John Finucane,Sinn Fein,Belfast North,Belfast City,Antrim,Ulster,John Finucane MP Questions: 'How Many Civilians Must Die?',debate ,,,NI,/Users/cianan/Documents/College/GitHub/FYP/Data/NorthernIreland/ni_segments/John_Finucane_Sinn_Fein_Belfast_North_P-zMP4Tzres_002.wav
/Users/cianan/Documents/College/GitHub/FYP/Data/NorthernIreland/ni_segments/John_Finucane_Sinn_Fein_Belfast_North_PLqMNUVyPhk_001.wav,PLqMNUVyPhk,1,0,30,John Finucane,Sinn Fein,Belfast North,Belfast City,Antrim,Ulster,"Exclusive interview with Councillor John Finucane, Belfast's newest Mayor",interview,,,NI,/Users/cianan/Documents/College/GitHub/FYP/Data/NorthernIreland/ni_segments/John_Finucane_Sinn_Fein_Belfast_North_PLqMNUVyPhk_001.wav
/Users/cianan/Documents/College/GitHub/FYP/Data/NorthernIreland/ni_segments/John_Finucane_Sinn_Fein_Belfast_North_PLqMNUVyPhk_002.wav,PLqMNUVyPhk,2,30,60,John Finucane,Sinn Fein,Belfast North,Belfast City,Antrim,Ulster,"Exclusive interview with Councillor John Finucane, Belfast's newest Mayor",interview,,,NI,/Users/cianan/Documents/College/GitHub/FYP/Data/NorthernIreland/ni_segments/John_Finucane_Sinn_Fein_Belfast_North_PLqMNUVyPhk_002.wav
/Users/cianan/Documents/College/GitHub/FYP/Data/NorthernIreland/ni_segments/John_Finucane_Sinn_Fein_Belfast_North_PLqMNUVyPhk_003.wav,PLqMNUVyPhk,3,60,90,John Finucane,Sinn Fein,Belfast North,Belfast City,Antrim,Ulster,"Exclusive interview with Councillor John Finucane, Belfast's newest Mayor",interview,,,NI,/Users/cianan/Documents/College/GitHub/FYP/Data/NorthernIreland/ni_segments/John_Finucane_Sinn_Fein_Belfast_North_PLqMNUVyPhk_003.wav
/Users/cianan/Documents/College/GitHub/FYP/Data/NorthernIreland/ni_segments/John_Finucane_Sinn_Fein_Belfast_North_PLqMNUVyPhk_004.wav,PLqMNUVyPhk,4,90,120,John Finucane,Sinn Fein,Belfast North,Belfast City,Antrim,Ulster,"Exclusive interview with Councillor John Finucane, Belfast's newest Mayor",interview,,,NI,/Users/cianan/Documents/College/GitHub/FYP/Data/NorthernIreland/ni_segments/John_Finucane_Sinn_Fein_Belfast_North_PLqMNUVyPhk_004.wav
/Users/cianan/Documents/College/GitHub/FYP/Data/NorthernIreland/ni_segments/John_Finucane_Sinn_Fein_Belfast_North_PLqMNUVyPhk_005.wav,PLqMNUVyPhk,5,120,150,John Finucane,Sinn Fein,Belfast North,Belfast City,Antrim,Ulster,"Exclusive interview with Councillor John Finucane, Belfast's newest Mayor",interview,,,NI,/Users/cianan/Documents/College/GitHub/FYP/Data/NorthernIreland/ni_segments/John_Finucane_Sinn_Fein_Belfast_North_PLqMNUVyPhk_005.wav
/Users/cianan/Documents/College/GitHub/FYP/Data/NorthernIreland/ni_segments/John_Finucane_Sinn_Fein_Belfast_North_PLqMNUVyPhk_006.wav,PLqMNUVyPhk,6,150,180,John Finucane,Sinn Fein,Belfast North,Belfast City,Antrim,Ulster,"Exclusive interview with Councillor John Finucane, Belfast's newest Mayor",interview,,,NI,/Users/cianan/Documents/College/GitHub/FYP/Data/NorthernIreland/ni_segments/John_Finucane_Sinn_Fein_Belfast_North_PLqMNUVyPhk_006.wav
/Users/cianan/Documents/College/GitHub/FYP/Data/NorthernIreland/ni_segments/John_Finucane_Sinn_Fein_Belfast_North_PLqMNUVyPhk_007.wav,PLqMNUVyPhk,7,180,210,John Finucane,Sinn Fein,Belfast North,Belfast City,Antrim,Ulster,"Exclusive interview with Councillor John Finucane, Belfast's newest Mayor",interview,,,NI,/Users/cianan/Documents/College/GitHub/FYP/Data/NorthernIreland/ni_segments/John_Finucane_Sinn_Fein_Belfast_North_PLqMNUVyPhk_007.wav
/Users/cianan/Documents/College/GitHub/FYP/Data/NorthernIreland/ni_segments/John_Finucane_Sinn_Fein_Belfast_North_PLqMNUVyPhk_008.wav,PLqMNUVyPhk,8,210,240,John Finucane,Sinn Fein,Belfast North,Belfast City,Antrim,Ulster,"Exclusive interview with Councillor John Finucane, Belfast's newest Mayor",interview,,,NI,/Users/cianan/Documents/College/GitHub/FYP/Data/NorthernIreland/ni_segments/John_Finucane_Sinn_Fein_Belfast_North_PLqMNUVyPhk_008.wav
/Users/cianan/Documents/College/GitHub/FYP/Data/NorthernIreland/ni_segments/Claire_Hanna_Social_Democratic__Labour_Party_Belfast_South_and_Mid_Down_9bR3z_VTlnw_001.wav,9bR3z_VTlnw,1,60,90,Claire Hanna,Social Democratic & Labour Party,Belfast South and Mid Down ,Galway City,Galway,Connacht,Claire Hanna refuses to take lectures on the Good Friday Agreement from Ian Paisley Jr,parliament,,1.00-1.49,NI,/Users/cianan/Documents/College/GitHub/FYP/Data/NorthernIreland/ni_segments/Claire_Hanna_Social_Democratic__Labour_Party_Belfast_South_and_Mid_Down_9bR3z_VTlnw_001.wav
/Users/cianan/Documents/College/GitHub/FYP/Data/NorthernIreland/ni_segments/Claire_Hanna_Social_Democratic__Labour_Party_Belfast_South_and_Mid_Down_9bR3z_VTlnw_002.wav,9bR3z_VTlnw,2,90,109,Claire Hanna,Social Democratic & Labour Party,Belfast South and Mid Down ,Galway City,Galway,Connacht,Claire Hanna refuses to take lectures on the Good Friday Agreement from Ian Paisley Jr,parliament,,1.00-1.49,NI,/Users/cianan/Documents/College/GitHub/FYP/Data/NorthernIreland/ni_segments/Claire_Hanna_Social_Democratic__Labour_Party_Belfast_South_and_Mid_Down_9bR3z_VTlnw_002.wav
/Users/cianan/Documents/College/GitHub/FYP/Data/NorthernIreland/ni_segments/Claire_Hanna_Social_Democratic__Labour_Party_Belfast_South_and_Mid_Down_de5ZlHg10Kc_001.wav,de5ZlHg10Kc,1,0,30,Claire Hanna,Social Democratic & Labour Party,Belfast South and Mid Down ,Galway City,Galway,Connacht,"Claire Hanna MP, Belfast South NI Protocol Bill - Monday 27th June",parliament,,,NI,/Users/cianan/Documents/College/GitHub/FYP/Data/NorthernIreland/ni_segments/Claire_Hanna_Social_Democratic__Labour_Party_Belfast_South_and_Mid_Down_de5ZlHg10Kc_001.wav
/Users/cianan/Documents/College/GitHub/FYP/Data/NorthernIreland/ni_segments/Claire_Hanna_Social_Democratic__Labour_Party_Belfast_South_and_Mid_Down_de5ZlHg10Kc_002.wav,de5ZlHg10Kc,2,30,60,Claire Hanna,Social Democratic & Labour Party,Belfast South and Mid Down ,Galway City,Galway,Connacht,"Claire Hanna MP, Belfast South NI Protocol Bill - Monday 27th June",parliament,,,NI,/Users/cianan/Documents/College/GitHub/FYP/Data/NorthernIreland/ni_segments/Claire_Hanna_Social_Democratic__Labour_Party_Belfast_South_and_Mid_Down_de5ZlHg10Kc_002.wav
/Users/cianan/Documents/College/GitHub/FYP/Data/NorthernIreland/ni_segments/Claire_Hanna_Social_Democratic__Labour_Party_Belfast_South_and_Mid_Down_de5ZlHg10Kc_003.wav,de5ZlHg10Kc,3,60,90,Claire Hanna,Social Democratic & Labour Party,Belfast South and Mid Down ,Galway City,Galway,Connacht,"Claire Hanna MP, Belfast South NI Protocol Bill - Monday 27th June",parliament,,,NI,/Users/cianan/Documents/College/GitHub/FYP/Data/NorthernIreland/ni_segments/Claire_Hanna_Social_Democratic__Labour_Party_Belfast_South_and_Mid_Down_de5ZlHg10Kc_003.wav
/Users/cianan/Documents/College/GitHub/FYP/Data/NorthernIreland/ni_segments/Claire_Hanna_Social_Democratic__Labour_Party_Belfast_South_and_Mid_Down_de5ZlHg10Kc_004.wav,de5ZlHg10Kc,4,90,120,Claire Hanna,Social Democratic & Labour Party,Belfast South and Mid Down ,Galway City,Galway,Connacht,"Claire Hanna MP, Belfast South NI Protocol Bill - Monday 27th June",parliament,,,NI,/Users/cianan/Documents/College/GitHub/FYP/Data/NorthernIreland/ni_segments/Claire_Hanna_Social_Democratic__Labour_Party_Belfast_South_and_Mid_Down_de5ZlHg10Kc_004.wav
/Users/cianan/Documents/College/GitHub/FYP/Data/NorthernIreland/ni_segments/Claire_Hanna_Social_Democratic__Labour_Party_Belfast_South_and_Mid_Down_de5ZlHg10Kc_005.wav,de5ZlHg10Kc,5,120,139,Claire Hanna,Social Democratic & Labour Party,Belfast South and Mid Down ,Galway City,Galway,Connacht,"Claire Hanna MP, Belfast South NI Protocol Bill - Monday 27th June",parliament,,,NI,/Users/cianan/Documents/College/GitHub/FYP/Data/NorthernIreland/ni_segments/Claire_Hanna_Social_Democratic__Labour_Party_Belfast_South_and_Mid_Down_de5ZlHg10Kc_005.wav
/Users/cianan/Documents/College/GitHub/FYP/Data/NorthernIreland/ni_segments/Claire_Hanna_Social_Democratic__Labour_Party_Belfast_South_and_Mid_Down_Wml7M2XqFXg_001.wav,Wml7M2XqFXg,1,8,38,Claire Hanna,Social Democratic & Labour Party,Belfast South and Mid Down ,Galway City,Galway,Connacht,"Claire Hanna on BBC Newsnight election debate, live from Belfast",debate,,"0.08 - 1.24, 1.40 - 2.10, 2.22 - 2.45",NI,/Users/cianan/Documents/College/GitHub/FYP/Data/NorthernIreland/ni_segments/Claire_Hanna_Social_Democratic__Labour_Party_Belfast_South_and_Mid_Down_Wml7M2XqFXg_001.wav
/Users/cianan/Documents/College/GitHub/FYP/Data/NorthernIreland/ni_segments/Claire_Hanna_Social_Democratic__Labour_Party_Belfast_South_and_Mid_Down_Wml7M2XqFXg_002.wav,Wml7M2XqFXg,2,38,68,Claire Hanna,Social Democratic & Labour Party,Belfast South and Mid Down ,Galway City,Galway,Connacht,"Claire Hanna on BBC Newsnight election debate, live from Belfast",debate,,"0.08 - 1.24, 1.40 - 2.10, 2.22 - 2.45",NI,/Users/cianan/Documents/College/GitHub/FYP/Data/NorthernIreland/ni_segments/Claire_Hanna_Social_Democratic__Labour_Party_Belfast_South_and_Mid_Down_Wml7M2XqFXg_002.wav
/Users/cianan/Documents/College/GitHub/FYP/Data/NorthernIreland/ni_segments/Claire_Hanna_Social_Democratic__Labour_Party_Belfast_South_and_Mid_Down_Wml7M2XqFXg_003.wav,Wml7M2XqFXg,3,68,84,Claire Hanna,Social Democratic & Labour Party,Belfast South and Mid Down ,Galway City,Galway,Connacht,"Claire Hanna on BBC Newsnight election debate, live from Belfast",debate,,"0.08 - 1.24, 1.40 - 2.10, 2.22 - 2.45",NI,/Users/cianan/Documents/College/GitHub/FYP/Data/NorthernIreland/ni_segments/Claire_Hanna_Social_Democratic__Labour_Party_Belfast_South_and_Mid_Down_Wml7M2XqFXg_003.wav
/Users/cianan/Documents/College/GitHub/FYP/Data/NorthernIreland/ni_segments/Claire_Hanna_Social_Democratic__Labour_Party_Belfast_South_and_Mid_Down_Wml7M2XqFXg_004.wav,Wml7M2XqFXg,4,100,130,Claire Hanna,Social Democratic & Labour Party,Belfast South and Mid Down ,Galway City,Galway,Connacht,"Claire Hanna on BBC Newsnight election debate, live from Belfast",debate,,"0.08 - 1.24, 1.40 - 2.10, 2.22 - 2.45",NI,/Users/cianan/Documents/College/GitHub/FYP/Data/NorthernIreland/ni_segments/Claire_Hanna_Social_Democratic__Labour_Party_Belfast_South_and_Mid_Down_Wml7M2XqFXg_004.wav
/Users/cianan/Documents/College/GitHub/FYP/Data/NorthernIreland/ni_segments/Claire_Hanna_Social_Democratic__Labour_Party_Belfast_South_and_Mid_Down_Wml7M2XqFXg_005.wav,Wml7M2XqFXg,5,142,165,Claire Hanna,Social Democratic & Labour Party,Belfast South and Mid Down ,Galway City,Galway,Connacht,"Claire Hanna on BBC Newsnight election debate, live from Belfast",debate,,"0.08 - 1.24, 1.40 - 2.10, 2.22 - 2.45",NI,/Users/cianan/Documents/College/GitHub/FYP/Data/NorthernIreland/ni_segments/Claire_Hanna_Social_Democratic__Labour_Party_Belfast_South_and_Mid_Down_Wml7M2XqFXg_005.wav
/Users/cianan/Documents/College/GitHub/FYP/Data/NorthernIreland/ni_segments/Claire_Hanna_Social_Democratic__Labour_Party_Belfast_South_and_Mid_Down_vD9_fbDatQA_001.wav,vD9_fbDatQA,1,0,30,Claire Hanna,Social Democratic & Labour Party,Belfast South and Mid Down ,Galway City,Galway,Connacht,Claire Hanna MP Women’s Rights to Reproductive Healthcare: 28 June 2022,parliament,,,NI,/Users/cianan/Documents/College/GitHub/FYP/Data/NorthernIreland/ni_segments/Claire_Hanna_Social_Democratic__Labour_Party_Belfast_South_and_Mid_Down_vD9_fbDatQA_001.wav
/Users/cianan/Documents/College/GitHub/FYP/Data/NorthernIreland/ni_segments/Claire_Hanna_Social_Democratic__Labour_Party_Belfast_South_and_Mid_Down_vD9_fbDatQA_002.wav,vD9_fbDatQA,2,30,59,Claire Hanna,Social Democratic & Labour Party,Belfast South and Mid Down ,Galway City,Galway,Connacht,Claire Hanna MP Women’s Rights to Reproductive Healthcare: 28 June 2022,parliament,,,NI,/Users/cianan/Documents/College/GitHub/FYP/Data/NorthernIreland/ni_segments/Claire_Hanna_Social_Democratic__Labour_Party_Belfast_South_and_Mid_Down_vD9_fbDatQA_002.wav
/Users/cianan/Documents/College/GitHub/FYP/Data/NorthernIreland/ni_segments/Claire_Hanna_Social_Democratic__Labour_Party_Belfast_South_and_Mid_Down_yx8iq7grAiM_001.wav,yx8iq7grAiM,1,0,30,Claire Hanna,Social Democratic & Labour Party,Belfast South and Mid Down ,Galway City,Galway,Connacht,Wealth Tax - Claire Hanna MP Belfast South,parliament,,,NI,/Users/cianan/Documents/College/GitHub/FYP/Data/NorthernIreland/ni_segments/Claire_Hanna_Social_Democratic__Labour_Party_Belfast_South_and_Mid_Down_yx8iq7grAiM_001.wav
/Users/cianan/Documents/College/GitHub/FYP/Data/NorthernIreland/ni_segments/Claire_Hanna_Social_Democratic__Labour_Party_Belfast_South_and_Mid_Down_yx8iq7grAiM_002.wav,yx8iq7grAiM,2,30,56,Claire Hanna,Social Democratic & Labour Party,Belfast South and Mid Down ,Galway City,Galway,Connacht,Wealth Tax - Claire Hanna MP Belfast South,parliament,,,NI,/Users/cianan/Documents/College/GitHub/FYP/Data/NorthernIreland/ni_segments/Claire_Hanna_Social_Democratic__Labour_Party_Belfast_South_and_Mid_Down_yx8iq7grAiM_002.wav
/Users/cianan/Documents/College/GitHub/FYP/Data/NorthernIreland/ni_segments/Paul_Maskey_Sinn_Fein_Belfast_West_7iIqyh9_My8_001.wav,7iIqyh9_My8,1,0,30,Paul Maskey,Sinn Fein,Belfast West,Belfast City,Antrim,Ulster,Paul Maskey praises the spirit of West Belfast in the face of Coronavirus ,street speech,,,NI,/Users/cianan/Documents/College/GitHub/FYP/Data/NorthernIreland/ni_segments/Paul_Maskey_Sinn_Fein_Belfast_West_7iIqyh9_My8_001.wav
/Users/cianan/Documents/College/GitHub/FYP/Data/NorthernIreland/ni_segments/Paul_Maskey_Sinn_Fein_Belfast_West_7iIqyh9_My8_002.wav,7iIqyh9_My8,2,30,60,Paul Maskey,Sinn Fein,Belfast West,Belfast City,Antrim,Ulster,Paul Maskey praises the spirit of West Belfast in the face of Coronavirus ,street speech,,,NI,/Users/cianan/Documents/College/GitHub/FYP/Data/NorthernIreland/ni_segments/Paul_Maskey_Sinn_Fein_Belfast_West_7iIqyh9_My8_002.wav
/Users/cianan/Documents/College/GitHub/FYP/Data/NorthernIreland/ni_segments/Paul_Maskey_Sinn_Fein_Belfast_West_7iIqyh9_My8_003.wav,7iIqyh9_My8,3,60,90,Paul Maskey,Sinn Fein,Belfast West,Belfast City,Antrim,Ulster,Paul Maskey praises the spirit of West Belfast in the face of Coronavirus ,street speech,,,NI,/Users/cianan/Documents/College/GitHub/FYP/Data/NorthernIreland/ni_segments/Paul_Maskey_Sinn_Fein_Belfast_West_7iIqyh9_My8_003.wav
/Users/cianan/Documents/College/GitHub/FYP/Data/NorthernIreland/ni_segments/Paul_Maskey_Sinn_Fein_Belfast_West_7iIqyh9_My8_004.wav,7iIqyh9_My8,4,90,120,Paul Maskey,Sinn Fein,Belfast West,Belfast City,Antrim,Ulster,Paul Maskey praises the spirit of West Belfast in the face of Coronavirus ,street speech,,,NI,/Users/cianan/Documents/College/GitHub/FYP/Data/NorthernIreland/ni_segments/Paul_Maskey_Sinn_Fein_Belfast_West_7iIqyh9_My8_004.wav
/Users/cianan/Documents/College/GitHub/FYP/Data/NorthernIreland/ni_segments/Paul_Maskey_Sinn_Fein_Belfast_West_7iIqyh9_My8_005.wav,7iIqyh9_My8,5,120,150,Paul Maskey,Sinn Fein,Belfast West,Belfast City,Antrim,Ulster,Paul Maskey praises the spirit of West Belfast in the face of Coronavirus ,street speech,,,NI,/Users/cianan/Documents/College/GitHub/FYP/Data/NorthernIreland/ni_segments/Paul_Maskey_Sinn_Fein_Belfast_West_7iIqyh9_My8_005.wav
/Users/cianan/Documents/College/GitHub/FYP/Data/NorthernIreland/ni_segments/Paul_Maskey_Sinn_Fein_Belfast_West_7iIqyh9_My8_006.wav,7iIqyh9_My8,6,150,168,Paul Maskey,Sinn Fein,Belfast West,Belfast City,Antrim,Ulster,Paul Maskey praises the spirit of West Belfast in the face of Coronavirus ,street speech,,,NI,/Users/cianan/Documents/College/GitHub/FYP/Data/NorthernIreland/ni_segments/Paul_Maskey_Sinn_Fein_Belfast_West_7iIqyh9_My8_006.wav
/Users/cianan/Documents/College/GitHub/FYP/Data/NorthernIreland/ni_segments/Paul_Maskey_Sinn_Fein_Belfast_West_iGLOa7lGKdo_001.wav,iGLOa7lGKdo,1,0,30,Paul Maskey,Sinn Fein,Belfast West,Belfast City,Antrim,Ulster,656 New Homes for West Belfast welcomed by Paul Maskey MP ,street speech,,,NI,/Users/cianan/Documents/College/GitHub/FYP/Data/NorthernIreland/ni_segments/Paul_Maskey_Sinn_Fein_Belfast_West_iGLOa7lGKdo_001.wav
/Users/cianan/Documents/College/GitHub/FYP/Data/NorthernIreland/ni_segments/Paul_Maskey_Sinn_Fein_Belfast_West_iGLOa7lGKdo_002.wav,iGLOa7lGKdo,2,30,56,Paul Maskey,Sinn Fein,Belfast West,Belfast City,Antrim,Ulster,656 New Homes for West Belfast welcomed by Paul Maskey MP ,street speech,,,NI,/Users/cianan/Documents/College/GitHub/FYP/Data/NorthernIreland/ni_segments/Paul_Maskey_Sinn_Fein_Belfast_West_iGLOa7lGKdo_002.wav
/Users/cianan/Documents/College/GitHub/FYP/Data/NorthernIreland/ni_segments/Paul_Maskey_Sinn_Fein_Belfast_West_2jg99J2JiHo_001.wav,2jg99J2JiHo,1,105,135,Paul Maskey,Sinn Fein,Belfast West,Belfast City,Antrim,Ulster,Paul Maskey to defend West Belfast seat,party conference,,"1.45 - 2.19, 2.45 - 3.35",NI,/Users/cianan/Documents/College/GitHub/FYP/Data/NorthernIreland/ni_segments/Paul_Maskey_Sinn_Fein_Belfast_West_2jg99J2JiHo_001.wav
/Users/cianan/Documents/College/GitHub/FYP/Data/NorthernIreland/ni_segments/Paul_Maskey_Sinn_Fein_Belfast_West_2jg99J2JiHo_002.wav,2jg99J2JiHo,2,135,139,Paul Maskey,Sinn Fein,Belfast West,Belfast City,Antrim,Ulster,Paul Maskey to defend West Belfast seat,party conference,,"1.45 - 2.19, 2.45 - 3.35",NI,/Users/cianan/Documents/College/GitHub/FYP/Data/NorthernIreland/ni_segments/Paul_Maskey_Sinn_Fein_Belfast_West_2jg99J2JiHo_002.wav
/Users/cianan/Documents/College/GitHub/FYP/Data/NorthernIreland/ni_segments/Paul_Maskey_Sinn_Fein_Belfast_West_2jg99J2JiHo_003.wav,2jg99J2JiHo,3,165,195,Paul Maskey,Sinn Fein,Belfast West,Belfast City,Antrim,Ulster,Paul Maskey to defend West Belfast seat,party conference,,"1.45 - 2.19, 2.45 - 3.35",NI,/Users/cianan/Documents/College/GitHub/FYP/Data/NorthernIreland/ni_segments/Paul_Maskey_Sinn_Fein_Belfast_West_2jg99J2JiHo_003.wav
/Users/cianan/Documents/College/GitHub/FYP/Data/NorthernIreland/ni_segments/Paul_Maskey_Sinn_Fein_Belfast_West_2jg99J2JiHo_004.wav,2jg99J2JiHo,4,195,215,Paul Maskey,Sinn Fein,Belfast West,Belfast City,Antrim,Ulster,Paul Maskey to defend West Belfast seat,party conference,,"1.45 - 2.19, 2.45 - 3.35",NI,/Users/cianan/Documents/College/GitHub/FYP/Data/NorthernIreland/ni_segments/Paul_Maskey_Sinn_Fein_Belfast_West_2jg99J2JiHo_004.wav
/Users/cianan/Documents/College/GitHub/FYP/Data/NorthernIreland/ni_segments/Paul_Maskey_Sinn_Fein_Belfast_West_Vz3eTy4YEMk_001.wav,Vz3eTy4YEMk,1,0,30,Paul Maskey,Sinn Fein,Belfast West,Belfast City,Antrim,Ulster,"Paul Maskey MLA, Chair of the Public Accounts Committee",promo video,,,NI,/Users/cianan/Documents/College/GitHub/FYP/Data/NorthernIreland/ni_segments/Paul_Maskey_Sinn_Fein_Belfast_West_Vz3eTy4YEMk_001.wav
/Users/cianan/Documents/College/GitHub/FYP/Data/NorthernIreland/ni_segments/Paul_Maskey_Sinn_Fein_Belfast_West_Vz3eTy4YEMk_002.wav,Vz3eTy4YEMk,2,30,60,Paul Maskey,Sinn Fein,Belfast West,Belfast City,Antrim,Ulster,"Paul Maskey MLA, Chair of the Public Accounts Committee",promo video,,,NI,/Users/cianan/Documents/College/GitHub/FYP/Data/NorthernIreland/ni_segments/Paul_Maskey_Sinn_Fein_Belfast_West_Vz3eTy4YEMk_002.wav
/Users/cianan/Documents/College/GitHub/FYP/Data/NorthernIreland/ni_segments/Paul_Maskey_Sinn_Fein_Belfast_West_Vz3eTy4YEMk_003.wav,Vz3eTy4YEMk,3,60,64,Paul Maskey,Sinn Fein,Belfast West,Belfast City,Antrim,Ulster,"Paul Maskey MLA, Chair of the Public Accounts Committee",promo video,,,NI,/Users/cianan/Documents/College/GitHub/FYP/Data/NorthernIreland/ni_segments/Paul_Maskey_Sinn_Fein_Belfast_West_Vz3eTy4YEMk_003.wav
/Users/cianan/Documents/College/GitHub/FYP/Data/NorthernIreland/ni_segments/Sammy_Wilson_Democratic_Unionist_Party_East_Antrim_nO1XWFwuKyk_001.wav,nO1XWFwuKyk,1,0,30,Sammy Wilson,Democratic Unionist Party,East Antrim,Belfast City,Antrim,Ulster,Sammy Wilson MP responds to the Budget announcement,parliament,,"0.00 - 2.23, 2.42 -  3.39, 4.08 - 5.07, 5.25 - 10.51",NI,/Users/cianan/Documents/College/GitHub/FYP/Data/NorthernIreland/ni_segments/Sammy_Wilson_Democratic_Unionist_Party_East_Antrim_nO1XWFwuKyk_001.wav
/Users/cianan/Documents/College/GitHub/FYP/Data/NorthernIreland/ni_segments/Sammy_Wilson_Democratic_Unionist_Party_East_Antrim_nO1XWFwuKyk_002.wav,nO1XWFwuKyk,2,30,60,Sammy Wilson,Democratic Unionist Party,East Antrim,Belfast City,Antrim,Ulster,Sammy Wilson MP responds to the Budget announcement,parliament,,"0.00 - 2.23, 2.42 -  3.39, 4.08 - 5.07, 5.25 - 10.51",NI,/Users/cianan/Documents/College/GitHub/FYP/Data/NorthernIreland/ni_segments/Sammy_Wilson_Democratic_Unionist_Party_East_Antrim_nO1XWFwuKyk_002.wav
/Users/cianan/Documents/College/GitHub/FYP/Data/NorthernIreland/ni_segments/Sammy_Wilson_Democratic_Unionist_Party_East_Antrim_nO1XWFwuKyk_003.wav,nO1XWFwuKyk,3,60,90,Sammy Wilson,Democratic Unionist Party,East Antrim,Belfast City,Antrim,Ulster,Sammy Wilson MP responds to the Budget announcement,parliament,,"0.00 - 2.23, 2.42 -  3.39, 4.08 - 5.07, 5.25 - 10.51",NI,/Users/cianan/Documents/College/GitHub/FYP/Data/NorthernIreland/ni_segments/Sammy_Wilson_Democratic_Unionist_Party_East_Antrim_nO1XWFwuKyk_003.wav
/Users/cianan/Documents/College/GitHub/FYP/Data/NorthernIreland/ni_segments/Sammy_Wilson_Democratic_Unionist_Party_East_Antrim_nO1XWFwuKyk_004.wav,nO1XWFwuKyk,4,90,120,Sammy Wilson,Democratic Unionist Party,East Antrim,Belfast City,Antrim,Ulster,Sammy Wilson MP responds to the Budget announcement,parliament,,"0.00 - 2.23, 2.42 -  3.39, 4.08 - 5.07, 5.25 - 10.51",NI,/Users/cianan/Documents/College/GitHub/FYP/Data/NorthernIreland/ni_segments/Sammy_Wilson_Democratic_Unionist_Party_East_Antrim_nO1XWFwuKyk_004.wav
/Users/cianan/Documents/College/GitHub/FYP/Data/NorthernIreland/ni_segments/Sammy_Wilson_Democratic_Unionist_Party_East_Antrim_nO1XWFwuKyk_005.wav,nO1XWFwuKyk,5,120,143,Sammy Wilson,Democratic Unionist Party,East Antrim,Belfast City,Antrim,Ulster,Sammy Wilson MP responds to the Budget announcement,parliament,,"0.00 - 2.23, 2.42 -  3.39, 4.08 - 5.07, 5.25 - 10.51",NI,/Users/cianan/Documents/College/GitHub/FYP/Data/NorthernIreland/ni_segments/Sammy_Wilson_Democratic_Unionist_Party_East_Antrim_nO1XWFwuKyk_005.wav
/Users/cianan/Documents/College/GitHub/FYP/Data/NorthernIreland/ni_segments/Sammy_Wilson_Democratic_Unionist_Party_East_Antrim_nO1XWFwuKyk_006.wav,nO1XWFwuKyk,6,162,192,Sammy Wilson,Democratic Unionist Party,East Antrim,Belfast City,Antrim,Ulster,Sammy Wilson MP responds to the Budget announcement,parliament,,"0.00 - 2.23, 2.42 -  3.39, 4.08 - 5.07, 5.25 - 10.51",NI,/Users/cianan/Documents/College/GitHub/FYP/Data/NorthernIreland/ni_segments/Sammy_Wilson_Democratic_Unionist_Party_East_Antrim_nO1XWFwuKyk_006.wav
/Users/cianan/Documents/College/GitHub/FYP/Data/NorthernIreland/ni_segments/Sammy_Wilson_Democratic_Unionist_Party_East_Antrim_nO1XWFwuKyk_007.wav,nO1XWFwuKyk,7,192,219,Sammy Wilson,Democratic Unionist Party,East Antrim,Belfast City,Antrim,Ulster,Sammy Wilson MP responds to the Budget announcement,parliament,,"0.00 - 2.23, 2.42 -  3.39, 4.08 - 5.07, 5.25 - 10.51",NI,/Users/cianan/Documents/College/GitHub/FYP/Data/NorthernIreland/ni_segments/Sammy_Wilson_Democratic_Unionist_Party_East_Antrim_nO1XWFwuKyk_007.wav
/Users/cianan/Documents/College/GitHub/FYP/Data/NorthernIreland/ni_segments/Sammy_Wilson_Democratic_Unionist_Party_East_Antrim_nO1XWFwuKyk_008.wav,nO1XWFwuKyk,8,248,278,Sammy Wilson,Democratic Unionist Party,East Antrim,Belfast City,Antrim,Ulster,Sammy Wilson MP responds to the Budget announcement,parliament,,"0.00 - 2.23, 2.42 -  3.39, 4.08 - 5.07, 5.25 - 10.51",NI,/Users/cianan/Documents/College/GitHub/FYP/Data/NorthernIreland/ni_segments/Sammy_Wilson_Democratic_Unionist_Party_East_Antrim_nO1XWFwuKyk_008.wav
/Users/cianan/Documents/College/GitHub/FYP/Data/NorthernIreland/ni_segments/Sammy_Wilson_Democratic_Unionist_Party_East_Antrim_nO1XWFwuKyk_009.wav,nO1XWFwuKyk,9,278,307,Sammy Wilson,Democratic Unionist Party,East Antrim,Belfast City,Antrim,Ulster,Sammy Wilson MP responds to the Budget announcement,parliament,,"0.00 - 2.23, 2.42 -  3.39, 4.08 - 5.07, 5.25 - 10.51",NI,/Users/cianan/Documents/College/GitHub/FYP/Data/NorthernIreland/ni_segments/Sammy_Wilson_Democratic_Unionist_Party_East_Antrim_nO1XWFwuKyk_009.wav
/Users/cianan/Documents/College/GitHub/FYP/Data/NorthernIreland/ni_segments/Sammy_Wilson_Democratic_Unionist_Party_East_Antrim_nO1XWFwuKyk_010.wav,nO1XWFwuKyk,10,325,355,Sammy Wilson,Democratic Unionist Party,East Antrim,Belfast City,Antrim,Ulster,Sammy Wilson MP responds to the Budget announcement,parliament,,"0.00 - 2.23, 2.42 -  3.39, 4.08 - 5.07, 5.25 - 10.51",NI,/Users/cianan/Documents/College/GitHub/FYP/Data/NorthernIreland/ni_segments/Sammy_Wilson_Democratic_Unionist_Party_East_Antrim_nO1XWFwuKyk_010.wav
/Users/cianan/Documents/College/GitHub/FYP/Data/NorthernIreland/ni_segments/Sammy_Wilson_Democratic_Unionist_Party_East_Antrim_nO1XWFwuKyk_011.wav,nO1XWFwuKyk,11,355,385,Sammy Wilson,Democratic Unionist Party,East Antrim,Belfast City,Antrim,Ulster,Sammy Wilson MP responds to the Budget announcement,parliament,,"0.00 - 2.23, 2.42 -  3.39, 4.08 - 5.07, 5.25 - 10.51",NI,/Users/cianan/Documents/College/GitHub/FYP/Data/NorthernIreland/ni_segments/Sammy_Wilson_Democratic_Unionist_Party_East_Antrim_nO1XWFwuKyk_011.wav
/Users/cianan/Documents/College/GitHub/FYP/Data/NorthernIreland/ni_segments/Sammy_Wilson_Democratic_Unionist_Party_East_Antrim_nO1XWFwuKyk_012.wav,nO1XWFwuKyk,12,385,415,Sammy Wilson,Democratic Unionist Party,East Antrim,Belfast City,Antrim,Ulster,Sammy Wilson MP responds to the Budget announcement,parliament,,"0.00 - 2.23, 2.42 -  3.39, 4.08 - 5.07, 5.25 - 10.51",NI,/Users/cianan/Documents/College/GitHub/FYP/Data/NorthernIreland/ni_segments/Sammy_Wilson_Democratic_Unionist_Party_East_Antrim_nO1XWFwuKyk_012.wav
/Users/cianan/Documents/College/GitHub/FYP/Data/NorthernIreland/ni_segments/Sammy_Wilson_Democratic_Unionist_Party_East_Antrim_nO1XWFwuKyk_013.wav,nO1XWFwuKyk,13,415,445,Sammy Wilson,Democratic Unionist Party,East Antrim,Belfast City,Antrim,Ulster,Sammy Wilson MP responds to the Budget announcement,parliament,,"0.00 - 2.23, 2.42 -  3.39, 4.08 - 5.07, 5.25 - 10.51",NI,/Users/cianan/Documents/College/GitHub/FYP/Data/NorthernIreland/ni_segments/Sammy_Wilson_Democratic_Unionist_Party_East_Antrim_nO1XWFwuKyk_013.wav
/Users/cianan/Documents/College/GitHub/FYP/Data/NorthernIreland/ni_segments/Sammy_Wilson_Democratic_Unionist_Party_East_Antrim_nO1XWFwuKyk_014.wav,nO1XWFwuKyk,14,445,475,Sammy Wilson,Democratic Unionist Party,East Antrim,Belfast City,Antrim,Ulster,Sammy Wilson MP responds to the Budget announcement,parliament,,"0.00 - 2.23, 2.42 -  3.39, 4.08 - 5.07, 5.25 - 10.51",NI,/Users/cianan/Documents/College/GitHub/FYP/Data/NorthernIreland/ni_segments/Sammy_Wilson_Democratic_Unionist_Party_East_Antrim_nO1XWFwuKyk_014.wav
/Users/cianan/Documents/College/GitHub/FYP/Data/NorthernIreland/ni_segments/Sammy_Wilson_Democratic_Unionist_Party_East_Antrim_nO1XWFwuKyk_015.wav,nO1XWFwuKyk,15,475,505,Sammy Wilson,Democratic Unionist Party,East Antrim,Belfast City,Antrim,Ulster,Sammy Wilson MP responds to the Budget announcement,parliament,,"0.00 - 2.23, 2.42 -  3.39, 4.08 - 5.07, 5.25 - 10.51",NI,/Users/cianan/Documents/College/GitHub/FYP/Data/NorthernIreland/ni_segments/Sammy_Wilson_Democratic_Unionist_Party_East_Antrim_nO1XWFwuKyk_015.wav
/Users/cianan/Documents/College/GitHub/FYP/Data/NorthernIreland/ni_segments/Sammy_Wilson_Democratic_Unionist_Party_East_Antrim_nO1XWFwuKyk_016.wav,nO1XWFwuKyk,16,505,535,Sammy Wilson,Democratic Unionist Party,East Antrim,Belfast City,Antrim,Ulster,Sammy Wilson MP responds to the Budget announcement,parliament,,"0.00 - 2.23, 2.42 -  3.39, 4.08 - 5.07, 5.25 - 10.51",NI,/Users/cianan/Documents/College/GitHub/FYP/Data/NorthernIreland/ni_segments/Sammy_Wilson_Democratic_Unionist_Party_East_Antrim_nO1XWFwuKyk_016.wav
/Users/cianan/Documents/College/GitHub/FYP/Data/NorthernIreland/ni_segments/Sammy_Wilson_Democratic_Unionist_Party_East_Antrim_nO1XWFwuKyk_017.wav,nO1XWFwuKyk,17,535,565,Sammy Wilson,Democratic Unionist Party,East Antrim,Belfast City,Antrim,Ulster,Sammy Wilson MP responds to the Budget announcement,parliament,,"0.00 - 2.23, 2.42 -  3.39, 4.08 - 5.07, 5.25 - 10.51",NI,/Users/cianan/Documents/College/GitHub/FYP/Data/NorthernIreland/ni_segments/Sammy_Wilson_Democratic_Unionist_Party_East_Antrim_nO1XWFwuKyk_017.wav
/Users/cianan/Documents/College/GitHub/FYP/Data/NorthernIreland/ni_segments/Sammy_Wilson_Democratic_Unionist_Party_East_Antrim_nO1XWFwuKyk_018.wav,nO1XWFwuKyk,18,565,595,Sammy Wilson,Democratic Unionist Party,East Antrim,Belfast City,Antrim,Ulster,Sammy Wilson MP responds to the Budget announcement,parliament,,"0.00 - 2.23, 2.42 -  3.39, 4.08 - 5.07, 5.25 - 10.51",NI,/Users/cianan/Documents/College/GitHub/FYP/Data/NorthernIreland/ni_segments/Sammy_Wilson_Democratic_Unionist_Party_East_Antrim_nO1XWFwuKyk_018.wav
/Users/cianan/Documents/College/GitHub/FYP/Data/NorthernIreland/ni_segments/Sammy_Wilson_Democratic_Unionist_Party_East_Antrim_nO1XWFwuKyk_019.wav,nO1XWFwuKyk,19,595,625,Sammy Wilson,Democratic Unionist Party,East Antrim,Belfast City,Antrim,Ulster,Sammy Wilson MP responds to the Budget announcement,parliament,,"0.00 - 2.23, 2.42 -  3.39, 4.08 - 5.07, 5.25 - 10.51",NI,/Users/cianan/Documents/College/GitHub/FYP/Data/NorthernIreland/ni_segments/Sammy_Wilson_Democratic_Unionist_Party_East_Antrim_nO1XWFwuKyk_019.wav
/Users/cianan/Documents/College/GitHub/FYP/Data/NorthernIreland/ni_segments/Sammy_Wilson_Democratic_Unionist_Party_East_Antrim_nO1XWFwuKyk_020.wav,nO1XWFwuKyk,20,625,651,Sammy Wilson,Democratic Unionist Party,East Antrim,Belfast City,Antrim,Ulster,Sammy Wilson MP responds to the Budget announcement,parliament,,"0.00 - 2.23, 2.42 -  3.39, 4.08 - 5.07, 5.25 - 10.51",NI,/Users/cianan/Documents/College/GitHub/FYP/Data/NorthernIreland/ni_segments/Sammy_Wilson_Democratic_Unionist_Party_East_Antrim_nO1XWFwuKyk_020.wav
/Users/cianan/Documents/College/GitHub/FYP/Data/NorthernIreland/ni_segments/Sammy_Wilson_Democratic_Unionist_Party_East_Antrim_Xzr2x2ImYd4_001.wav,Xzr2x2ImYd4,1,0,30,Sammy Wilson,Democratic Unionist Party,East Antrim,Belfast City,Antrim,Ulster,Sammy Wilson MP questions Cabinet Minister Michael Gove on the NI Protocol and sovereignty,parliament,,"0.00 - 1.00, ",NI,/Users/cianan/Documents/College/GitHub/FYP/Data/NorthernIreland/ni_segments/Sammy_Wilson_Democratic_Unionist_Party_East_Antrim_Xzr2x2ImYd4_001.wav
/Users/cianan/Documents/College/GitHub/FYP/Data/NorthernIreland/ni_segments/Sammy_Wilson_Democratic_Unionist_Party_East_Antrim_Xzr2x2ImYd4_002.wav,Xzr2x2ImYd4,2,30,60,Sammy Wilson,Democratic Unionist Party,East Antrim,Belfast City,Antrim,Ulster,Sammy Wilson MP questions Cabinet Minister Michael Gove on the NI Protocol and sovereignty,parliament,,"0.00 - 1.00, ",NI,/Users/cianan/Documents/College/GitHub/FYP/Data/NorthernIreland/ni_segments/Sammy_Wilson_Democratic_Unionist_Party_East_Antrim_Xzr2x2ImYd4_002.wav
/Users/cianan/Documents/College/GitHub/FYP/Data/NorthernIreland/ni_segments/Sammy_Wilson_Democratic_Unionist_Party_East_Antrim_BW3oRHzpzCo_001.wav,BW3oRHzpzCo,1,2,32,Sammy Wilson,Democratic Unionist Party,East Antrim,Belfast City,Antrim,Ulster,130 Sammy Wilson MP - 29 March 2019 - UK Parliament times,parliament,,0.02 - 3.11,NI,/Users/cianan/Documents/College/GitHub/FYP/Data/NorthernIreland/ni_segments/Sammy_Wilson_Democratic_Unionist_Party_East_Antrim_BW3oRHzpzCo_001.wav
/Users/cianan/Documents/College/GitHub/FYP/Data/NorthernIreland/ni_segments/Sammy_Wilson_Democratic_Unionist_Party_East_Antrim_BW3oRHzpzCo_002.wav,BW3oRHzpzCo,2,32,62,Sammy Wilson,Democratic Unionist Party,East Antrim,Belfast City,Antrim,Ulster,130 Sammy Wilson MP - 29 March 2019 - UK Parliament times,parliament,,0.02 - 3.11,NI,/Users/cianan/Documents/College/GitHub/FYP/Data/NorthernIreland/ni_segments/Sammy_Wilson_Democratic_Unionist_Party_East_Antrim_BW3oRHzpzCo_002.wav
/Users/cianan/Documents/College/GitHub/FYP/Data/NorthernIreland/ni_segments/Sammy_Wilson_Democratic_Unionist_Party_East_Antrim_BW3oRHzpzCo_003.wav,BW3oRHzpzCo,3,62,92,Sammy Wilson,Democratic Unionist Party,East Antrim,Belfast City,Antrim,Ulster,130 Sammy Wilson MP - 29 March 2019 - UK Parliament times,parliament,,0.02 - 3.11,NI,/Users/cianan/Documents/College/GitHub/FYP/Data/NorthernIreland/ni_segments/Sammy_Wilson_Democratic_Unionist_Party_East_Antrim_BW3oRHzpzCo_003.wav
/Users/cianan/Documents/College/GitHub/FYP/Data/NorthernIreland/ni_segments/Sammy_Wilson_Democratic_Unionist_Party_East_Antrim_BW3oRHzpzCo_004.wav,BW3oRHzpzCo,4,92,122,Sammy Wilson,Democratic Unionist Party,East Antrim,Belfast City,Antrim,Ulster,130 Sammy Wilson MP - 29 March 2019 - UK Parliament times,parliament,,0.02 - 3.11,NI,/Users/cianan/Documents/College/GitHub/FYP/Data/NorthernIreland/ni_segments/Sammy_Wilson_Democratic_Unionist_Party_East_Antrim_BW3oRHzpzCo_004.wav
/Users/cianan/Documents/College/GitHub/FYP/Data/NorthernIreland/ni_segments/Sammy_Wilson_Democratic_Unionist_Party_East_Antrim_BW3oRHzpzCo_005.wav,BW3oRHzpzCo,5,122,152,Sammy Wilson,Democratic Unionist Party,East Antrim,Belfast City,Antrim,Ulster,130 Sammy Wilson MP - 29 March 2019 - UK Parliament times,parliament,,0.02 - 3.11,NI,/Users/cianan/Documents/College/GitHub/FYP/Data/NorthernIreland/ni_segments/Sammy_Wilson_Democratic_Unionist_Party_East_Antrim_BW3oRHzpzCo_005.wav
/Users/cianan/Documents/College/GitHub/FYP/Data/NorthernIreland/ni_segments/Sammy_Wilson_Democratic_Unionist_Party_East_Antrim_BW3oRHzpzCo_006.wav,BW3oRHzpzCo,6,152,182,Sammy Wilson,Democratic Unionist Party,East Antrim,Belfast City,Antrim,Ulster,130 Sammy Wilson MP - 29 March 2019 - UK Parliament times,parliament,,0.02 - 3.11,NI,/Users/cianan/Documents/College/GitHub/FYP/Data/NorthernIreland/ni_segments/Sammy_Wilson_Democratic_Unionist_Party_East_Antrim_BW3oRHzpzCo_006.wav
/Users/cianan/Documents/College/GitHub/FYP/Data/NorthernIreland/ni_segments/Sammy_Wilson_Democratic_Unionist_Party_East_Antrim_BW3oRHzpzCo_007.wav,BW3oRHzpzCo,7,182,191,Sammy Wilson,Democratic Unionist Party,East Antrim,Belfast City,Antrim,Ulster,130 Sammy Wilson MP - 29 March 2019 - UK Parliament times,parliament,,0.02 - 3.11,NI,/Users/cianan/Documents/College/GitHub/FYP/Data/NorthernIreland/ni_segments/Sammy_Wilson_Democratic_Unionist_Party_East_Antrim_BW3oRHzpzCo_007.wav
/Users/cianan/Documents/College/GitHub/FYP/Data/NorthernIreland/ni_segments/Sammy_Wilson_Democratic_Unionist_Party_East_Antrim_W2Nw9WFGT2g_001.wav,W2Nw9WFGT2g,1,0,30,Sammy Wilson,Democratic Unionist Party,East Antrim,Belfast City,Antrim,Ulster,Sammy Wilson MP at the European Council Statement,parliament,,"0.00 - 1.00,",NI,/Users/cianan/Documents/College/GitHub/FYP/Data/NorthernIreland/ni_segments/Sammy_Wilson_Democratic_Unionist_Party_East_Antrim_W2Nw9WFGT2g_001.wav
/Users/cianan/Documents/College/GitHub/FYP/Data/NorthernIreland/ni_segments/Sammy_Wilson_Democratic_Unionist_Party_East_Antrim_W2Nw9WFGT2g_002.wav,W2Nw9WFGT2g,2,30,60,Sammy Wilson,Democratic Unionist Party,East Antrim,Belfast City,Antrim,Ulster,Sammy Wilson MP at the European Council Statement,parliament,,"0.00 - 1.00,",NI,/Users/cianan/Documents/College/GitHub/FYP/Data/NorthernIreland/ni_segments/Sammy_Wilson_Democratic_Unionist_Party_East_Antrim_W2Nw9WFGT2g_002.wav
/Users/cianan/Documents/College/GitHub/FYP/Data/NorthernIreland/ni_segments/Sammy_Wilson_Democratic_Unionist_Party_East_Antrim_YSAS2_jZJro_001.wav,YSAS2_jZJro,1,0,30,Sammy Wilson,Democratic Unionist Party,East Antrim,Belfast City,Antrim,Ulster,136 Sammy Wilson MP - 29 March 2019 - UK Parliament times,parliament,,,NI,/Users/cianan/Documents/College/GitHub/FYP/Data/NorthernIreland/ni_segments/Sammy_Wilson_Democratic_Unionist_Party_East_Antrim_YSAS2_jZJro_001.wav
/Users/cianan/Documents/College/GitHub/FYP/Data/NorthernIreland/ni_segments/Sammy_Wilson_Democratic_Unionist_Party_East_Antrim_YSAS2_jZJro_002.wav,YSAS2_jZJro,2,30,60,Sammy Wilson,Democratic Unionist Party,East Antrim,Belfast City,Antrim,Ulster,136 Sammy Wilson MP - 29 March 2019 - UK Parliament times,parliament,,,NI,/Users/cianan/Documents/College/GitHub/FYP/Data/NorthernIreland/ni_segments/Sammy_Wilson_Democratic_Unionist_Party_East_Antrim_YSAS2_jZJro_002.wav
/Users/cianan/Documents/College/GitHub/FYP/Data/NorthernIreland/ni_segments/Sammy_Wilson_Democratic_Unionist_Party_East_Antrim_YSAS2_jZJro_003.wav,YSAS2_jZJro,3,60,90,Sammy Wilson,Democratic Unionist Party,East Antrim,Belfast City,Antrim,Ulster,136 Sammy Wilson MP - 29 March 2019 - UK Parliament times,parliament,,,NI,/Users/cianan/Documents/College/GitHub/FYP/Data/NorthernIreland/ni_segments/Sammy_Wilson_Democratic_Unionist_Party_East_Antrim_YSAS2_jZJro_003.wav
/Users/cianan/Documents/College/GitHub/FYP/Data/NorthernIreland/ni_segments/Sammy_Wilson_Democratic_Unionist_Party_East_Antrim_YSAS2_jZJro_004.wav,YSAS2_jZJro,4,90,120,Sammy Wilson,Democratic Unionist Party,East Antrim,Belfast City,Antrim,Ulster,136 Sammy Wilson MP - 29 March 2019 - UK Parliament times,parliament,,,NI,/Users/cianan/Documents/College/GitHub/FYP/Data/NorthernIreland/ni_segments/Sammy_Wilson_Democratic_Unionist_Party_East_Antrim_YSAS2_jZJro_004.wav
/Users/cianan/Documents/College/GitHub/FYP/Data/NorthernIreland/ni_segments/Sammy_Wilson_Democratic_Unionist_Party_East_Antrim_YSAS2_jZJro_005.wav,YSAS2_jZJro,5,120,150,Sammy Wilson,Democratic Unionist Party,East Antrim,Belfast City,Antrim,Ulster,136 Sammy Wilson MP - 29 March 2019 - UK Parliament times,parliament,,,NI,/Users/cianan/Documents/College/GitHub/FYP/Data/NorthernIreland/ni_segments/Sammy_Wilson_Democratic_Unionist_Party_East_Antrim_YSAS2_jZJro_005.wav
/Users/cianan/Documents/College/GitHub/FYP/Data/NorthernIreland/ni_segments/Sammy_Wilson_Democratic_Unionist_Party_East_Antrim_YSAS2_jZJro_006.wav,YSAS2_jZJro,6,150,180,Sammy Wilson,Democratic Unionist Party,East Antrim,Belfast City,Antrim,Ulster,136 Sammy Wilson MP - 29 March 2019 - UK Parliament times,parliament,,,NI,/Users/cianan/Documents/College/GitHub/FYP/Data/NorthernIreland/ni_segments/Sammy_Wilson_Democratic_Unionist_Party_East_Antrim_YSAS2_jZJro_006.wav
/Users/cianan/Documents/College/GitHub/FYP/Data/NorthernIreland/ni_segments/Sammy_Wilson_Democratic_Unionist_Party_East_Antrim_YSAS2_jZJro_007.wav,YSAS2_jZJro,7,180,193,Sammy Wilson,Democratic Unionist Party,East Antrim,Belfast City,Antrim,Ulster,136 Sammy Wilson MP - 29 March 2019 - UK Parliament times,parliament,,,NI,/Users/cianan/Documents/College/GitHub/FYP/Data/NorthernIreland/ni_segments/Sammy_Wilson_Democratic_Unionist_Party_East_Antrim_YSAS2_jZJro_007.wav
/Users/cianan/Documents/College/GitHub/FYP/Data/NorthernIreland/ni_segments/Gregory_Campbell_Democratic_Unionist_Party_East_Londonderry_ys8uy2V1uIY_001.wav,ys8uy2V1uIY,1,0,28,Gregory Campbell,Democratic Unionist Party,East Londonderry,Waterside,Derry,Ulster,Gregory Campbell MP says Unionist communities resent the Protocol,video call parliament,,0.00 - 0.28,NI,/Users/cianan/Documents/College/GitHub/FYP/Data/NorthernIreland/ni_segments/Gregory_Campbell_Democratic_Unionist_Party_East_Londonderry_ys8uy2V1uIY_001.wav
/Users/cianan/Documents/College/GitHub/FYP/Data/NorthernIreland/ni_segments/Gregory_Campbell_Democratic_Unionist_Party_East_Londonderry_vNKDDk4ugGE_001.wav,vNKDDk4ugGE,1,4,34,Gregory Campbell,Democratic Unionist Party,East Londonderry,Waterside,Derry,Ulster,Gregory Campbell - Northern Ireland Stands in Solidarity with Brussels,parliament,,0.04-0.46,NI,/Users/cianan/Documents/College/GitHub/FYP/Data/NorthernIreland/ni_segments/Gregory_Campbell_Democratic_Unionist_Party_East_Londonderry_vNKDDk4ugGE_001.wav
/Users/cianan/Documents/College/GitHub/FYP/Data/NorthernIreland/ni_segments/Gregory_Campbell_Democratic_Unionist_Party_East_Londonderry_vNKDDk4ugGE_002.wav,vNKDDk4ugGE,2,34,46,Gregory Campbell,Democratic Unionist Party,East Londonderry,Waterside,Derry,Ulster,Gregory Campbell - Northern Ireland Stands in Solidarity with Brussels,parliament,,0.04-0.46,NI,/Users/cianan/Documents/College/GitHub/FYP/Data/NorthernIreland/ni_segments/Gregory_Campbell_Democratic_Unionist_Party_East_Londonderry_vNKDDk4ugGE_002.wav
/Users/cianan/Documents/College/GitHub/FYP/Data/NorthernIreland/ni_segments/Gregory_Campbell_Democratic_Unionist_Party_East_Londonderry_uo1HFZGW-J0_001.wav,uo1HFZGW-J0,1,0,30,Gregory Campbell,Democratic Unionist Party,East Londonderry,Waterside,Derry,Ulster,Gregory Campbell MP calls for reform of the BBC ,video call parliament,,,NI,/Users/cianan/Documents/College/GitHub/FYP/Data/NorthernIreland/ni_segments/Gregory_Campbell_Democratic_Unionist_Party_East_Londonderry_uo1HFZGW-J0_001.wav
/Users/cianan/Documents/College/GitHub/FYP/Data/NorthernIreland/ni_segments/Gregory_Campbell_Democratic_Unionist_Party_East_Londonderry_uo1HFZGW-J0_002.wav,uo1HFZGW-J0,2,30,60,Gregory Campbell,Democratic Unionist Party,East Londonderry,Waterside,Derry,Ulster,Gregory Campbell MP calls for reform of the BBC ,video call parliament,,,NI,/Users/cianan/Documents/College/GitHub/FYP/Data/NorthernIreland/ni_segments/Gregory_Campbell_Democratic_Unionist_Party_East_Londonderry_uo1HFZGW-J0_002.wav
/Users/cianan/Documents/College/GitHub/FYP/Data/NorthernIreland/ni_segments/Gregory_Campbell_Democratic_Unionist_Party_East_Londonderry_uo1HFZGW-J0_003.wav,uo1HFZGW-J0,3,60,90,Gregory Campbell,Democratic Unionist Party,East Londonderry,Waterside,Derry,Ulster,Gregory Campbell MP calls for reform of the BBC ,video call parliament,,,NI,/Users/cianan/Documents/College/GitHub/FYP/Data/NorthernIreland/ni_segments/Gregory_Campbell_Democratic_Unionist_Party_East_Londonderry_uo1HFZGW-J0_003.wav
/Users/cianan/Documents/College/GitHub/FYP/Data/NorthernIreland/ni_segments/Gregory_Campbell_Democratic_Unionist_Party_East_Londonderry_uo1HFZGW-J0_004.wav,uo1HFZGW-J0,4,90,120,Gregory Campbell,Democratic Unionist Party,East Londonderry,Waterside,Derry,Ulster,Gregory Campbell MP calls for reform of the BBC ,video call parliament,,,NI,/Users/cianan/Documents/College/GitHub/FYP/Data/NorthernIreland/ni_segments/Gregory_Campbell_Democratic_Unionist_Party_East_Londonderry_uo1HFZGW-J0_004.wav
/Users/cianan/Documents/College/GitHub/FYP/Data/NorthernIreland/ni_segments/Gregory_Campbell_Democratic_Unionist_Party_East_Londonderry_uo1HFZGW-J0_005.wav,uo1HFZGW-J0,5,120,150,Gregory Campbell,Democratic Unionist Party,East Londonderry,Waterside,Derry,Ulster,Gregory Campbell MP calls for reform of the BBC ,video call parliament,,,NI,/Users/cianan/Documents/College/GitHub/FYP/Data/NorthernIreland/ni_segments/Gregory_Campbell_Democratic_Unionist_Party_East_Londonderry_uo1HFZGW-J0_005.wav
/Users/cianan/Documents/College/GitHub/FYP/Data/NorthernIreland/ni_segments/Gregory_Campbell_Democratic_Unionist_Party_East_Londonderry_uo1HFZGW-J0_006.wav,uo1HFZGW-J0,6,150,163,Gregory Campbell,Democratic Unionist Party,East Londonderry,Waterside,Derry,Ulster,Gregory Campbell MP calls for reform of the BBC ,video call parliament,,,NI,/Users/cianan/Documents/College/GitHub/FYP/Data/NorthernIreland/ni_segments/Gregory_Campbell_Democratic_Unionist_Party_East_Londonderry_uo1HFZGW-J0_006.wav
/Users/cianan/Documents/College/GitHub/FYP/Data/NorthernIreland/ni_segments/Gregory_Campbell_Democratic_Unionist_Party_East_Londonderry_fTL27ozwKF4_001.wav,fTL27ozwKF4,1,0,30,Gregory Campbell,Democratic Unionist Party,East Londonderry,Waterside,Derry,Ulster,Gregory Campbell MP calls for radical fundamental change at the BBC,video call parliament,,0.00 - 0.41,NI,/Users/cianan/Documents/College/GitHub/FYP/Data/NorthernIreland/ni_segments/Gregory_Campbell_Democratic_Unionist_Party_East_Londonderry_fTL27ozwKF4_001.wav
/Users/cianan/Documents/College/GitHub/FYP/Data/NorthernIreland/ni_segments/Gregory_Campbell_Democratic_Unionist_Party_East_Londonderry_fTL27ozwKF4_002.wav,fTL27ozwKF4,2,30,41,Gregory Campbell,Democratic Unionist Party,East Londonderry,Waterside,Derry,Ulster,Gregory Campbell MP calls for radical fundamental change at the BBC,video call parliament,,0.00 - 0.41,NI,/Users/cianan/Documents/College/GitHub/FYP/Data/NorthernIreland/ni_segments/Gregory_Campbell_Democratic_Unionist_Party_East_Londonderry_fTL27ozwKF4_002.wav
/Users/cianan/Documents/College/GitHub/FYP/Data/NorthernIreland/ni_segments/Gregory_Campbell_Democratic_Unionist_Party_East_Londonderry_ckcxOKcC-9U_001.wav,ckcxOKcC-9U,1,0,30,Gregory Campbell,Democratic Unionist Party,East Londonderry,Waterside,Derry,Ulster,Gregory Campbell MP reacts to Government's decision against a public inquiry into Finucane's murder,parliament,,0.00 - 0.45,NI,/Users/cianan/Documents/College/GitHub/FYP/Data/NorthernIreland/ni_segments/Gregory_Campbell_Democratic_Unionist_Party_East_Londonderry_ckcxOKcC-9U_001.wav
/Users/cianan/Documents/College/GitHub/FYP/Data/NorthernIreland/ni_segments/Gregory_Campbell_Democratic_Unionist_Party_East_Londonderry_ckcxOKcC-9U_002.wav,ckcxOKcC-9U,2,30,45,Gregory Campbell,Democratic Unionist Party,East Londonderry,Waterside,Derry,Ulster,Gregory Campbell MP reacts to Government's decision against a public inquiry into Finucane's murder,parliament,,0.00 - 0.45,NI,/Users/cianan/Documents/College/GitHub/FYP/Data/NorthernIreland/ni_segments/Gregory_Campbell_Democratic_Unionist_Party_East_Londonderry_ckcxOKcC-9U_002.wav
/Users/cianan/Documents/College/GitHub/FYP/Data/NorthernIreland/ni_segments/Pat_Cullen_Sinn_Fein_Fermanagh_and_South_Tyrone_leGc7cbvc-o_001.wav,leGc7cbvc-o,1,0,30,Pat Cullen,Sinn Fein,Fermanagh and South Tyrone,Carrickmore,Tyrone,Ulster, Pat Cullen's message on the eve of #RCNStrike action | Royal College of Nursing ,promo video,,,NI,/Users/cianan/Documents/College/GitHub/FYP/Data/NorthernIreland/ni_segments/Pat_Cullen_Sinn_Fein_Fermanagh_and_South_Tyrone_leGc7cbvc-o_001.wav
/Users/cianan/Documents/College/GitHub/FYP/Data/NorthernIreland/ni_segments/Pat_Cullen_Sinn_Fein_Fermanagh_and_South_Tyrone_leGc7cbvc-o_002.wav,leGc7cbvc-o,2,30,60,Pat Cullen,Sinn Fein,Fermanagh and South Tyrone,Carrickmore,Tyrone,Ulster, Pat Cullen's message on the eve of #RCNStrike action | Royal College of Nursing ,promo video,,,NI,/Users/cianan/Documents/College/GitHub/FYP/Data/NorthernIreland/ni_segments/Pat_Cullen_Sinn_Fein_Fermanagh_and_South_Tyrone_leGc7cbvc-o_002.wav
/Users/cianan/Documents/College/GitHub/FYP/Data/NorthernIreland/ni_segments/Pat_Cullen_Sinn_Fein_Fermanagh_and_South_Tyrone_leGc7cbvc-o_003.wav,leGc7cbvc-o,3,60,90,Pat Cullen,Sinn Fein,Fermanagh and South Tyrone,Carrickmore,Tyrone,Ulster, Pat Cullen's message on the eve of #RCNStrike action | Royal College of Nursing ,promo video,,,NI,/Users/cianan/Documents/College/GitHub/FYP/Data/NorthernIreland/ni_segments/Pat_Cullen_Sinn_Fein_Fermanagh_and_South_Tyrone_leGc7cbvc-o_003.wav
/Users/cianan/Documents/College/GitHub/FYP/Data/NorthernIreland/ni_segments/Pat_Cullen_Sinn_Fein_Fermanagh_and_South_Tyrone_leGc7cbvc-o_004.wav,leGc7cbvc-o,4,90,120,Pat Cullen,Sinn Fein,Fermanagh and South Tyrone,Carrickmore,Tyrone,Ulster, Pat Cullen's message on the eve of #RCNStrike action | Royal College of Nursing ,promo video,,,NI,/Users/cianan/Documents/College/GitHub/FYP/Data/NorthernIreland/ni_segments/Pat_Cullen_Sinn_Fein_Fermanagh_and_South_Tyrone_leGc7cbvc-o_004.wav
/Users/cianan/Documents/College/GitHub/FYP/Data/NorthernIreland/ni_segments/Pat_Cullen_Sinn_Fein_Fermanagh_and_South_Tyrone_leGc7cbvc-o_005.wav,leGc7cbvc-o,5,120,130,Pat Cullen,Sinn Fein,Fermanagh and South Tyrone,Carrickmore,Tyrone,Ulster, Pat Cullen's message on the eve of #RCNStrike action | Royal College of Nursing ,promo video,,,NI,/Users/cianan/Documents/College/GitHub/FYP/Data/NorthernIreland/ni_segments/Pat_Cullen_Sinn_Fein_Fermanagh_and_South_Tyrone_leGc7cbvc-o_005.wav
/Users/cianan/Documents/College/GitHub/FYP/Data/NorthernIreland/ni_segments/Pat_Cullen_Sinn_Fein_Fermanagh_and_South_Tyrone_EPAbG5ohP70_001.wav,EPAbG5ohP70,1,0,15,Pat Cullen,Sinn Fein,Fermanagh and South Tyrone,Carrickmore,Tyrone,Ulster,Pat Cullen,party conference,,"0.00-0.15, 0.20-1.00",NI,/Users/cianan/Documents/College/GitHub/FYP/Data/NorthernIreland/ni_segments/Pat_Cullen_Sinn_Fein_Fermanagh_and_South_Tyrone_EPAbG5ohP70_001.wav
/Users/cianan/Documents/College/GitHub/FYP/Data/NorthernIreland/ni_segments/Pat_Cullen_Sinn_Fein_Fermanagh_and_South_Tyrone_EPAbG5ohP70_002.wav,EPAbG5ohP70,2,20,50,Pat Cullen,Sinn Fein,Fermanagh and South Tyrone,Carrickmore,Tyrone,Ulster,Pat Cullen,party conference,,"0.00-0.15, 0.20-1.00",NI,/Users/cianan/Documents/College/GitHub/FYP/Data/NorthernIreland/ni_segments/Pat_Cullen_Sinn_Fein_Fermanagh_and_South_Tyrone_EPAbG5ohP70_002.wav
/Users/cianan/Documents/College/GitHub/FYP/Data/NorthernIreland/ni_segments/Pat_Cullen_Sinn_Fein_Fermanagh_and_South_Tyrone_EPAbG5ohP70_003.wav,EPAbG5ohP70,3,50,60,Pat Cullen,Sinn Fein,Fermanagh and South Tyrone,Carrickmore,Tyrone,Ulster,Pat Cullen,party conference,,"0.00-0.15, 0.20-1.00",NI,/Users/cianan/Documents/College/GitHub/FYP/Data/NorthernIreland/ni_segments/Pat_Cullen_Sinn_Fein_Fermanagh_and_South_Tyrone_EPAbG5ohP70_003.wav
/Users/cianan/Documents/College/GitHub/FYP/Data/NorthernIreland/ni_segments/Pat_Cullen_Sinn_Fein_Fermanagh_and_South_Tyrone_EfzlKWxUblo_001.wav,EfzlKWxUblo,1,4,34,Pat Cullen,Sinn Fein,Fermanagh and South Tyrone,Carrickmore,Tyrone,Ulster,Pat Cullen's message on RCN Scotland pay ballot outcome | Royal College of Nursing,promo video,,0.04 - 1.05,NI,/Users/cianan/Documents/College/GitHub/FYP/Data/NorthernIreland/ni_segments/Pat_Cullen_Sinn_Fein_Fermanagh_and_South_Tyrone_EfzlKWxUblo_001.wav
/Users/cianan/Documents/College/GitHub/FYP/Data/NorthernIreland/ni_segments/Pat_Cullen_Sinn_Fein_Fermanagh_and_South_Tyrone_EfzlKWxUblo_002.wav,EfzlKWxUblo,2,34,64,Pat Cullen,Sinn Fein,Fermanagh and South Tyrone,Carrickmore,Tyrone,Ulster,Pat Cullen's message on RCN Scotland pay ballot outcome | Royal College of Nursing,promo video,,0.04 - 1.05,NI,/Users/cianan/Documents/College/GitHub/FYP/Data/NorthernIreland/ni_segments/Pat_Cullen_Sinn_Fein_Fermanagh_and_South_Tyrone_EfzlKWxUblo_002.wav
/Users/cianan/Documents/College/GitHub/FYP/Data/NorthernIreland/ni_segments/Pat_Cullen_Sinn_Fein_Fermanagh_and_South_Tyrone_EfzlKWxUblo_003.wav,EfzlKWxUblo,3,64,65,Pat Cullen,Sinn Fein,Fermanagh and South Tyrone,Carrickmore,Tyrone,Ulster,Pat Cullen's message on RCN Scotland pay ballot outcome | Royal College of Nursing,promo video,,0.04 - 1.05,NI,/Users/cianan/Documents/College/GitHub/FYP/Data/NorthernIreland/ni_segments/Pat_Cullen_Sinn_Fein_Fermanagh_and_South_Tyrone_EfzlKWxUblo_003.wav
/Users/cianan/Documents/College/GitHub/FYP/Data/NorthernIreland/ni_segments/Colum_Eastwood_Social_Democratic__Labour_Party_Foyle_6x4CgZajaAQ_001.wav,6x4CgZajaAQ,1,0,30,Colum Eastwood,Social Democratic & Labour Party,Foyle,Derry City,Derry,Ulster,Colum Eastwood MP sets the record straight on legacy,parliament,,"0.00 - 4.40, 4.45 - 7.20",NI,/Users/cianan/Documents/College/GitHub/FYP/Data/NorthernIreland/ni_segments/Colum_Eastwood_Social_Democratic__Labour_Party_Foyle_6x4CgZajaAQ_001.wav
/Users/cianan/Documents/College/GitHub/FYP/Data/NorthernIreland/ni_segments/Colum_Eastwood_Social_Democratic__Labour_Party_Foyle_6x4CgZajaAQ_002.wav,6x4CgZajaAQ,2,30,60,Colum Eastwood,Social Democratic & Labour Party,Foyle,Derry City,Derry,Ulster,Colum Eastwood MP sets the record straight on legacy,parliament,,"0.00 - 4.40, 4.45 - 7.20",NI,/Users/cianan/Documents/College/GitHub/FYP/Data/NorthernIreland/ni_segments/Colum_Eastwood_Social_Democratic__Labour_Party_Foyle_6x4CgZajaAQ_002.wav
/Users/cianan/Documents/College/GitHub/FYP/Data/NorthernIreland/ni_segments/Colum_Eastwood_Social_Democratic__Labour_Party_Foyle_6x4CgZajaAQ_003.wav,6x4CgZajaAQ,3,60,90,Colum Eastwood,Social Democratic & Labour Party,Foyle,Derry City,Derry,Ulster,Colum Eastwood MP sets the record straight on legacy,parliament,,"0.00 - 4.40, 4.45 - 7.20",NI,/Users/cianan/Documents/College/GitHub/FYP/Data/NorthernIreland/ni_segments/Colum_Eastwood_Social_Democratic__Labour_Party_Foyle_6x4CgZajaAQ_003.wav
/Users/cianan/Documents/College/GitHub/FYP/Data/NorthernIreland/ni_segments/Colum_Eastwood_Social_Democratic__Labour_Party_Foyle_6x4CgZajaAQ_004.wav,6x4CgZajaAQ,4,90,120,Colum Eastwood,Social Democratic & Labour Party,Foyle,Derry City,Derry,Ulster,Colum Eastwood MP sets the record straight on legacy,parliament,,"0.00 - 4.40, 4.45 - 7.20",NI,/Users/cianan/Documents/College/GitHub/FYP/Data/NorthernIreland/ni_segments/Colum_Eastwood_Social_Democratic__Labour_Party_Foyle_6x4CgZajaAQ_004.wav
/Users/cianan/Documents/College/GitHub/FYP/Data/NorthernIreland/ni_segments/Colum_Eastwood_Social_Democratic__Labour_Party_Foyle_6x4CgZajaAQ_005.wav,6x4CgZajaAQ,5,120,150,Colum Eastwood,Social Democratic & Labour Party,Foyle,Derry City,Derry,Ulster,Colum Eastwood MP sets the record straight on legacy,parliament,,"0.00 - 4.40, 4.45 - 7.20",NI,/Users/cianan/Documents/College/GitHub/FYP/Data/NorthernIreland/ni_segments/Colum_Eastwood_Social_Democratic__Labour_Party_Foyle_6x4CgZajaAQ_005.wav
/Users/cianan/Documents/College/GitHub/FYP/Data/NorthernIreland/ni_segments/Colum_Eastwood_Social_Democratic__Labour_Party_Foyle_6x4CgZajaAQ_006.wav,6x4CgZajaAQ,6,150,180,Colum Eastwood,Social Democratic & Labour Party,Foyle,Derry City,Derry,Ulster,Colum Eastwood MP sets the record straight on legacy,parliament,,"0.00 - 4.40, 4.45 - 7.20",NI,/Users/cianan/Documents/College/GitHub/FYP/Data/NorthernIreland/ni_segments/Colum_Eastwood_Social_Democratic__Labour_Party_Foyle_6x4CgZajaAQ_006.wav
/Users/cianan/Documents/College/GitHub/FYP/Data/NorthernIreland/ni_segments/Colum_Eastwood_Social_Democratic__Labour_Party_Foyle_6x4CgZajaAQ_007.wav,6x4CgZajaAQ,7,180,210,Colum Eastwood,Social Democratic & Labour Party,Foyle,Derry City,Derry,Ulster,Colum Eastwood MP sets the record straight on legacy,parliament,,"0.00 - 4.40, 4.45 - 7.20",NI,/Users/cianan/Documents/College/GitHub/FYP/Data/NorthernIreland/ni_segments/Colum_Eastwood_Social_Democratic__Labour_Party_Foyle_6x4CgZajaAQ_007.wav
/Users/cianan/Documents/College/GitHub/FYP/Data/NorthernIreland/ni_segments/Colum_Eastwood_Social_Democratic__Labour_Party_Foyle_6x4CgZajaAQ_008.wav,6x4CgZajaAQ,8,210,240,Colum Eastwood,Social Democratic & Labour Party,Foyle,Derry City,Derry,Ulster,Colum Eastwood MP sets the record straight on legacy,parliament,,"0.00 - 4.40, 4.45 - 7.20",NI,/Users/cianan/Documents/College/GitHub/FYP/Data/NorthernIreland/ni_segments/Colum_Eastwood_Social_Democratic__Labour_Party_Foyle_6x4CgZajaAQ_008.wav
/Users/cianan/Documents/College/GitHub/FYP/Data/NorthernIreland/ni_segments/Colum_Eastwood_Social_Democratic__Labour_Party_Foyle_6x4CgZajaAQ_009.wav,6x4CgZajaAQ,9,240,270,Colum Eastwood,Social Democratic & Labour Party,Foyle,Derry City,Derry,Ulster,Colum Eastwood MP sets the record straight on legacy,parliament,,"0.00 - 4.40, 4.45 - 7.20",NI,/Users/cianan/Documents/College/GitHub/FYP/Data/NorthernIreland/ni_segments/Colum_Eastwood_Social_Democratic__Labour_Party_Foyle_6x4CgZajaAQ_009.wav
/Users/cianan/Documents/College/GitHub/FYP/Data/NorthernIreland/ni_segments/Colum_Eastwood_Social_Democratic__Labour_Party_Foyle_6x4CgZajaAQ_010.wav,6x4CgZajaAQ,10,270,280,Colum Eastwood,Social Democratic & Labour Party,Foyle,Derry City,Derry,Ulster,Colum Eastwood MP sets the record straight on legacy,parliament,,"0.00 - 4.40, 4.45 - 7.20",NI,/Users/cianan/Documents/College/GitHub/FYP/Data/NorthernIreland/ni_segments/Colum_Eastwood_Social_Democratic__Labour_Party_Foyle_6x4CgZajaAQ_010.wav
/Users/cianan/Documents/College/GitHub/FYP/Data/NorthernIreland/ni_segments/Colum_Eastwood_Social_Democratic__Labour_Party_Foyle_6x4CgZajaAQ_011.wav,6x4CgZajaAQ,11,285,315,Colum Eastwood,Social Democratic & Labour Party,Foyle,Derry City,Derry,Ulster,Colum Eastwood MP sets the record straight on legacy,parliament,,"0.00 - 4.40, 4.45 - 7.20",NI,/Users/cianan/Documents/College/GitHub/FYP/Data/NorthernIreland/ni_segments/Colum_Eastwood_Social_Democratic__Labour_Party_Foyle_6x4CgZajaAQ_011.wav
/Users/cianan/Documents/College/GitHub/FYP/Data/NorthernIreland/ni_segments/Colum_Eastwood_Social_Democratic__Labour_Party_Foyle_6x4CgZajaAQ_012.wav,6x4CgZajaAQ,12,315,345,Colum Eastwood,Social Democratic & Labour Party,Foyle,Derry City,Derry,Ulster,Colum Eastwood MP sets the record straight on legacy,parliament,,"0.00 - 4.40, 4.45 - 7.20",NI,/Users/cianan/Documents/College/GitHub/FYP/Data/NorthernIreland/ni_segments/Colum_Eastwood_Social_Democratic__Labour_Party_Foyle_6x4CgZajaAQ_012.wav
/Users/cianan/Documents/College/GitHub/FYP/Data/NorthernIreland/ni_segments/Colum_Eastwood_Social_Democratic__Labour_Party_Foyle_6x4CgZajaAQ_013.wav,6x4CgZajaAQ,13,345,375,Colum Eastwood,Social Democratic & Labour Party,Foyle,Derry City,Derry,Ulster,Colum Eastwood MP sets the record straight on legacy,parliament,,"0.00 - 4.40, 4.45 - 7.20",NI,/Users/cianan/Documents/College/GitHub/FYP/Data/NorthernIreland/ni_segments/Colum_Eastwood_Social_Democratic__Labour_Party_Foyle_6x4CgZajaAQ_013.wav
/Users/cianan/Documents/College/GitHub/FYP/Data/NorthernIreland/ni_segments/Colum_Eastwood_Social_Democratic__Labour_Party_Foyle_6x4CgZajaAQ_014.wav,6x4CgZajaAQ,14,375,405,Colum Eastwood,Social Democratic & Labour Party,Foyle,Derry City,Derry,Ulster,Colum Eastwood MP sets the record straight on legacy,parliament,,"0.00 - 4.40, 4.45 - 7.20",NI,/Users/cianan/Documents/College/GitHub/FYP/Data/NorthernIreland/ni_segments/Colum_Eastwood_Social_Democratic__Labour_Party_Foyle_6x4CgZajaAQ_014.wav
/Users/cianan/Documents/College/GitHub/FYP/Data/NorthernIreland/ni_segments/Colum_Eastwood_Social_Democratic__Labour_Party_Foyle_6x4CgZajaAQ_015.wav,6x4CgZajaAQ,15,405,435,Colum Eastwood,Social Democratic & Labour Party,Foyle,Derry City,Derry,Ulster,Colum Eastwood MP sets the record straight on legacy,parliament,,"0.00 - 4.40, 4.45 - 7.20",NI,/Users/cianan/Documents/College/GitHub/FYP/Data/NorthernIreland/ni_segments/Colum_Eastwood_Social_Democratic__Labour_Party_Foyle_6x4CgZajaAQ_015.wav
/Users/cianan/Documents/College/GitHub/FYP/Data/NorthernIreland/ni_segments/Colum_Eastwood_Social_Democratic__Labour_Party_Foyle_6x4CgZajaAQ_016.wav,6x4CgZajaAQ,16,435,440,Colum Eastwood,Social Democratic & Labour Party,Foyle,Derry City,Derry,Ulster,Colum Eastwood MP sets the record straight on legacy,parliament,,"0.00 - 4.40, 4.45 - 7.20",NI,/Users/cianan/Documents/College/GitHub/FYP/Data/NorthernIreland/ni_segments/Colum_Eastwood_Social_Democratic__Labour_Party_Foyle_6x4CgZajaAQ_016.wav
/Users/cianan/Documents/College/GitHub/FYP/Data/NorthernIreland/ni_segments/Colum_Eastwood_Social_Democratic__Labour_Party_Foyle_q2AhX8Lfb4g_001.wav,q2AhX8Lfb4g,1,0,19,Colum Eastwood,Social Democratic & Labour Party,Foyle,Derry City,Derry,Ulster,"Building a new Ireland is about giving people an opportunity for a better, reconciled future here.",debate,,"0.00 - 0.19,  0.37 -  0.57, 1.01 - 1.30 ",NI,/Users/cianan/Documents/College/GitHub/FYP/Data/NorthernIreland/ni_segments/Colum_Eastwood_Social_Democratic__Labour_Party_Foyle_q2AhX8Lfb4g_001.wav
/Users/cianan/Documents/College/GitHub/FYP/Data/NorthernIreland/ni_segments/Colum_Eastwood_Social_Democratic__Labour_Party_Foyle_q2AhX8Lfb4g_002.wav,q2AhX8Lfb4g,2,37,57,Colum Eastwood,Social Democratic & Labour Party,Foyle,Derry City,Derry,Ulster,"Building a new Ireland is about giving people an opportunity for a better, reconciled future here.",debate,,"0.00 - 0.19,  0.37 -  0.57, 1.01 - 1.30 ",NI,/Users/cianan/Documents/College/GitHub/FYP/Data/NorthernIreland/ni_segments/Colum_Eastwood_Social_Democratic__Labour_Party_Foyle_q2AhX8Lfb4g_002.wav
/Users/cianan/Documents/College/GitHub/FYP/Data/NorthernIreland/ni_segments/Colum_Eastwood_Social_Democratic__Labour_Party_Foyle_q2AhX8Lfb4g_003.wav,q2AhX8Lfb4g,3,61,90,Colum Eastwood,Social Democratic & Labour Party,Foyle,Derry City,Derry,Ulster,"Building a new Ireland is about giving people an opportunity for a better, reconciled future here.",debate,,"0.00 - 0.19,  0.37 -  0.57, 1.01 - 1.30 ",NI,/Users/cianan/Documents/College/GitHub/FYP/Data/NorthernIreland/ni_segments/Colum_Eastwood_Social_Democratic__Labour_Party_Foyle_q2AhX8Lfb4g_003.wav
/Users/cianan/Documents/College/GitHub/FYP/Data/NorthernIreland/ni_segments/Colum_Eastwood_Social_Democratic__Labour_Party_Foyle_6SnoP5Kois4_001.wav,6SnoP5Kois4,1,0,30,Colum Eastwood,Social Democratic & Labour Party,Foyle,Derry City,Derry,Ulster,This £20m for Derry is a good start. Let’s get it out there ASAP.,street interview,,"0.00-0.33, 0.46-1.00, 1.13- 1.27, 1.47-2.07",NI,/Users/cianan/Documents/College/GitHub/FYP/Data/NorthernIreland/ni_segments/Colum_Eastwood_Social_Democratic__Labour_Party_Foyle_6SnoP5Kois4_001.wav
/Users/cianan/Documents/College/GitHub/FYP/Data/NorthernIreland/ni_segments/Colum_Eastwood_Social_Democratic__Labour_Party_Foyle_6SnoP5Kois4_002.wav,6SnoP5Kois4,2,30,33,Colum Eastwood,Social Democratic & Labour Party,Foyle,Derry City,Derry,Ulster,This £20m for Derry is a good start. Let’s get it out there ASAP.,street interview,,"0.00-0.33, 0.46-1.00, 1.13- 1.27, 1.47-2.07",NI,/Users/cianan/Documents/College/GitHub/FYP/Data/NorthernIreland/ni_segments/Colum_Eastwood_Social_Democratic__Labour_Party_Foyle_6SnoP5Kois4_002.wav
/Users/cianan/Documents/College/GitHub/FYP/Data/NorthernIreland/ni_segments/Colum_Eastwood_Social_Democratic__Labour_Party_Foyle_6SnoP5Kois4_003.wav,6SnoP5Kois4,3,46,60,Colum Eastwood,Social Democratic & Labour Party,Foyle,Derry City,Derry,Ulster,This £20m for Derry is a good start. Let’s get it out there ASAP.,street interview,,"0.00-0.33, 0.46-1.00, 1.13- 1.27, 1.47-2.07",NI,/Users/cianan/Documents/College/GitHub/FYP/Data/NorthernIreland/ni_segments/Colum_Eastwood_Social_Democratic__Labour_Party_Foyle_6SnoP5Kois4_003.wav
/Users/cianan/Documents/College/GitHub/FYP/Data/NorthernIreland/ni_segments/Colum_Eastwood_Social_Democratic__Labour_Party_Foyle_6SnoP5Kois4_004.wav,6SnoP5Kois4,4,73,87,Colum Eastwood,Social Democratic & Labour Party,Foyle,Derry City,Derry,Ulster,This £20m for Derry is a good start. Let’s get it out there ASAP.,street interview,,"0.00-0.33, 0.46-1.00, 1.13- 1.27, 1.47-2.07",NI,/Users/cianan/Documents/College/GitHub/FYP/Data/NorthernIreland/ni_segments/Colum_Eastwood_Social_Democratic__Labour_Party_Foyle_6SnoP5Kois4_004.wav
/Users/cianan/Documents/College/GitHub/FYP/Data/NorthernIreland/ni_segments/Colum_Eastwood_Social_Democratic__Labour_Party_Foyle_6SnoP5Kois4_005.wav,6SnoP5Kois4,5,107,127,Colum Eastwood,Social Democratic & Labour Party,Foyle,Derry City,Derry,Ulster,This £20m for Derry is a good start. Let’s get it out there ASAP.,street interview,,"0.00-0.33, 0.46-1.00, 1.13- 1.27, 1.47-2.07",NI,/Users/cianan/Documents/College/GitHub/FYP/Data/NorthernIreland/ni_segments/Colum_Eastwood_Social_Democratic__Labour_Party_Foyle_6SnoP5Kois4_005.wav
/Users/cianan/Documents/College/GitHub/FYP/Data/NorthernIreland/ni_segments/Colum_Eastwood_Social_Democratic__Labour_Party_Foyle_KGouKmaoSXk_001.wav,KGouKmaoSXk,1,0,28,Colum Eastwood,Social Democratic & Labour Party,Foyle,Derry City,Derry,Ulster,The Prime Minister’s refusal to apologise isn’t good enough.,parliament,,0.00-0.28,NI,/Users/cianan/Documents/College/GitHub/FYP/Data/NorthernIreland/ni_segments/Colum_Eastwood_Social_Democratic__Labour_Party_Foyle_KGouKmaoSXk_001.wav
/Users/cianan/Documents/College/GitHub/FYP/Data/NorthernIreland/ni_segments/Colum_Eastwood_Social_Democratic__Labour_Party_Foyle_W1kHHCsa6vA_001.wav,W1kHHCsa6vA,1,140,170,Colum Eastwood,Social Democratic & Labour Party,Foyle,Derry City,Derry,Ulster,Colum Eastwood MP addressing the Emergency Protest in Derry #ceasefirenow,street interview,,2.20-3.07,NI,/Users/cianan/Documents/College/GitHub/FYP/Data/NorthernIreland/ni_segments/Colum_Eastwood_Social_Democratic__Labour_Party_Foyle_W1kHHCsa6vA_001.wav
/Users/cianan/Documents/College/GitHub/FYP/Data/NorthernIreland/ni_segments/Colum_Eastwood_Social_Democratic__Labour_Party_Foyle_W1kHHCsa6vA_002.wav,W1kHHCsa6vA,2,170,187,Colum Eastwood,Social Democratic & Labour Party,Foyle,Derry City,Derry,Ulster,Colum Eastwood MP addressing the Emergency Protest in Derry #ceasefirenow,street interview,,2.20-3.07,NI,/Users/cianan/Documents/College/GitHub/FYP/Data/NorthernIreland/ni_segments/Colum_Eastwood_Social_Democratic__Labour_Party_Foyle_W1kHHCsa6vA_002.wav
/Users/cianan/Documents/College/GitHub/FYP/Data/NorthernIreland/ni_segments/Colum_Eastwood_Social_Democratic__Labour_Party_Foyle_MG5ukWKNP-c_001.wav,MG5ukWKNP-c,1,0,30,Colum Eastwood,Social Democratic & Labour Party,Foyle,Derry City,Derry,Ulster,Colum Eastwood calls on Boris Johnson to resign,parliament,,0.00-0.30,NI,/Users/cianan/Documents/College/GitHub/FYP/Data/NorthernIreland/ni_segments/Colum_Eastwood_Social_Democratic__Labour_Party_Foyle_MG5ukWKNP-c_001.wav
/Users/cianan/Documents/College/GitHub/FYP/Data/NorthernIreland/ni_segments/Colum_Eastwood_Social_Democratic__Labour_Party_Foyle_-pghPfyL0i8_001.wav,pghPfyL0i8,1,0,30,Colum Eastwood,Social Democratic & Labour Party,Foyle,Derry City, Derry,Ulster, Colum Eastwood MP on President Biden's visit to Ireland #GFA25 ,street interview,,"0.00-0.35, 0.46-1.16, 1.27-1.49, 2.08-3.34 ",NI,/Users/cianan/Documents/College/GitHub/FYP/Data/NorthernIreland/ni_segments/Colum_Eastwood_Social_Democratic__Labour_Party_Foyle_-pghPfyL0i8_001.wav
/Users/cianan/Documents/College/GitHub/FYP/Data/NorthernIreland/ni_segments/Colum_Eastwood_Social_Democratic__Labour_Party_Foyle_-pghPfyL0i8_002.wav,pghPfyL0i8,2,30,35,Colum Eastwood,Social Democratic & Labour Party,Foyle,Derry City, Derry,Ulster, Colum Eastwood MP on President Biden's visit to Ireland #GFA25 ,street interview,,"0.00-0.35, 0.46-1.16, 1.27-1.49, 2.08-3.34 ",NI,/Users/cianan/Documents/College/GitHub/FYP/Data/NorthernIreland/ni_segments/Colum_Eastwood_Social_Democratic__Labour_Party_Foyle_-pghPfyL0i8_002.wav
/Users/cianan/Documents/College/GitHub/FYP/Data/NorthernIreland/ni_segments/Colum_Eastwood_Social_Democratic__Labour_Party_Foyle_-pghPfyL0i8_003.wav,pghPfyL0i8,3,46,76,Colum Eastwood,Social Democratic & Labour Party,Foyle,Derry City, Derry,Ulster, Colum Eastwood MP on President Biden's visit to Ireland #GFA25 ,street interview,,"0.00-0.35, 0.46-1.16, 1.27-1.49, 2.08-3.34 ",NI,/Users/cianan/Documents/College/GitHub/FYP/Data/NorthernIreland/ni_segments/Colum_Eastwood_Social_Democratic__Labour_Party_Foyle_-pghPfyL0i8_003.wav
/Users/cianan/Documents/College/GitHub/FYP/Data/NorthernIreland/ni_segments/Colum_Eastwood_Social_Democratic__Labour_Party_Foyle_-pghPfyL0i8_004.wav,pghPfyL0i8,4,87,109,Colum Eastwood,Social Democratic & Labour Party,Foyle,Derry City, Derry,Ulster, Colum Eastwood MP on President Biden's visit to Ireland #GFA25 ,street interview,,"0.00-0.35, 0.46-1.16, 1.27-1.49, 2.08-3.34 ",NI,/Users/cianan/Documents/College/GitHub/FYP/Data/NorthernIreland/ni_segments/Colum_Eastwood_Social_Democratic__Labour_Party_Foyle_-pghPfyL0i8_004.wav
/Users/cianan/Documents/College/GitHub/FYP/Data/NorthernIreland/ni_segments/Colum_Eastwood_Social_Democratic__Labour_Party_Foyle_-pghPfyL0i8_005.wav,pghPfyL0i8,5,128,158,Colum Eastwood,Social Democratic & Labour Party,Foyle,Derry City, Derry,Ulster, Colum Eastwood MP on President Biden's visit to Ireland #GFA25 ,street interview,,"0.00-0.35, 0.46-1.16, 1.27-1.49, 2.08-3.34 ",NI,/Users/cianan/Documents/College/GitHub/FYP/Data/NorthernIreland/ni_segments/Colum_Eastwood_Social_Democratic__Labour_Party_Foyle_-pghPfyL0i8_005.wav
/Users/cianan/Documents/College/GitHub/FYP/Data/NorthernIreland/ni_segments/Colum_Eastwood_Social_Democratic__Labour_Party_Foyle_-pghPfyL0i8_006.wav,pghPfyL0i8,6,158,188,Colum Eastwood,Social Democratic & Labour Party,Foyle,Derry City, Derry,Ulster, Colum Eastwood MP on President Biden's visit to Ireland #GFA25 ,street interview,,"0.00-0.35, 0.46-1.16, 1.27-1.49, 2.08-3.34 ",NI,/Users/cianan/Documents/College/GitHub/FYP/Data/NorthernIreland/ni_segments/Colum_Eastwood_Social_Democratic__Labour_Party_Foyle_-pghPfyL0i8_006.wav
/Users/cianan/Documents/College/GitHub/FYP/Data/NorthernIreland/ni_segments/Colum_Eastwood_Social_Democratic__Labour_Party_Foyle_-pghPfyL0i8_007.wav,pghPfyL0i8,7,188,214,Colum Eastwood,Social Democratic & Labour Party,Foyle,Derry City, Derry,Ulster, Colum Eastwood MP on President Biden's visit to Ireland #GFA25 ,street interview,,"0.00-0.35, 0.46-1.16, 1.27-1.49, 2.08-3.34 ",NI,/Users/cianan/Documents/College/GitHub/FYP/Data/NorthernIreland/ni_segments/Colum_Eastwood_Social_Democratic__Labour_Party_Foyle_-pghPfyL0i8_007.wav
/Users/cianan/Documents/College/GitHub/FYP/Data/NorthernIreland/ni_segments/Sorcha_Eastwood_Alliance_Lagan_Valley_VgURXYpsYqw_001.wav,VgURXYpsYqw,1,18,48,Sorcha Eastwood,Alliance,Lagan Valley,Listburn,Antrim,Ulster,Sorcha Eastwood makes history as Alliance Party wins in Lagan Valley,acceptance speech,,0.18-1.30,NI,/Users/cianan/Documents/College/GitHub/FYP/Data/NorthernIreland/ni_segments/Sorcha_Eastwood_Alliance_Lagan_Valley_VgURXYpsYqw_001.wav
/Users/cianan/Documents/College/GitHub/FYP/Data/NorthernIreland/ni_segments/Sorcha_Eastwood_Alliance_Lagan_Valley_VgURXYpsYqw_002.wav,VgURXYpsYqw,2,48,78,Sorcha Eastwood,Alliance,Lagan Valley,Listburn,Antrim,Ulster,Sorcha Eastwood makes history as Alliance Party wins in Lagan Valley,acceptance speech,,0.18-1.30,NI,/Users/cianan/Documents/College/GitHub/FYP/Data/NorthernIreland/ni_segments/Sorcha_Eastwood_Alliance_Lagan_Valley_VgURXYpsYqw_002.wav
/Users/cianan/Documents/College/GitHub/FYP/Data/NorthernIreland/ni_segments/Sorcha_Eastwood_Alliance_Lagan_Valley_VgURXYpsYqw_003.wav,VgURXYpsYqw,3,78,90,Sorcha Eastwood,Alliance,Lagan Valley,Listburn,Antrim,Ulster,Sorcha Eastwood makes history as Alliance Party wins in Lagan Valley,acceptance speech,,0.18-1.30,NI,/Users/cianan/Documents/College/GitHub/FYP/Data/NorthernIreland/ni_segments/Sorcha_Eastwood_Alliance_Lagan_Valley_VgURXYpsYqw_003.wav
/Users/cianan/Documents/College/GitHub/FYP/Data/NorthernIreland/ni_segments/Sorcha_Eastwood_Alliance_Lagan_Valley_MNH2JybK5qI_001.wav,MNH2JybK5qI,1,0,30,Sorcha Eastwood,Alliance,Lagan Valley,Listburn,Antrim,Ulster,MP targeted by Tate brothers after 'daring to speak my mind',parliament,,0.00-1.10,NI,/Users/cianan/Documents/College/GitHub/FYP/Data/NorthernIreland/ni_segments/Sorcha_Eastwood_Alliance_Lagan_Valley_MNH2JybK5qI_001.wav
/Users/cianan/Documents/College/GitHub/FYP/Data/NorthernIreland/ni_segments/Sorcha_Eastwood_Alliance_Lagan_Valley_MNH2JybK5qI_002.wav,MNH2JybK5qI,2,30,60,Sorcha Eastwood,Alliance,Lagan Valley,Listburn,Antrim,Ulster,MP targeted by Tate brothers after 'daring to speak my mind',parliament,,0.00-1.10,NI,/Users/cianan/Documents/College/GitHub/FYP/Data/NorthernIreland/ni_segments/Sorcha_Eastwood_Alliance_Lagan_Valley_MNH2JybK5qI_002.wav
/Users/cianan/Documents/College/GitHub/FYP/Data/NorthernIreland/ni_segments/Sorcha_Eastwood_Alliance_Lagan_Valley_MNH2JybK5qI_003.wav,MNH2JybK5qI,3,60,70,Sorcha Eastwood,Alliance,Lagan Valley,Listburn,Antrim,Ulster,MP targeted by Tate brothers after 'daring to speak my mind',parliament,,0.00-1.10,NI,/Users/cianan/Documents/College/GitHub/FYP/Data/NorthernIreland/ni_segments/Sorcha_Eastwood_Alliance_Lagan_Valley_MNH2JybK5qI_003.wav
/Users/cianan/Documents/College/GitHub/FYP/Data/NorthernIreland/ni_segments/Sorcha_Eastwood_Alliance_Lagan_Valley_aZkrjRLLrSs_001.wav,aZkrjRLLrSs,1,58,87,Sorcha Eastwood,Alliance,Lagan Valley,Listburn,Antrim,Ulster,Sorcha Eastwood Destroys DUP Leader Over Brexit Boycott Of NI Executive!,debate,,"0.58-1.27,1.43- 2.18, 2.25-2.37",NI,/Users/cianan/Documents/College/GitHub/FYP/Data/NorthernIreland/ni_segments/Sorcha_Eastwood_Alliance_Lagan_Valley_aZkrjRLLrSs_001.wav
/Users/cianan/Documents/College/GitHub/FYP/Data/NorthernIreland/ni_segments/Sorcha_Eastwood_Alliance_Lagan_Valley_aZkrjRLLrSs_002.wav,aZkrjRLLrSs,2,103,133,Sorcha Eastwood,Alliance,Lagan Valley,Listburn,Antrim,Ulster,Sorcha Eastwood Destroys DUP Leader Over Brexit Boycott Of NI Executive!,debate,,"0.58-1.27,1.43- 2.18, 2.25-2.37",NI,/Users/cianan/Documents/College/GitHub/FYP/Data/NorthernIreland/ni_segments/Sorcha_Eastwood_Alliance_Lagan_Valley_aZkrjRLLrSs_002.wav
/Users/cianan/Documents/College/GitHub/FYP/Data/NorthernIreland/ni_segments/Sorcha_Eastwood_Alliance_Lagan_Valley_aZkrjRLLrSs_003.wav,aZkrjRLLrSs,3,133,138,Sorcha Eastwood,Alliance,Lagan Valley,Listburn,Antrim,Ulster,Sorcha Eastwood Destroys DUP Leader Over Brexit Boycott Of NI Executive!,debate,,"0.58-1.27,1.43- 2.18, 2.25-2.37",NI,/Users/cianan/Documents/College/GitHub/FYP/Data/NorthernIreland/ni_segments/Sorcha_Eastwood_Alliance_Lagan_Valley_aZkrjRLLrSs_003.wav
/Users/cianan/Documents/College/GitHub/FYP/Data/NorthernIreland/ni_segments/Sorcha_Eastwood_Alliance_Lagan_Valley_aZkrjRLLrSs_004.wav,aZkrjRLLrSs,4,145,157,Sorcha Eastwood,Alliance,Lagan Valley,Listburn,Antrim,Ulster,Sorcha Eastwood Destroys DUP Leader Over Brexit Boycott Of NI Executive!,debate,,"0.58-1.27,1.43- 2.18, 2.25-2.37",NI,/Users/cianan/Documents/College/GitHub/FYP/Data/NorthernIreland/ni_segments/Sorcha_Eastwood_Alliance_Lagan_Valley_aZkrjRLLrSs_004.wav
/Users/cianan/Documents/College/GitHub/FYP/Data/NorthernIreland/ni_segments/Sorcha_Eastwood_Alliance_Lagan_Valley_wg3FPNXO2YE_001.wav,wg3FPNXO2YE,1,2,32,Sorcha Eastwood,Alliance,Lagan Valley,Listburn,Antrim,Ulster,Starmer's glib response to Eastwood on failing Northern Irish system of government,parliament,,0.02-0.44,NI,/Users/cianan/Documents/College/GitHub/FYP/Data/NorthernIreland/ni_segments/Sorcha_Eastwood_Alliance_Lagan_Valley_wg3FPNXO2YE_001.wav
/Users/cianan/Documents/College/GitHub/FYP/Data/NorthernIreland/ni_segments/Sorcha_Eastwood_Alliance_Lagan_Valley_wg3FPNXO2YE_002.wav,wg3FPNXO2YE,2,32,44,Sorcha Eastwood,Alliance,Lagan Valley,Listburn,Antrim,Ulster,Starmer's glib response to Eastwood on failing Northern Irish system of government,parliament,,0.02-0.44,NI,/Users/cianan/Documents/College/GitHub/FYP/Data/NorthernIreland/ni_segments/Sorcha_Eastwood_Alliance_Lagan_Valley_wg3FPNXO2YE_002.wav
/Users/cianan/Documents/College/GitHub/FYP/Data/NorthernIreland/ni_segments/Sorcha_Eastwood_Alliance_Lagan_Valley_poptU0ZkL9o_001.wav,poptU0ZkL9o,1,0,30,Sorcha Eastwood,Alliance,Lagan Valley,Listburn,Antrim,Ulster,Sorcha Eastwood opens up about husband's battle with rare form of blood cancer,street interview,,0.00-5.50,NI,/Users/cianan/Documents/College/GitHub/FYP/Data/NorthernIreland/ni_segments/Sorcha_Eastwood_Alliance_Lagan_Valley_poptU0ZkL9o_001.wav
/Users/cianan/Documents/College/GitHub/FYP/Data/NorthernIreland/ni_segments/Sorcha_Eastwood_Alliance_Lagan_Valley_poptU0ZkL9o_002.wav,poptU0ZkL9o,2,30,60,Sorcha Eastwood,Alliance,Lagan Valley,Listburn,Antrim,Ulster,Sorcha Eastwood opens up about husband's battle with rare form of blood cancer,street interview,,0.00-5.50,NI,/Users/cianan/Documents/College/GitHub/FYP/Data/NorthernIreland/ni_segments/Sorcha_Eastwood_Alliance_Lagan_Valley_poptU0ZkL9o_002.wav
/Users/cianan/Documents/College/GitHub/FYP/Data/NorthernIreland/ni_segments/Sorcha_Eastwood_Alliance_Lagan_Valley_poptU0ZkL9o_003.wav,poptU0ZkL9o,3,60,90,Sorcha Eastwood,Alliance,Lagan Valley,Listburn,Antrim,Ulster,Sorcha Eastwood opens up about husband's battle with rare form of blood cancer,street interview,,0.00-5.50,NI,/Users/cianan/Documents/College/GitHub/FYP/Data/NorthernIreland/ni_segments/Sorcha_Eastwood_Alliance_Lagan_Valley_poptU0ZkL9o_003.wav
/Users/cianan/Documents/College/GitHub/FYP/Data/NorthernIreland/ni_segments/Sorcha_Eastwood_Alliance_Lagan_Valley_poptU0ZkL9o_004.wav,poptU0ZkL9o,4,90,120,Sorcha Eastwood,Alliance,Lagan Valley,Listburn,Antrim,Ulster,Sorcha Eastwood opens up about husband's battle with rare form of blood cancer,street interview,,0.00-5.50,NI,/Users/cianan/Documents/College/GitHub/FYP/Data/NorthernIreland/ni_segments/Sorcha_Eastwood_Alliance_Lagan_Valley_poptU0ZkL9o_004.wav
/Users/cianan/Documents/College/GitHub/FYP/Data/NorthernIreland/ni_segments/Sorcha_Eastwood_Alliance_Lagan_Valley_poptU0ZkL9o_005.wav,poptU0ZkL9o,5,120,150,Sorcha Eastwood,Alliance,Lagan Valley,Listburn,Antrim,Ulster,Sorcha Eastwood opens up about husband's battle with rare form of blood cancer,street interview,,0.00-5.50,NI,/Users/cianan/Documents/College/GitHub/FYP/Data/NorthernIreland/ni_segments/Sorcha_Eastwood_Alliance_Lagan_Valley_poptU0ZkL9o_005.wav
/Users/cianan/Documents/College/GitHub/FYP/Data/NorthernIreland/ni_segments/Sorcha_Eastwood_Alliance_Lagan_Valley_poptU0ZkL9o_006.wav,poptU0ZkL9o,6,150,180,Sorcha Eastwood,Alliance,Lagan Valley,Listburn,Antrim,Ulster,Sorcha Eastwood opens up about husband's battle with rare form of blood cancer,street interview,,0.00-5.50,NI,/Users/cianan/Documents/College/GitHub/FYP/Data/NorthernIreland/ni_segments/Sorcha_Eastwood_Alliance_Lagan_Valley_poptU0ZkL9o_006.wav
/Users/cianan/Documents/College/GitHub/FYP/Data/NorthernIreland/ni_segments/Sorcha_Eastwood_Alliance_Lagan_Valley_poptU0ZkL9o_007.wav,poptU0ZkL9o,7,180,210,Sorcha Eastwood,Alliance,Lagan Valley,Listburn,Antrim,Ulster,Sorcha Eastwood opens up about husband's battle with rare form of blood cancer,street interview,,0.00-5.50,NI,/Users/cianan/Documents/College/GitHub/FYP/Data/NorthernIreland/ni_segments/Sorcha_Eastwood_Alliance_Lagan_Valley_poptU0ZkL9o_007.wav
/Users/cianan/Documents/College/GitHub/FYP/Data/NorthernIreland/ni_segments/Sorcha_Eastwood_Alliance_Lagan_Valley_poptU0ZkL9o_008.wav,poptU0ZkL9o,8,210,240,Sorcha Eastwood,Alliance,Lagan Valley,Listburn,Antrim,Ulster,Sorcha Eastwood opens up about husband's battle with rare form of blood cancer,street interview,,0.00-5.50,NI,/Users/cianan/Documents/College/GitHub/FYP/Data/NorthernIreland/ni_segments/Sorcha_Eastwood_Alliance_Lagan_Valley_poptU0ZkL9o_008.wav
/Users/cianan/Documents/College/GitHub/FYP/Data/NorthernIreland/ni_segments/Sorcha_Eastwood_Alliance_Lagan_Valley_poptU0ZkL9o_009.wav,poptU0ZkL9o,9,240,270,Sorcha Eastwood,Alliance,Lagan Valley,Listburn,Antrim,Ulster,Sorcha Eastwood opens up about husband's battle with rare form of blood cancer,street interview,,0.00-5.50,NI,/Users/cianan/Documents/College/GitHub/FYP/Data/NorthernIreland/ni_segments/Sorcha_Eastwood_Alliance_Lagan_Valley_poptU0ZkL9o_009.wav
/Users/cianan/Documents/College/GitHub/FYP/Data/NorthernIreland/ni_segments/Sorcha_Eastwood_Alliance_Lagan_Valley_poptU0ZkL9o_010.wav,poptU0ZkL9o,10,270,300,Sorcha Eastwood,Alliance,Lagan Valley,Listburn,Antrim,Ulster,Sorcha Eastwood opens up about husband's battle with rare form of blood cancer,street interview,,0.00-5.50,NI,/Users/cianan/Documents/College/GitHub/FYP/Data/NorthernIreland/ni_segments/Sorcha_Eastwood_Alliance_Lagan_Valley_poptU0ZkL9o_010.wav
/Users/cianan/Documents/College/GitHub/FYP/Data/NorthernIreland/ni_segments/Sorcha_Eastwood_Alliance_Lagan_Valley_poptU0ZkL9o_011.wav,poptU0ZkL9o,11,300,330,Sorcha Eastwood,Alliance,Lagan Valley,Listburn,Antrim,Ulster,Sorcha Eastwood opens up about husband's battle with rare form of blood cancer,street interview,,0.00-5.50,NI,/Users/cianan/Documents/College/GitHub/FYP/Data/NorthernIreland/ni_segments/Sorcha_Eastwood_Alliance_Lagan_Valley_poptU0ZkL9o_011.wav
/Users/cianan/Documents/College/GitHub/FYP/Data/NorthernIreland/ni_segments/Sorcha_Eastwood_Alliance_Lagan_Valley_poptU0ZkL9o_012.wav,poptU0ZkL9o,12,330,350,Sorcha Eastwood,Alliance,Lagan Valley,Listburn,Antrim,Ulster,Sorcha Eastwood opens up about husband's battle with rare form of blood cancer,street interview,,0.00-5.50,NI,/Users/cianan/Documents/College/GitHub/FYP/Data/NorthernIreland/ni_segments/Sorcha_Eastwood_Alliance_Lagan_Valley_poptU0ZkL9o_012.wav
/Users/cianan/Documents/College/GitHub/FYP/Data/NorthernIreland/ni_segments/Cathal_Mallaghan_Sinn_Fein_Mid_Ulster_rjkYscxAK3o_001.wav,rjkYscxAK3o,1,0,30,Cathal Mallaghan,Sinn Fein,Mid Ulster,Tyrone,Tyrone,Ulster,Cathal Mallaghan of Sinn Fein ,promo video,,,NI,/Users/cianan/Documents/College/GitHub/FYP/Data/NorthernIreland/ni_segments/Cathal_Mallaghan_Sinn_Fein_Mid_Ulster_rjkYscxAK3o_001.wav
/Users/cianan/Documents/College/GitHub/FYP/Data/NorthernIreland/ni_segments/Cathal_Mallaghan_Sinn_Fein_Mid_Ulster_rjkYscxAK3o_002.wav,rjkYscxAK3o,2,30,60,Cathal Mallaghan,Sinn Fein,Mid Ulster,Tyrone,Tyrone,Ulster,Cathal Mallaghan of Sinn Fein ,promo video,,,NI,/Users/cianan/Documents/College/GitHub/FYP/Data/NorthernIreland/ni_segments/Cathal_Mallaghan_Sinn_Fein_Mid_Ulster_rjkYscxAK3o_002.wav
/Users/cianan/Documents/College/GitHub/FYP/Data/NorthernIreland/ni_segments/Cathal_Mallaghan_Sinn_Fein_Mid_Ulster_rjkYscxAK3o_003.wav,rjkYscxAK3o,3,60,90,Cathal Mallaghan,Sinn Fein,Mid Ulster,Tyrone,Tyrone,Ulster,Cathal Mallaghan of Sinn Fein ,promo video,,,NI,/Users/cianan/Documents/College/GitHub/FYP/Data/NorthernIreland/ni_segments/Cathal_Mallaghan_Sinn_Fein_Mid_Ulster_rjkYscxAK3o_003.wav
/Users/cianan/Documents/College/GitHub/FYP/Data/NorthernIreland/ni_segments/Cathal_Mallaghan_Sinn_Fein_Mid_Ulster_rjkYscxAK3o_004.wav,rjkYscxAK3o,4,90,118,Cathal Mallaghan,Sinn Fein,Mid Ulster,Tyrone,Tyrone,Ulster,Cathal Mallaghan of Sinn Fein ,promo video,,,NI,/Users/cianan/Documents/College/GitHub/FYP/Data/NorthernIreland/ni_segments/Cathal_Mallaghan_Sinn_Fein_Mid_Ulster_rjkYscxAK3o_004.wav
/Users/cianan/Documents/College/GitHub/FYP/Data/NorthernIreland/ni_segments/Jim_Allister_Traditional_Unionist_Voice_Newry_and_Armagh_gQaMqh-lh3k_001.wav,gQaMqh-lh3k,1,0,30,Jim Allister,Traditional Unionist Voice,Newry and Armagh,Listooder,Down,Ulster,Do you speak Irish?,parliament,,0.00-1.14,NI,/Users/cianan/Documents/College/GitHub/FYP/Data/NorthernIreland/ni_segments/Jim_Allister_Traditional_Unionist_Voice_Newry_and_Armagh_gQaMqh-lh3k_001.wav
/Users/cianan/Documents/College/GitHub/FYP/Data/NorthernIreland/ni_segments/Jim_Allister_Traditional_Unionist_Voice_Newry_and_Armagh_gQaMqh-lh3k_002.wav,gQaMqh-lh3k,2,30,60,Jim Allister,Traditional Unionist Voice,Newry and Armagh,Listooder,Down,Ulster,Do you speak Irish?,parliament,,0.00-1.14,NI,/Users/cianan/Documents/College/GitHub/FYP/Data/NorthernIreland/ni_segments/Jim_Allister_Traditional_Unionist_Voice_Newry_and_Armagh_gQaMqh-lh3k_002.wav
/Users/cianan/Documents/College/GitHub/FYP/Data/NorthernIreland/ni_segments/Jim_Allister_Traditional_Unionist_Voice_Newry_and_Armagh_gQaMqh-lh3k_003.wav,gQaMqh-lh3k,3,60,74,Jim Allister,Traditional Unionist Voice,Newry and Armagh,Listooder,Down,Ulster,Do you speak Irish?,parliament,,0.00-1.14,NI,/Users/cianan/Documents/College/GitHub/FYP/Data/NorthernIreland/ni_segments/Jim_Allister_Traditional_Unionist_Voice_Newry_and_Armagh_gQaMqh-lh3k_003.wav
/Users/cianan/Documents/College/GitHub/FYP/Data/NorthernIreland/ni_segments/Jim_Allister_Traditional_Unionist_Voice_Newry_and_Armagh_t9WNj5q10ak_001.wav,t9WNj5q10ak,1,34,64,Jim Allister,Traditional Unionist Voice,Newry and Armagh,Listooder,Down,Ulster,TUV takes on Bomber Kelly while his DUP partner sits silent!,debate,,0.34-1.27,NI,/Users/cianan/Documents/College/GitHub/FYP/Data/NorthernIreland/ni_segments/Jim_Allister_Traditional_Unionist_Voice_Newry_and_Armagh_t9WNj5q10ak_001.wav
/Users/cianan/Documents/College/GitHub/FYP/Data/NorthernIreland/ni_segments/Jim_Allister_Traditional_Unionist_Voice_Newry_and_Armagh_t9WNj5q10ak_002.wav,t9WNj5q10ak,2,64,87,Jim Allister,Traditional Unionist Voice,Newry and Armagh,Listooder,Down,Ulster,TUV takes on Bomber Kelly while his DUP partner sits silent!,debate,,0.34-1.27,NI,/Users/cianan/Documents/College/GitHub/FYP/Data/NorthernIreland/ni_segments/Jim_Allister_Traditional_Unionist_Voice_Newry_and_Armagh_t9WNj5q10ak_002.wav
/Users/cianan/Documents/College/GitHub/FYP/Data/NorthernIreland/ni_segments/Jim_Allister_Traditional_Unionist_Voice_Newry_and_Armagh_1LmxHWt6NMk_001.wav,1LmxHWt6NMk,1,6,36,Jim Allister,Traditional Unionist Voice,Newry and Armagh,Listooder,Down,Ulster, Jim Allister exposes Gerry Kelly on legacy & victims #JimAllister #TUV ,debate,,"0.06 - 0.47, 1.00 - 2.03,  4.30 - 5.05",NI,/Users/cianan/Documents/College/GitHub/FYP/Data/NorthernIreland/ni_segments/Jim_Allister_Traditional_Unionist_Voice_Newry_and_Armagh_1LmxHWt6NMk_001.wav
/Users/cianan/Documents/College/GitHub/FYP/Data/NorthernIreland/ni_segments/Jim_Allister_Traditional_Unionist_Voice_Newry_and_Armagh_1LmxHWt6NMk_002.wav,1LmxHWt6NMk,2,36,47,Jim Allister,Traditional Unionist Voice,Newry and Armagh,Listooder,Down,Ulster, Jim Allister exposes Gerry Kelly on legacy & victims #JimAllister #TUV ,debate,,"0.06 - 0.47, 1.00 - 2.03,  4.30 - 5.05",NI,/Users/cianan/Documents/College/GitHub/FYP/Data/NorthernIreland/ni_segments/Jim_Allister_Traditional_Unionist_Voice_Newry_and_Armagh_1LmxHWt6NMk_002.wav
/Users/cianan/Documents/College/GitHub/FYP/Data/NorthernIreland/ni_segments/Jim_Allister_Traditional_Unionist_Voice_Newry_and_Armagh_1LmxHWt6NMk_003.wav,1LmxHWt6NMk,3,60,90,Jim Allister,Traditional Unionist Voice,Newry and Armagh,Listooder,Down,Ulster, Jim Allister exposes Gerry Kelly on legacy & victims #JimAllister #TUV ,debate,,"0.06 - 0.47, 1.00 - 2.03,  4.30 - 5.05",NI,/Users/cianan/Documents/College/GitHub/FYP/Data/NorthernIreland/ni_segments/Jim_Allister_Traditional_Unionist_Voice_Newry_and_Armagh_1LmxHWt6NMk_003.wav
/Users/cianan/Documents/College/GitHub/FYP/Data/NorthernIreland/ni_segments/Jim_Allister_Traditional_Unionist_Voice_Newry_and_Armagh_1LmxHWt6NMk_004.wav,1LmxHWt6NMk,4,90,120,Jim Allister,Traditional Unionist Voice,Newry and Armagh,Listooder,Down,Ulster, Jim Allister exposes Gerry Kelly on legacy & victims #JimAllister #TUV ,debate,,"0.06 - 0.47, 1.00 - 2.03,  4.30 - 5.05",NI,/Users/cianan/Documents/College/GitHub/FYP/Data/NorthernIreland/ni_segments/Jim_Allister_Traditional_Unionist_Voice_Newry_and_Armagh_1LmxHWt6NMk_004.wav
/Users/cianan/Documents/College/GitHub/FYP/Data/NorthernIreland/ni_segments/Jim_Allister_Traditional_Unionist_Voice_Newry_and_Armagh_1LmxHWt6NMk_005.wav,1LmxHWt6NMk,5,120,123,Jim Allister,Traditional Unionist Voice,Newry and Armagh,Listooder,Down,Ulster, Jim Allister exposes Gerry Kelly on legacy & victims #JimAllister #TUV ,debate,,"0.06 - 0.47, 1.00 - 2.03,  4.30 - 5.05",NI,/Users/cianan/Documents/College/GitHub/FYP/Data/NorthernIreland/ni_segments/Jim_Allister_Traditional_Unionist_Voice_Newry_and_Armagh_1LmxHWt6NMk_005.wav
/Users/cianan/Documents/College/GitHub/FYP/Data/NorthernIreland/ni_segments/Jim_Allister_Traditional_Unionist_Voice_Newry_and_Armagh_1LmxHWt6NMk_006.wav,1LmxHWt6NMk,6,270,300,Jim Allister,Traditional Unionist Voice,Newry and Armagh,Listooder,Down,Ulster, Jim Allister exposes Gerry Kelly on legacy & victims #JimAllister #TUV ,debate,,"0.06 - 0.47, 1.00 - 2.03,  4.30 - 5.05",NI,/Users/cianan/Documents/College/GitHub/FYP/Data/NorthernIreland/ni_segments/Jim_Allister_Traditional_Unionist_Voice_Newry_and_Armagh_1LmxHWt6NMk_006.wav
/Users/cianan/Documents/College/GitHub/FYP/Data/NorthernIreland/ni_segments/Jim_Allister_Traditional_Unionist_Voice_Newry_and_Armagh_1LmxHWt6NMk_007.wav,1LmxHWt6NMk,7,300,305,Jim Allister,Traditional Unionist Voice,Newry and Armagh,Listooder,Down,Ulster, Jim Allister exposes Gerry Kelly on legacy & victims #JimAllister #TUV ,debate,,"0.06 - 0.47, 1.00 - 2.03,  4.30 - 5.05",NI,/Users/cianan/Documents/College/GitHub/FYP/Data/NorthernIreland/ni_segments/Jim_Allister_Traditional_Unionist_Voice_Newry_and_Armagh_1LmxHWt6NMk_007.wav
/Users/cianan/Documents/College/GitHub/FYP/Data/NorthernIreland/ni_segments/Jim_Allister_Traditional_Unionist_Voice_Newry_and_Armagh_9vQKTc2uNk4_001.wav,9vQKTc2uNk4,1,45,60,Jim Allister,Traditional Unionist Voice,Newry and Armagh,Listooder,Down,Ulster,"Jim Allister - Easter Rising ""some foreign old grubby rebellion""",debate,,"0.45-1.00, 1.05-1.47, 2.05-2.20, ",NI,/Users/cianan/Documents/College/GitHub/FYP/Data/NorthernIreland/ni_segments/Jim_Allister_Traditional_Unionist_Voice_Newry_and_Armagh_9vQKTc2uNk4_001.wav
/Users/cianan/Documents/College/GitHub/FYP/Data/NorthernIreland/ni_segments/Jim_Allister_Traditional_Unionist_Voice_Newry_and_Armagh_9vQKTc2uNk4_002.wav,9vQKTc2uNk4,2,65,95,Jim Allister,Traditional Unionist Voice,Newry and Armagh,Listooder,Down,Ulster,"Jim Allister - Easter Rising ""some foreign old grubby rebellion""",debate,,"0.45-1.00, 1.05-1.47, 2.05-2.20, ",NI,/Users/cianan/Documents/College/GitHub/FYP/Data/NorthernIreland/ni_segments/Jim_Allister_Traditional_Unionist_Voice_Newry_and_Armagh_9vQKTc2uNk4_002.wav
/Users/cianan/Documents/College/GitHub/FYP/Data/NorthernIreland/ni_segments/Jim_Allister_Traditional_Unionist_Voice_Newry_and_Armagh_9vQKTc2uNk4_003.wav,9vQKTc2uNk4,3,95,107,Jim Allister,Traditional Unionist Voice,Newry and Armagh,Listooder,Down,Ulster,"Jim Allister - Easter Rising ""some foreign old grubby rebellion""",debate,,"0.45-1.00, 1.05-1.47, 2.05-2.20, ",NI,/Users/cianan/Documents/College/GitHub/FYP/Data/NorthernIreland/ni_segments/Jim_Allister_Traditional_Unionist_Voice_Newry_and_Armagh_9vQKTc2uNk4_003.wav
/Users/cianan/Documents/College/GitHub/FYP/Data/NorthernIreland/ni_segments/Jim_Allister_Traditional_Unionist_Voice_Newry_and_Armagh_9vQKTc2uNk4_004.wav,9vQKTc2uNk4,4,125,140,Jim Allister,Traditional Unionist Voice,Newry and Armagh,Listooder,Down,Ulster,"Jim Allister - Easter Rising ""some foreign old grubby rebellion""",debate,,"0.45-1.00, 1.05-1.47, 2.05-2.20, ",NI,/Users/cianan/Documents/College/GitHub/FYP/Data/NorthernIreland/ni_segments/Jim_Allister_Traditional_Unionist_Voice_Newry_and_Armagh_9vQKTc2uNk4_004.wav
/Users/cianan/Documents/College/GitHub/FYP/Data/NorthernIreland/ni_segments/Alex_Easton_Independent_North_Down_sc_HAE5QaN4_001.wav,sc_HAE5QaN4,1,8,38,Alex Easton,Independent,North Down,Bangor,Down,Ulster,MP fights back tears as he recalls death of parents: ‘I hope I made you proud’,parliament,,0.08-0.53,NI,/Users/cianan/Documents/College/GitHub/FYP/Data/NorthernIreland/ni_segments/Alex_Easton_Independent_North_Down_sc_HAE5QaN4_001.wav
/Users/cianan/Documents/College/GitHub/FYP/Data/NorthernIreland/ni_segments/Alex_Easton_Independent_North_Down_sc_HAE5QaN4_002.wav,sc_HAE5QaN4,2,38,53,Alex Easton,Independent,North Down,Bangor,Down,Ulster,MP fights back tears as he recalls death of parents: ‘I hope I made you proud’,parliament,,0.08-0.53,NI,/Users/cianan/Documents/College/GitHub/FYP/Data/NorthernIreland/ni_segments/Alex_Easton_Independent_North_Down_sc_HAE5QaN4_002.wav
/Users/cianan/Documents/College/GitHub/FYP/Data/NorthernIreland/ni_segments/Alex_Easton_Independent_North_Down_jdPUMFXJ3_c_001.wav,jdPUMFXJ3_c,1,0,30,Alex Easton,Independent,North Down,Bangor,Down,Ulster,Powerful Speech by Alex Easton on the state of N.I. politics.,parliament,,0.00-4.05,NI,/Users/cianan/Documents/College/GitHub/FYP/Data/NorthernIreland/ni_segments/Alex_Easton_Independent_North_Down_jdPUMFXJ3_c_001.wav
/Users/cianan/Documents/College/GitHub/FYP/Data/NorthernIreland/ni_segments/Alex_Easton_Independent_North_Down_jdPUMFXJ3_c_002.wav,jdPUMFXJ3_c,2,30,60,Alex Easton,Independent,North Down,Bangor,Down,Ulster,Powerful Speech by Alex Easton on the state of N.I. politics.,parliament,,0.00-4.05,NI,/Users/cianan/Documents/College/GitHub/FYP/Data/NorthernIreland/ni_segments/Alex_Easton_Independent_North_Down_jdPUMFXJ3_c_002.wav
/Users/cianan/Documents/College/GitHub/FYP/Data/NorthernIreland/ni_segments/Alex_Easton_Independent_North_Down_jdPUMFXJ3_c_003.wav,jdPUMFXJ3_c,3,60,90,Alex Easton,Independent,North Down,Bangor,Down,Ulster,Powerful Speech by Alex Easton on the state of N.I. politics.,parliament,,0.00-4.05,NI,/Users/cianan/Documents/College/GitHub/FYP/Data/NorthernIreland/ni_segments/Alex_Easton_Independent_North_Down_jdPUMFXJ3_c_003.wav
/Users/cianan/Documents/College/GitHub/FYP/Data/NorthernIreland/ni_segments/Alex_Easton_Independent_North_Down_jdPUMFXJ3_c_004.wav,jdPUMFXJ3_c,4,90,120,Alex Easton,Independent,North Down,Bangor,Down,Ulster,Powerful Speech by Alex Easton on the state of N.I. politics.,parliament,,0.00-4.05,NI,/Users/cianan/Documents/College/GitHub/FYP/Data/NorthernIreland/ni_segments/Alex_Easton_Independent_North_Down_jdPUMFXJ3_c_004.wav
/Users/cianan/Documents/College/GitHub/FYP/Data/NorthernIreland/ni_segments/Alex_Easton_Independent_North_Down_jdPUMFXJ3_c_005.wav,jdPUMFXJ3_c,5,120,150,Alex Easton,Independent,North Down,Bangor,Down,Ulster,Powerful Speech by Alex Easton on the state of N.I. politics.,parliament,,0.00-4.05,NI,/Users/cianan/Documents/College/GitHub/FYP/Data/NorthernIreland/ni_segments/Alex_Easton_Independent_North_Down_jdPUMFXJ3_c_005.wav
/Users/cianan/Documents/College/GitHub/FYP/Data/NorthernIreland/ni_segments/Alex_Easton_Independent_North_Down_jdPUMFXJ3_c_006.wav,jdPUMFXJ3_c,6,150,180,Alex Easton,Independent,North Down,Bangor,Down,Ulster,Powerful Speech by Alex Easton on the state of N.I. politics.,parliament,,0.00-4.05,NI,/Users/cianan/Documents/College/GitHub/FYP/Data/NorthernIreland/ni_segments/Alex_Easton_Independent_North_Down_jdPUMFXJ3_c_006.wav
/Users/cianan/Documents/College/GitHub/FYP/Data/NorthernIreland/ni_segments/Alex_Easton_Independent_North_Down_jdPUMFXJ3_c_007.wav,jdPUMFXJ3_c,7,180,210,Alex Easton,Independent,North Down,Bangor,Down,Ulster,Powerful Speech by Alex Easton on the state of N.I. politics.,parliament,,0.00-4.05,NI,/Users/cianan/Documents/College/GitHub/FYP/Data/NorthernIreland/ni_segments/Alex_Easton_Independent_North_Down_jdPUMFXJ3_c_007.wav
/Users/cianan/Documents/College/GitHub/FYP/Data/NorthernIreland/ni_segments/Alex_Easton_Independent_North_Down_jdPUMFXJ3_c_008.wav,jdPUMFXJ3_c,8,210,240,Alex Easton,Independent,North Down,Bangor,Down,Ulster,Powerful Speech by Alex Easton on the state of N.I. politics.,parliament,,0.00-4.05,NI,/Users/cianan/Documents/College/GitHub/FYP/Data/NorthernIreland/ni_segments/Alex_Easton_Independent_North_Down_jdPUMFXJ3_c_008.wav
/Users/cianan/Documents/College/GitHub/FYP/Data/NorthernIreland/ni_segments/Alex_Easton_Independent_North_Down_jdPUMFXJ3_c_009.wav,jdPUMFXJ3_c,9,240,245,Alex Easton,Independent,North Down,Bangor,Down,Ulster,Powerful Speech by Alex Easton on the state of N.I. politics.,parliament,,0.00-4.05,NI,/Users/cianan/Documents/College/GitHub/FYP/Data/NorthernIreland/ni_segments/Alex_Easton_Independent_North_Down_jdPUMFXJ3_c_009.wav
/Users/cianan/Documents/College/GitHub/FYP/Data/NorthernIreland/ni_segments/Alex_Easton_Independent_North_Down_7Ay_lfLl3Fc_001.wav,7Ay_lfLl3Fc,1,2,32,Alex Easton,Independent,North Down,Bangor,Down,Ulster,"Alex Easton Removal of Loading Bays at Main Street and Bridge Street, Bangor Tuesday 17 January 2017",parliament,,0.02-6.27,NI,/Users/cianan/Documents/College/GitHub/FYP/Data/NorthernIreland/ni_segments/Alex_Easton_Independent_North_Down_7Ay_lfLl3Fc_001.wav
/Users/cianan/Documents/College/GitHub/FYP/Data/NorthernIreland/ni_segments/Alex_Easton_Independent_North_Down_7Ay_lfLl3Fc_002.wav,7Ay_lfLl3Fc,2,32,62,Alex Easton,Independent,North Down,Bangor,Down,Ulster,"Alex Easton Removal of Loading Bays at Main Street and Bridge Street, Bangor Tuesday 17 January 2017",parliament,,0.02-6.27,NI,/Users/cianan/Documents/College/GitHub/FYP/Data/NorthernIreland/ni_segments/Alex_Easton_Independent_North_Down_7Ay_lfLl3Fc_002.wav
/Users/cianan/Documents/College/GitHub/FYP/Data/NorthernIreland/ni_segments/Alex_Easton_Independent_North_Down_7Ay_lfLl3Fc_003.wav,7Ay_lfLl3Fc,3,62,92,Alex Easton,Independent,North Down,Bangor,Down,Ulster,"Alex Easton Removal of Loading Bays at Main Street and Bridge Street, Bangor Tuesday 17 January 2017",parliament,,0.02-6.27,NI,/Users/cianan/Documents/College/GitHub/FYP/Data/NorthernIreland/ni_segments/Alex_Easton_Independent_North_Down_7Ay_lfLl3Fc_003.wav
/Users/cianan/Documents/College/GitHub/FYP/Data/NorthernIreland/ni_segments/Alex_Easton_Independent_North_Down_7Ay_lfLl3Fc_004.wav,7Ay_lfLl3Fc,4,92,122,Alex Easton,Independent,North Down,Bangor,Down,Ulster,"Alex Easton Removal of Loading Bays at Main Street and Bridge Street, Bangor Tuesday 17 January 2017",parliament,,0.02-6.27,NI,/Users/cianan/Documents/College/GitHub/FYP/Data/NorthernIreland/ni_segments/Alex_Easton_Independent_North_Down_7Ay_lfLl3Fc_004.wav
/Users/cianan/Documents/College/GitHub/FYP/Data/NorthernIreland/ni_segments/Alex_Easton_Independent_North_Down_7Ay_lfLl3Fc_005.wav,7Ay_lfLl3Fc,5,122,152,Alex Easton,Independent,North Down,Bangor,Down,Ulster,"Alex Easton Removal of Loading Bays at Main Street and Bridge Street, Bangor Tuesday 17 January 2017",parliament,,0.02-6.27,NI,/Users/cianan/Documents/College/GitHub/FYP/Data/NorthernIreland/ni_segments/Alex_Easton_Independent_North_Down_7Ay_lfLl3Fc_005.wav
/Users/cianan/Documents/College/GitHub/FYP/Data/NorthernIreland/ni_segments/Alex_Easton_Independent_North_Down_7Ay_lfLl3Fc_006.wav,7Ay_lfLl3Fc,6,152,182,Alex Easton,Independent,North Down,Bangor,Down,Ulster,"Alex Easton Removal of Loading Bays at Main Street and Bridge Street, Bangor Tuesday 17 January 2017",parliament,,0.02-6.27,NI,/Users/cianan/Documents/College/GitHub/FYP/Data/NorthernIreland/ni_segments/Alex_Easton_Independent_North_Down_7Ay_lfLl3Fc_006.wav
/Users/cianan/Documents/College/GitHub/FYP/Data/NorthernIreland/ni_segments/Alex_Easton_Independent_North_Down_7Ay_lfLl3Fc_007.wav,7Ay_lfLl3Fc,7,182,212,Alex Easton,Independent,North Down,Bangor,Down,Ulster,"Alex Easton Removal of Loading Bays at Main Street and Bridge Street, Bangor Tuesday 17 January 2017",parliament,,0.02-6.27,NI,/Users/cianan/Documents/College/GitHub/FYP/Data/NorthernIreland/ni_segments/Alex_Easton_Independent_North_Down_7Ay_lfLl3Fc_007.wav
/Users/cianan/Documents/College/GitHub/FYP/Data/NorthernIreland/ni_segments/Alex_Easton_Independent_North_Down_7Ay_lfLl3Fc_008.wav,7Ay_lfLl3Fc,8,212,242,Alex Easton,Independent,North Down,Bangor,Down,Ulster,"Alex Easton Removal of Loading Bays at Main Street and Bridge Street, Bangor Tuesday 17 January 2017",parliament,,0.02-6.27,NI,/Users/cianan/Documents/College/GitHub/FYP/Data/NorthernIreland/ni_segments/Alex_Easton_Independent_North_Down_7Ay_lfLl3Fc_008.wav
/Users/cianan/Documents/College/GitHub/FYP/Data/NorthernIreland/ni_segments/Alex_Easton_Independent_North_Down_7Ay_lfLl3Fc_009.wav,7Ay_lfLl3Fc,9,242,272,Alex Easton,Independent,North Down,Bangor,Down,Ulster,"Alex Easton Removal of Loading Bays at Main Street and Bridge Street, Bangor Tuesday 17 January 2017",parliament,,0.02-6.27,NI,/Users/cianan/Documents/College/GitHub/FYP/Data/NorthernIreland/ni_segments/Alex_Easton_Independent_North_Down_7Ay_lfLl3Fc_009.wav
/Users/cianan/Documents/College/GitHub/FYP/Data/NorthernIreland/ni_segments/Alex_Easton_Independent_North_Down_7Ay_lfLl3Fc_010.wav,7Ay_lfLl3Fc,10,272,302,Alex Easton,Independent,North Down,Bangor,Down,Ulster,"Alex Easton Removal of Loading Bays at Main Street and Bridge Street, Bangor Tuesday 17 January 2017",parliament,,0.02-6.27,NI,/Users/cianan/Documents/College/GitHub/FYP/Data/NorthernIreland/ni_segments/Alex_Easton_Independent_North_Down_7Ay_lfLl3Fc_010.wav
/Users/cianan/Documents/College/GitHub/FYP/Data/NorthernIreland/ni_segments/Alex_Easton_Independent_North_Down_7Ay_lfLl3Fc_011.wav,7Ay_lfLl3Fc,11,302,332,Alex Easton,Independent,North Down,Bangor,Down,Ulster,"Alex Easton Removal of Loading Bays at Main Street and Bridge Street, Bangor Tuesday 17 January 2017",parliament,,0.02-6.27,NI,/Users/cianan/Documents/College/GitHub/FYP/Data/NorthernIreland/ni_segments/Alex_Easton_Independent_North_Down_7Ay_lfLl3Fc_011.wav
/Users/cianan/Documents/College/GitHub/FYP/Data/NorthernIreland/ni_segments/Alex_Easton_Independent_North_Down_7Ay_lfLl3Fc_012.wav,7Ay_lfLl3Fc,12,332,362,Alex Easton,Independent,North Down,Bangor,Down,Ulster,"Alex Easton Removal of Loading Bays at Main Street and Bridge Street, Bangor Tuesday 17 January 2017",parliament,,0.02-6.27,NI,/Users/cianan/Documents/College/GitHub/FYP/Data/NorthernIreland/ni_segments/Alex_Easton_Independent_North_Down_7Ay_lfLl3Fc_012.wav
/Users/cianan/Documents/College/GitHub/FYP/Data/NorthernIreland/ni_segments/Alex_Easton_Independent_North_Down_7Ay_lfLl3Fc_013.wav,7Ay_lfLl3Fc,13,362,387,Alex Easton,Independent,North Down,Bangor,Down,Ulster,"Alex Easton Removal of Loading Bays at Main Street and Bridge Street, Bangor Tuesday 17 January 2017",parliament,,0.02-6.27,NI,/Users/cianan/Documents/College/GitHub/FYP/Data/NorthernIreland/ni_segments/Alex_Easton_Independent_North_Down_7Ay_lfLl3Fc_013.wav
/Users/cianan/Documents/College/GitHub/FYP/Data/NorthernIreland/ni_segments/Alex_Easton_Independent_North_Down_fxMUOjNQ8As_001.wav,fxMUOjNQ8As,1,2,32,Alex Easton,Independent,North Down,Bangor,Down,Ulster,Knife Crime Debate - Alex Easton,parliament,,"0.02-2.22, 2.49-5.17, 5.56-10.05",NI,/Users/cianan/Documents/College/GitHub/FYP/Data/NorthernIreland/ni_segments/Alex_Easton_Independent_North_Down_fxMUOjNQ8As_001.wav
/Users/cianan/Documents/College/GitHub/FYP/Data/NorthernIreland/ni_segments/Alex_Easton_Independent_North_Down_fxMUOjNQ8As_002.wav,fxMUOjNQ8As,2,32,62,Alex Easton,Independent,North Down,Bangor,Down,Ulster,Knife Crime Debate - Alex Easton,parliament,,"0.02-2.22, 2.49-5.17, 5.56-10.05",NI,/Users/cianan/Documents/College/GitHub/FYP/Data/NorthernIreland/ni_segments/Alex_Easton_Independent_North_Down_fxMUOjNQ8As_002.wav
/Users/cianan/Documents/College/GitHub/FYP/Data/NorthernIreland/ni_segments/Alex_Easton_Independent_North_Down_fxMUOjNQ8As_003.wav,fxMUOjNQ8As,3,62,92,Alex Easton,Independent,North Down,Bangor,Down,Ulster,Knife Crime Debate - Alex Easton,parliament,,"0.02-2.22, 2.49-5.17, 5.56-10.05",NI,/Users/cianan/Documents/College/GitHub/FYP/Data/NorthernIreland/ni_segments/Alex_Easton_Independent_North_Down_fxMUOjNQ8As_003.wav
/Users/cianan/Documents/College/GitHub/FYP/Data/NorthernIreland/ni_segments/Alex_Easton_Independent_North_Down_fxMUOjNQ8As_004.wav,fxMUOjNQ8As,4,92,122,Alex Easton,Independent,North Down,Bangor,Down,Ulster,Knife Crime Debate - Alex Easton,parliament,,"0.02-2.22, 2.49-5.17, 5.56-10.05",NI,/Users/cianan/Documents/College/GitHub/FYP/Data/NorthernIreland/ni_segments/Alex_Easton_Independent_North_Down_fxMUOjNQ8As_004.wav
/Users/cianan/Documents/College/GitHub/FYP/Data/NorthernIreland/ni_segments/Alex_Easton_Independent_North_Down_fxMUOjNQ8As_005.wav,fxMUOjNQ8As,5,122,142,Alex Easton,Independent,North Down,Bangor,Down,Ulster,Knife Crime Debate - Alex Easton,parliament,,"0.02-2.22, 2.49-5.17, 5.56-10.05",NI,/Users/cianan/Documents/College/GitHub/FYP/Data/NorthernIreland/ni_segments/Alex_Easton_Independent_North_Down_fxMUOjNQ8As_005.wav
/Users/cianan/Documents/College/GitHub/FYP/Data/NorthernIreland/ni_segments/Alex_Easton_Independent_North_Down_fxMUOjNQ8As_006.wav,fxMUOjNQ8As,6,169,199,Alex Easton,Independent,North Down,Bangor,Down,Ulster,Knife Crime Debate - Alex Easton,parliament,,"0.02-2.22, 2.49-5.17, 5.56-10.05",NI,/Users/cianan/Documents/College/GitHub/FYP/Data/NorthernIreland/ni_segments/Alex_Easton_Independent_North_Down_fxMUOjNQ8As_006.wav
/Users/cianan/Documents/College/GitHub/FYP/Data/NorthernIreland/ni_segments/Alex_Easton_Independent_North_Down_fxMUOjNQ8As_007.wav,fxMUOjNQ8As,7,199,229,Alex Easton,Independent,North Down,Bangor,Down,Ulster,Knife Crime Debate - Alex Easton,parliament,,"0.02-2.22, 2.49-5.17, 5.56-10.05",NI,/Users/cianan/Documents/College/GitHub/FYP/Data/NorthernIreland/ni_segments/Alex_Easton_Independent_North_Down_fxMUOjNQ8As_007.wav
/Users/cianan/Documents/College/GitHub/FYP/Data/NorthernIreland/ni_segments/Alex_Easton_Independent_North_Down_fxMUOjNQ8As_008.wav,fxMUOjNQ8As,8,229,259,Alex Easton,Independent,North Down,Bangor,Down,Ulster,Knife Crime Debate - Alex Easton,parliament,,"0.02-2.22, 2.49-5.17, 5.56-10.05",NI,/Users/cianan/Documents/College/GitHub/FYP/Data/NorthernIreland/ni_segments/Alex_Easton_Independent_North_Down_fxMUOjNQ8As_008.wav
/Users/cianan/Documents/College/GitHub/FYP/Data/NorthernIreland/ni_segments/Alex_Easton_Independent_North_Down_fxMUOjNQ8As_009.wav,fxMUOjNQ8As,9,259,289,Alex Easton,Independent,North Down,Bangor,Down,Ulster,Knife Crime Debate - Alex Easton,parliament,,"0.02-2.22, 2.49-5.17, 5.56-10.05",NI,/Users/cianan/Documents/College/GitHub/FYP/Data/NorthernIreland/ni_segments/Alex_Easton_Independent_North_Down_fxMUOjNQ8As_009.wav
/Users/cianan/Documents/College/GitHub/FYP/Data/NorthernIreland/ni_segments/Alex_Easton_Independent_North_Down_fxMUOjNQ8As_010.wav,fxMUOjNQ8As,10,289,317,Alex Easton,Independent,North Down,Bangor,Down,Ulster,Knife Crime Debate - Alex Easton,parliament,,"0.02-2.22, 2.49-5.17, 5.56-10.05",NI,/Users/cianan/Documents/College/GitHub/FYP/Data/NorthernIreland/ni_segments/Alex_Easton_Independent_North_Down_fxMUOjNQ8As_010.wav
/Users/cianan/Documents/College/GitHub/FYP/Data/NorthernIreland/ni_segments/Alex_Easton_Independent_North_Down_fxMUOjNQ8As_011.wav,fxMUOjNQ8As,11,356,386,Alex Easton,Independent,North Down,Bangor,Down,Ulster,Knife Crime Debate - Alex Easton,parliament,,"0.02-2.22, 2.49-5.17, 5.56-10.05",NI,/Users/cianan/Documents/College/GitHub/FYP/Data/NorthernIreland/ni_segments/Alex_Easton_Independent_North_Down_fxMUOjNQ8As_011.wav
/Users/cianan/Documents/College/GitHub/FYP/Data/NorthernIreland/ni_segments/Alex_Easton_Independent_North_Down_fxMUOjNQ8As_012.wav,fxMUOjNQ8As,12,386,416,Alex Easton,Independent,North Down,Bangor,Down,Ulster,Knife Crime Debate - Alex Easton,parliament,,"0.02-2.22, 2.49-5.17, 5.56-10.05",NI,/Users/cianan/Documents/College/GitHub/FYP/Data/NorthernIreland/ni_segments/Alex_Easton_Independent_North_Down_fxMUOjNQ8As_012.wav
/Users/cianan/Documents/College/GitHub/FYP/Data/NorthernIreland/ni_segments/Alex_Easton_Independent_North_Down_fxMUOjNQ8As_013.wav,fxMUOjNQ8As,13,416,446,Alex Easton,Independent,North Down,Bangor,Down,Ulster,Knife Crime Debate - Alex Easton,parliament,,"0.02-2.22, 2.49-5.17, 5.56-10.05",NI,/Users/cianan/Documents/College/GitHub/FYP/Data/NorthernIreland/ni_segments/Alex_Easton_Independent_North_Down_fxMUOjNQ8As_013.wav
/Users/cianan/Documents/College/GitHub/FYP/Data/NorthernIreland/ni_segments/Alex_Easton_Independent_North_Down_fxMUOjNQ8As_014.wav,fxMUOjNQ8As,14,446,476,Alex Easton,Independent,North Down,Bangor,Down,Ulster,Knife Crime Debate - Alex Easton,parliament,,"0.02-2.22, 2.49-5.17, 5.56-10.05",NI,/Users/cianan/Documents/College/GitHub/FYP/Data/NorthernIreland/ni_segments/Alex_Easton_Independent_North_Down_fxMUOjNQ8As_014.wav
/Users/cianan/Documents/College/GitHub/FYP/Data/NorthernIreland/ni_segments/Alex_Easton_Independent_North_Down_fxMUOjNQ8As_015.wav,fxMUOjNQ8As,15,476,506,Alex Easton,Independent,North Down,Bangor,Down,Ulster,Knife Crime Debate - Alex Easton,parliament,,"0.02-2.22, 2.49-5.17, 5.56-10.05",NI,/Users/cianan/Documents/College/GitHub/FYP/Data/NorthernIreland/ni_segments/Alex_Easton_Independent_North_Down_fxMUOjNQ8As_015.wav
/Users/cianan/Documents/College/GitHub/FYP/Data/NorthernIreland/ni_segments/Alex_Easton_Independent_North_Down_fxMUOjNQ8As_016.wav,fxMUOjNQ8As,16,506,536,Alex Easton,Independent,North Down,Bangor,Down,Ulster,Knife Crime Debate - Alex Easton,parliament,,"0.02-2.22, 2.49-5.17, 5.56-10.05",NI,/Users/cianan/Documents/College/GitHub/FYP/Data/NorthernIreland/ni_segments/Alex_Easton_Independent_North_Down_fxMUOjNQ8As_016.wav
/Users/cianan/Documents/College/GitHub/FYP/Data/NorthernIreland/ni_segments/Alex_Easton_Independent_North_Down_fxMUOjNQ8As_017.wav,fxMUOjNQ8As,17,536,566,Alex Easton,Independent,North Down,Bangor,Down,Ulster,Knife Crime Debate - Alex Easton,parliament,,"0.02-2.22, 2.49-5.17, 5.56-10.05",NI,/Users/cianan/Documents/College/GitHub/FYP/Data/NorthernIreland/ni_segments/Alex_Easton_Independent_North_Down_fxMUOjNQ8As_017.wav
/Users/cianan/Documents/College/GitHub/FYP/Data/NorthernIreland/ni_segments/Alex_Easton_Independent_North_Down_fxMUOjNQ8As_018.wav,fxMUOjNQ8As,18,566,596,Alex Easton,Independent,North Down,Bangor,Down,Ulster,Knife Crime Debate - Alex Easton,parliament,,"0.02-2.22, 2.49-5.17, 5.56-10.05",NI,/Users/cianan/Documents/College/GitHub/FYP/Data/NorthernIreland/ni_segments/Alex_Easton_Independent_North_Down_fxMUOjNQ8As_018.wav
/Users/cianan/Documents/College/GitHub/FYP/Data/NorthernIreland/ni_segments/Alex_Easton_Independent_North_Down_fxMUOjNQ8As_019.wav,fxMUOjNQ8As,19,596,605,Alex Easton,Independent,North Down,Bangor,Down,Ulster,Knife Crime Debate - Alex Easton,parliament,,"0.02-2.22, 2.49-5.17, 5.56-10.05",NI,/Users/cianan/Documents/College/GitHub/FYP/Data/NorthernIreland/ni_segments/Alex_Easton_Independent_North_Down_fxMUOjNQ8As_019.wav
/Users/cianan/Documents/College/GitHub/FYP/Data/NorthernIreland/ni_segments/Alex_Easton_Independent_North_Down_WUEvywPTCtU_001.wav,WUEvywPTCtU,1,0,30,Alex Easton,Independent,North Down,Bangor,Down,Ulster,Alex Easton - Assembly debate on Sinn Fein breach of Covid regulations,parliament,,"0.00-0.59, 1.27-3.38, 4.00-6.17",NI,/Users/cianan/Documents/College/GitHub/FYP/Data/NorthernIreland/ni_segments/Alex_Easton_Independent_North_Down_WUEvywPTCtU_001.wav
/Users/cianan/Documents/College/GitHub/FYP/Data/NorthernIreland/ni_segments/Alex_Easton_Independent_North_Down_WUEvywPTCtU_002.wav,WUEvywPTCtU,2,30,59,Alex Easton,Independent,North Down,Bangor,Down,Ulster,Alex Easton - Assembly debate on Sinn Fein breach of Covid regulations,parliament,,"0.00-0.59, 1.27-3.38, 4.00-6.17",NI,/Users/cianan/Documents/College/GitHub/FYP/Data/NorthernIreland/ni_segments/Alex_Easton_Independent_North_Down_WUEvywPTCtU_002.wav
/Users/cianan/Documents/College/GitHub/FYP/Data/NorthernIreland/ni_segments/Alex_Easton_Independent_North_Down_WUEvywPTCtU_003.wav,WUEvywPTCtU,3,87,117,Alex Easton,Independent,North Down,Bangor,Down,Ulster,Alex Easton - Assembly debate on Sinn Fein breach of Covid regulations,parliament,,"0.00-0.59, 1.27-3.38, 4.00-6.17",NI,/Users/cianan/Documents/College/GitHub/FYP/Data/NorthernIreland/ni_segments/Alex_Easton_Independent_North_Down_WUEvywPTCtU_003.wav
/Users/cianan/Documents/College/GitHub/FYP/Data/NorthernIreland/ni_segments/Alex_Easton_Independent_North_Down_WUEvywPTCtU_004.wav,WUEvywPTCtU,4,117,147,Alex Easton,Independent,North Down,Bangor,Down,Ulster,Alex Easton - Assembly debate on Sinn Fein breach of Covid regulations,parliament,,"0.00-0.59, 1.27-3.38, 4.00-6.17",NI,/Users/cianan/Documents/College/GitHub/FYP/Data/NorthernIreland/ni_segments/Alex_Easton_Independent_North_Down_WUEvywPTCtU_004.wav
/Users/cianan/Documents/College/GitHub/FYP/Data/NorthernIreland/ni_segments/Alex_Easton_Independent_North_Down_WUEvywPTCtU_005.wav,WUEvywPTCtU,5,147,177,Alex Easton,Independent,North Down,Bangor,Down,Ulster,Alex Easton - Assembly debate on Sinn Fein breach of Covid regulations,parliament,,"0.00-0.59, 1.27-3.38, 4.00-6.17",NI,/Users/cianan/Documents/College/GitHub/FYP/Data/NorthernIreland/ni_segments/Alex_Easton_Independent_North_Down_WUEvywPTCtU_005.wav
/Users/cianan/Documents/College/GitHub/FYP/Data/NorthernIreland/ni_segments/Alex_Easton_Independent_North_Down_WUEvywPTCtU_006.wav,WUEvywPTCtU,6,177,207,Alex Easton,Independent,North Down,Bangor,Down,Ulster,Alex Easton - Assembly debate on Sinn Fein breach of Covid regulations,parliament,,"0.00-0.59, 1.27-3.38, 4.00-6.17",NI,/Users/cianan/Documents/College/GitHub/FYP/Data/NorthernIreland/ni_segments/Alex_Easton_Independent_North_Down_WUEvywPTCtU_006.wav
/Users/cianan/Documents/College/GitHub/FYP/Data/NorthernIreland/ni_segments/Alex_Easton_Independent_North_Down_WUEvywPTCtU_007.wav,WUEvywPTCtU,7,207,218,Alex Easton,Independent,North Down,Bangor,Down,Ulster,Alex Easton - Assembly debate on Sinn Fein breach of Covid regulations,parliament,,"0.00-0.59, 1.27-3.38, 4.00-6.17",NI,/Users/cianan/Documents/College/GitHub/FYP/Data/NorthernIreland/ni_segments/Alex_Easton_Independent_North_Down_WUEvywPTCtU_007.wav
/Users/cianan/Documents/College/GitHub/FYP/Data/NorthernIreland/ni_segments/Alex_Easton_Independent_North_Down_WUEvywPTCtU_008.wav,WUEvywPTCtU,8,240,270,Alex Easton,Independent,North Down,Bangor,Down,Ulster,Alex Easton - Assembly debate on Sinn Fein breach of Covid regulations,parliament,,"0.00-0.59, 1.27-3.38, 4.00-6.17",NI,/Users/cianan/Documents/College/GitHub/FYP/Data/NorthernIreland/ni_segments/Alex_Easton_Independent_North_Down_WUEvywPTCtU_008.wav
/Users/cianan/Documents/College/GitHub/FYP/Data/NorthernIreland/ni_segments/Alex_Easton_Independent_North_Down_WUEvywPTCtU_009.wav,WUEvywPTCtU,9,270,300,Alex Easton,Independent,North Down,Bangor,Down,Ulster,Alex Easton - Assembly debate on Sinn Fein breach of Covid regulations,parliament,,"0.00-0.59, 1.27-3.38, 4.00-6.17",NI,/Users/cianan/Documents/College/GitHub/FYP/Data/NorthernIreland/ni_segments/Alex_Easton_Independent_North_Down_WUEvywPTCtU_009.wav
/Users/cianan/Documents/College/GitHub/FYP/Data/NorthernIreland/ni_segments/Alex_Easton_Independent_North_Down_WUEvywPTCtU_010.wav,WUEvywPTCtU,10,300,330,Alex Easton,Independent,North Down,Bangor,Down,Ulster,Alex Easton - Assembly debate on Sinn Fein breach of Covid regulations,parliament,,"0.00-0.59, 1.27-3.38, 4.00-6.17",NI,/Users/cianan/Documents/College/GitHub/FYP/Data/NorthernIreland/ni_segments/Alex_Easton_Independent_North_Down_WUEvywPTCtU_010.wav
/Users/cianan/Documents/College/GitHub/FYP/Data/NorthernIreland/ni_segments/Alex_Easton_Independent_North_Down_WUEvywPTCtU_011.wav,WUEvywPTCtU,11,330,360,Alex Easton,Independent,North Down,Bangor,Down,Ulster,Alex Easton - Assembly debate on Sinn Fein breach of Covid regulations,parliament,,"0.00-0.59, 1.27-3.38, 4.00-6.17",NI,/Users/cianan/Documents/College/GitHub/FYP/Data/NorthernIreland/ni_segments/Alex_Easton_Independent_North_Down_WUEvywPTCtU_011.wav
/Users/cianan/Documents/College/GitHub/FYP/Data/NorthernIreland/ni_segments/Alex_Easton_Independent_North_Down_WUEvywPTCtU_012.wav,WUEvywPTCtU,12,360,377,Alex Easton,Independent,North Down,Bangor,Down,Ulster,Alex Easton - Assembly debate on Sinn Fein breach of Covid regulations,parliament,,"0.00-0.59, 1.27-3.38, 4.00-6.17",NI,/Users/cianan/Documents/College/GitHub/FYP/Data/NorthernIreland/ni_segments/Alex_Easton_Independent_North_Down_WUEvywPTCtU_012.wav
/Users/cianan/Documents/College/GitHub/FYP/Data/NorthernIreland/ni_segments/Robin_Swann_Ulster_Unionist_Party_South_Antrim_eASdEQHPB5w_001.wav,eASdEQHPB5w,1,5,35,Robin Swann,Ulster Unionist Party,South Antrim,Kells,Antrim,Ulster,Robin Swann MP’s Maiden Speech - 22 July 2024,parliament,,0.05-6.42,NI,/Users/cianan/Documents/College/GitHub/FYP/Data/NorthernIreland/ni_segments/Robin_Swann_Ulster_Unionist_Party_South_Antrim_eASdEQHPB5w_001.wav
/Users/cianan/Documents/College/GitHub/FYP/Data/NorthernIreland/ni_segments/Robin_Swann_Ulster_Unionist_Party_South_Antrim_eASdEQHPB5w_002.wav,eASdEQHPB5w,2,35,65,Robin Swann,Ulster Unionist Party,South Antrim,Kells,Antrim,Ulster,Robin Swann MP’s Maiden Speech - 22 July 2024,parliament,,0.05-6.42,NI,/Users/cianan/Documents/College/GitHub/FYP/Data/NorthernIreland/ni_segments/Robin_Swann_Ulster_Unionist_Party_South_Antrim_eASdEQHPB5w_002.wav
/Users/cianan/Documents/College/GitHub/FYP/Data/NorthernIreland/ni_segments/Robin_Swann_Ulster_Unionist_Party_South_Antrim_eASdEQHPB5w_003.wav,eASdEQHPB5w,3,65,95,Robin Swann,Ulster Unionist Party,South Antrim,Kells,Antrim,Ulster,Robin Swann MP’s Maiden Speech - 22 July 2024,parliament,,0.05-6.42,NI,/Users/cianan/Documents/College/GitHub/FYP/Data/NorthernIreland/ni_segments/Robin_Swann_Ulster_Unionist_Party_South_Antrim_eASdEQHPB5w_003.wav
/Users/cianan/Documents/College/GitHub/FYP/Data/NorthernIreland/ni_segments/Robin_Swann_Ulster_Unionist_Party_South_Antrim_eASdEQHPB5w_004.wav,eASdEQHPB5w,4,95,125,Robin Swann,Ulster Unionist Party,South Antrim,Kells,Antrim,Ulster,Robin Swann MP’s Maiden Speech - 22 July 2024,parliament,,0.05-6.42,NI,/Users/cianan/Documents/College/GitHub/FYP/Data/NorthernIreland/ni_segments/Robin_Swann_Ulster_Unionist_Party_South_Antrim_eASdEQHPB5w_004.wav
/Users/cianan/Documents/College/GitHub/FYP/Data/NorthernIreland/ni_segments/Robin_Swann_Ulster_Unionist_Party_South_Antrim_eASdEQHPB5w_005.wav,eASdEQHPB5w,5,125,155,Robin Swann,Ulster Unionist Party,South Antrim,Kells,Antrim,Ulster,Robin Swann MP’s Maiden Speech - 22 July 2024,parliament,,0.05-6.42,NI,/Users/cianan/Documents/College/GitHub/FYP/Data/NorthernIreland/ni_segments/Robin_Swann_Ulster_Unionist_Party_South_Antrim_eASdEQHPB5w_005.wav
/Users/cianan/Documents/College/GitHub/FYP/Data/NorthernIreland/ni_segments/Robin_Swann_Ulster_Unionist_Party_South_Antrim_eASdEQHPB5w_006.wav,eASdEQHPB5w,6,155,185,Robin Swann,Ulster Unionist Party,South Antrim,Kells,Antrim,Ulster,Robin Swann MP’s Maiden Speech - 22 July 2024,parliament,,0.05-6.42,NI,/Users/cianan/Documents/College/GitHub/FYP/Data/NorthernIreland/ni_segments/Robin_Swann_Ulster_Unionist_Party_South_Antrim_eASdEQHPB5w_006.wav
/Users/cianan/Documents/College/GitHub/FYP/Data/NorthernIreland/ni_segments/Robin_Swann_Ulster_Unionist_Party_South_Antrim_eASdEQHPB5w_007.wav,eASdEQHPB5w,7,185,215,Robin Swann,Ulster Unionist Party,South Antrim,Kells,Antrim,Ulster,Robin Swann MP’s Maiden Speech - 22 July 2024,parliament,,0.05-6.42,NI,/Users/cianan/Documents/College/GitHub/FYP/Data/NorthernIreland/ni_segments/Robin_Swann_Ulster_Unionist_Party_South_Antrim_eASdEQHPB5w_007.wav
/Users/cianan/Documents/College/GitHub/FYP/Data/NorthernIreland/ni_segments/Robin_Swann_Ulster_Unionist_Party_South_Antrim_eASdEQHPB5w_008.wav,eASdEQHPB5w,8,215,245,Robin Swann,Ulster Unionist Party,South Antrim,Kells,Antrim,Ulster,Robin Swann MP’s Maiden Speech - 22 July 2024,parliament,,0.05-6.42,NI,/Users/cianan/Documents/College/GitHub/FYP/Data/NorthernIreland/ni_segments/Robin_Swann_Ulster_Unionist_Party_South_Antrim_eASdEQHPB5w_008.wav
/Users/cianan/Documents/College/GitHub/FYP/Data/NorthernIreland/ni_segments/Robin_Swann_Ulster_Unionist_Party_South_Antrim_eASdEQHPB5w_009.wav,eASdEQHPB5w,9,245,275,Robin Swann,Ulster Unionist Party,South Antrim,Kells,Antrim,Ulster,Robin Swann MP’s Maiden Speech - 22 July 2024,parliament,,0.05-6.42,NI,/Users/cianan/Documents/College/GitHub/FYP/Data/NorthernIreland/ni_segments/Robin_Swann_Ulster_Unionist_Party_South_Antrim_eASdEQHPB5w_009.wav
/Users/cianan/Documents/College/GitHub/FYP/Data/NorthernIreland/ni_segments/Robin_Swann_Ulster_Unionist_Party_South_Antrim_eASdEQHPB5w_010.wav,eASdEQHPB5w,10,275,305,Robin Swann,Ulster Unionist Party,South Antrim,Kells,Antrim,Ulster,Robin Swann MP’s Maiden Speech - 22 July 2024,parliament,,0.05-6.42,NI,/Users/cianan/Documents/College/GitHub/FYP/Data/NorthernIreland/ni_segments/Robin_Swann_Ulster_Unionist_Party_South_Antrim_eASdEQHPB5w_010.wav
/Users/cianan/Documents/College/GitHub/FYP/Data/NorthernIreland/ni_segments/Robin_Swann_Ulster_Unionist_Party_South_Antrim_eASdEQHPB5w_011.wav,eASdEQHPB5w,11,305,335,Robin Swann,Ulster Unionist Party,South Antrim,Kells,Antrim,Ulster,Robin Swann MP’s Maiden Speech - 22 July 2024,parliament,,0.05-6.42,NI,/Users/cianan/Documents/College/GitHub/FYP/Data/NorthernIreland/ni_segments/Robin_Swann_Ulster_Unionist_Party_South_Antrim_eASdEQHPB5w_011.wav
/Users/cianan/Documents/College/GitHub/FYP/Data/NorthernIreland/ni_segments/Robin_Swann_Ulster_Unionist_Party_South_Antrim_eASdEQHPB5w_012.wav,eASdEQHPB5w,12,335,365,Robin Swann,Ulster Unionist Party,South Antrim,Kells,Antrim,Ulster,Robin Swann MP’s Maiden Speech - 22 July 2024,parliament,,0.05-6.42,NI,/Users/cianan/Documents/College/GitHub/FYP/Data/NorthernIreland/ni_segments/Robin_Swann_Ulster_Unionist_Party_South_Antrim_eASdEQHPB5w_012.wav
/Users/cianan/Documents/College/GitHub/FYP/Data/NorthernIreland/ni_segments/Robin_Swann_Ulster_Unionist_Party_South_Antrim_eASdEQHPB5w_013.wav,eASdEQHPB5w,13,365,395,Robin Swann,Ulster Unionist Party,South Antrim,Kells,Antrim,Ulster,Robin Swann MP’s Maiden Speech - 22 July 2024,parliament,,0.05-6.42,NI,/Users/cianan/Documents/College/GitHub/FYP/Data/NorthernIreland/ni_segments/Robin_Swann_Ulster_Unionist_Party_South_Antrim_eASdEQHPB5w_013.wav
/Users/cianan/Documents/College/GitHub/FYP/Data/NorthernIreland/ni_segments/Robin_Swann_Ulster_Unionist_Party_South_Antrim_eASdEQHPB5w_014.wav,eASdEQHPB5w,14,395,402,Robin Swann,Ulster Unionist Party,South Antrim,Kells,Antrim,Ulster,Robin Swann MP’s Maiden Speech - 22 July 2024,parliament,,0.05-6.42,NI,/Users/cianan/Documents/College/GitHub/FYP/Data/NorthernIreland/ni_segments/Robin_Swann_Ulster_Unionist_Party_South_Antrim_eASdEQHPB5w_014.wav
/Users/cianan/Documents/College/GitHub/FYP/Data/NorthernIreland/ni_segments/Robin_Swann_Ulster_Unionist_Party_South_Antrim_sg8sSFcU1kc_001.wav,sg8sSFcU1kc,1,3,33,Robin Swann,Ulster Unionist Party,South Antrim,Kells,Antrim,Ulster,UUP Conference 2025 - Robin Swann MP,party conference,,0.03-11.27,NI,/Users/cianan/Documents/College/GitHub/FYP/Data/NorthernIreland/ni_segments/Robin_Swann_Ulster_Unionist_Party_South_Antrim_sg8sSFcU1kc_001.wav
/Users/cianan/Documents/College/GitHub/FYP/Data/NorthernIreland/ni_segments/Robin_Swann_Ulster_Unionist_Party_South_Antrim_sg8sSFcU1kc_002.wav,sg8sSFcU1kc,2,33,63,Robin Swann,Ulster Unionist Party,South Antrim,Kells,Antrim,Ulster,UUP Conference 2025 - Robin Swann MP,party conference,,0.03-11.27,NI,/Users/cianan/Documents/College/GitHub/FYP/Data/NorthernIreland/ni_segments/Robin_Swann_Ulster_Unionist_Party_South_Antrim_sg8sSFcU1kc_002.wav
/Users/cianan/Documents/College/GitHub/FYP/Data/NorthernIreland/ni_segments/Robin_Swann_Ulster_Unionist_Party_South_Antrim_sg8sSFcU1kc_003.wav,sg8sSFcU1kc,3,63,93,Robin Swann,Ulster Unionist Party,South Antrim,Kells,Antrim,Ulster,UUP Conference 2025 - Robin Swann MP,party conference,,0.03-11.27,NI,/Users/cianan/Documents/College/GitHub/FYP/Data/NorthernIreland/ni_segments/Robin_Swann_Ulster_Unionist_Party_South_Antrim_sg8sSFcU1kc_003.wav
/Users/cianan/Documents/College/GitHub/FYP/Data/NorthernIreland/ni_segments/Robin_Swann_Ulster_Unionist_Party_South_Antrim_sg8sSFcU1kc_004.wav,sg8sSFcU1kc,4,93,123,Robin Swann,Ulster Unionist Party,South Antrim,Kells,Antrim,Ulster,UUP Conference 2025 - Robin Swann MP,party conference,,0.03-11.27,NI,/Users/cianan/Documents/College/GitHub/FYP/Data/NorthernIreland/ni_segments/Robin_Swann_Ulster_Unionist_Party_South_Antrim_sg8sSFcU1kc_004.wav
/Users/cianan/Documents/College/GitHub/FYP/Data/NorthernIreland/ni_segments/Robin_Swann_Ulster_Unionist_Party_South_Antrim_sg8sSFcU1kc_005.wav,sg8sSFcU1kc,5,123,153,Robin Swann,Ulster Unionist Party,South Antrim,Kells,Antrim,Ulster,UUP Conference 2025 - Robin Swann MP,party conference,,0.03-11.27,NI,/Users/cianan/Documents/College/GitHub/FYP/Data/NorthernIreland/ni_segments/Robin_Swann_Ulster_Unionist_Party_South_Antrim_sg8sSFcU1kc_005.wav
/Users/cianan/Documents/College/GitHub/FYP/Data/NorthernIreland/ni_segments/Robin_Swann_Ulster_Unionist_Party_South_Antrim_sg8sSFcU1kc_006.wav,sg8sSFcU1kc,6,153,183,Robin Swann,Ulster Unionist Party,South Antrim,Kells,Antrim,Ulster,UUP Conference 2025 - Robin Swann MP,party conference,,0.03-11.27,NI,/Users/cianan/Documents/College/GitHub/FYP/Data/NorthernIreland/ni_segments/Robin_Swann_Ulster_Unionist_Party_South_Antrim_sg8sSFcU1kc_006.wav
/Users/cianan/Documents/College/GitHub/FYP/Data/NorthernIreland/ni_segments/Robin_Swann_Ulster_Unionist_Party_South_Antrim_sg8sSFcU1kc_007.wav,sg8sSFcU1kc,7,183,213,Robin Swann,Ulster Unionist Party,South Antrim,Kells,Antrim,Ulster,UUP Conference 2025 - Robin Swann MP,party conference,,0.03-11.27,NI,/Users/cianan/Documents/College/GitHub/FYP/Data/NorthernIreland/ni_segments/Robin_Swann_Ulster_Unionist_Party_South_Antrim_sg8sSFcU1kc_007.wav
/Users/cianan/Documents/College/GitHub/FYP/Data/NorthernIreland/ni_segments/Robin_Swann_Ulster_Unionist_Party_South_Antrim_sg8sSFcU1kc_008.wav,sg8sSFcU1kc,8,213,243,Robin Swann,Ulster Unionist Party,South Antrim,Kells,Antrim,Ulster,UUP Conference 2025 - Robin Swann MP,party conference,,0.03-11.27,NI,/Users/cianan/Documents/College/GitHub/FYP/Data/NorthernIreland/ni_segments/Robin_Swann_Ulster_Unionist_Party_South_Antrim_sg8sSFcU1kc_008.wav
/Users/cianan/Documents/College/GitHub/FYP/Data/NorthernIreland/ni_segments/Robin_Swann_Ulster_Unionist_Party_South_Antrim_sg8sSFcU1kc_009.wav,sg8sSFcU1kc,9,243,273,Robin Swann,Ulster Unionist Party,South Antrim,Kells,Antrim,Ulster,UUP Conference 2025 - Robin Swann MP,party conference,,0.03-11.27,NI,/Users/cianan/Documents/College/GitHub/FYP/Data/NorthernIreland/ni_segments/Robin_Swann_Ulster_Unionist_Party_South_Antrim_sg8sSFcU1kc_009.wav
/Users/cianan/Documents/College/GitHub/FYP/Data/NorthernIreland/ni_segments/Robin_Swann_Ulster_Unionist_Party_South_Antrim_sg8sSFcU1kc_010.wav,sg8sSFcU1kc,10,273,303,Robin Swann,Ulster Unionist Party,South Antrim,Kells,Antrim,Ulster,UUP Conference 2025 - Robin Swann MP,party conference,,0.03-11.27,NI,/Users/cianan/Documents/College/GitHub/FYP/Data/NorthernIreland/ni_segments/Robin_Swann_Ulster_Unionist_Party_South_Antrim_sg8sSFcU1kc_010.wav
/Users/cianan/Documents/College/GitHub/FYP/Data/NorthernIreland/ni_segments/Robin_Swann_Ulster_Unionist_Party_South_Antrim_sg8sSFcU1kc_011.wav,sg8sSFcU1kc,11,303,333,Robin Swann,Ulster Unionist Party,South Antrim,Kells,Antrim,Ulster,UUP Conference 2025 - Robin Swann MP,party conference,,0.03-11.27,NI,/Users/cianan/Documents/College/GitHub/FYP/Data/NorthernIreland/ni_segments/Robin_Swann_Ulster_Unionist_Party_South_Antrim_sg8sSFcU1kc_011.wav
/Users/cianan/Documents/College/GitHub/FYP/Data/NorthernIreland/ni_segments/Robin_Swann_Ulster_Unionist_Party_South_Antrim_sg8sSFcU1kc_012.wav,sg8sSFcU1kc,12,333,363,Robin Swann,Ulster Unionist Party,South Antrim,Kells,Antrim,Ulster,UUP Conference 2025 - Robin Swann MP,party conference,,0.03-11.27,NI,/Users/cianan/Documents/College/GitHub/FYP/Data/NorthernIreland/ni_segments/Robin_Swann_Ulster_Unionist_Party_South_Antrim_sg8sSFcU1kc_012.wav
/Users/cianan/Documents/College/GitHub/FYP/Data/NorthernIreland/ni_segments/Robin_Swann_Ulster_Unionist_Party_South_Antrim_sg8sSFcU1kc_013.wav,sg8sSFcU1kc,13,363,393,Robin Swann,Ulster Unionist Party,South Antrim,Kells,Antrim,Ulster,UUP Conference 2025 - Robin Swann MP,party conference,,0.03-11.27,NI,/Users/cianan/Documents/College/GitHub/FYP/Data/NorthernIreland/ni_segments/Robin_Swann_Ulster_Unionist_Party_South_Antrim_sg8sSFcU1kc_013.wav
/Users/cianan/Documents/College/GitHub/FYP/Data/NorthernIreland/ni_segments/Robin_Swann_Ulster_Unionist_Party_South_Antrim_sg8sSFcU1kc_014.wav,sg8sSFcU1kc,14,393,423,Robin Swann,Ulster Unionist Party,South Antrim,Kells,Antrim,Ulster,UUP Conference 2025 - Robin Swann MP,party conference,,0.03-11.27,NI,/Users/cianan/Documents/College/GitHub/FYP/Data/NorthernIreland/ni_segments/Robin_Swann_Ulster_Unionist_Party_South_Antrim_sg8sSFcU1kc_014.wav
/Users/cianan/Documents/College/GitHub/FYP/Data/NorthernIreland/ni_segments/Robin_Swann_Ulster_Unionist_Party_South_Antrim_sg8sSFcU1kc_015.wav,sg8sSFcU1kc,15,423,453,Robin Swann,Ulster Unionist Party,South Antrim,Kells,Antrim,Ulster,UUP Conference 2025 - Robin Swann MP,party conference,,0.03-11.27,NI,/Users/cianan/Documents/College/GitHub/FYP/Data/NorthernIreland/ni_segments/Robin_Swann_Ulster_Unionist_Party_South_Antrim_sg8sSFcU1kc_015.wav
/Users/cianan/Documents/College/GitHub/FYP/Data/NorthernIreland/ni_segments/Robin_Swann_Ulster_Unionist_Party_South_Antrim_sg8sSFcU1kc_016.wav,sg8sSFcU1kc,16,453,483,Robin Swann,Ulster Unionist Party,South Antrim,Kells,Antrim,Ulster,UUP Conference 2025 - Robin Swann MP,party conference,,0.03-11.27,NI,/Users/cianan/Documents/College/GitHub/FYP/Data/NorthernIreland/ni_segments/Robin_Swann_Ulster_Unionist_Party_South_Antrim_sg8sSFcU1kc_016.wav
/Users/cianan/Documents/College/GitHub/FYP/Data/NorthernIreland/ni_segments/Robin_Swann_Ulster_Unionist_Party_South_Antrim_sg8sSFcU1kc_017.wav,sg8sSFcU1kc,17,483,513,Robin Swann,Ulster Unionist Party,South Antrim,Kells,Antrim,Ulster,UUP Conference 2025 - Robin Swann MP,party conference,,0.03-11.27,NI,/Users/cianan/Documents/College/GitHub/FYP/Data/NorthernIreland/ni_segments/Robin_Swann_Ulster_Unionist_Party_South_Antrim_sg8sSFcU1kc_017.wav
/Users/cianan/Documents/College/GitHub/FYP/Data/NorthernIreland/ni_segments/Robin_Swann_Ulster_Unionist_Party_South_Antrim_sg8sSFcU1kc_018.wav,sg8sSFcU1kc,18,513,543,Robin Swann,Ulster Unionist Party,South Antrim,Kells,Antrim,Ulster,UUP Conference 2025 - Robin Swann MP,party conference,,0.03-11.27,NI,/Users/cianan/Documents/College/GitHub/FYP/Data/NorthernIreland/ni_segments/Robin_Swann_Ulster_Unionist_Party_South_Antrim_sg8sSFcU1kc_018.wav
/Users/cianan/Documents/College/GitHub/FYP/Data/NorthernIreland/ni_segments/Robin_Swann_Ulster_Unionist_Party_South_Antrim_sg8sSFcU1kc_019.wav,sg8sSFcU1kc,19,543,573,Robin Swann,Ulster Unionist Party,South Antrim,Kells,Antrim,Ulster,UUP Conference 2025 - Robin Swann MP,party conference,,0.03-11.27,NI,/Users/cianan/Documents/College/GitHub/FYP/Data/NorthernIreland/ni_segments/Robin_Swann_Ulster_Unionist_Party_South_Antrim_sg8sSFcU1kc_019.wav
/Users/cianan/Documents/College/GitHub/FYP/Data/NorthernIreland/ni_segments/Robin_Swann_Ulster_Unionist_Party_South_Antrim_sg8sSFcU1kc_020.wav,sg8sSFcU1kc,20,573,603,Robin Swann,Ulster Unionist Party,South Antrim,Kells,Antrim,Ulster,UUP Conference 2025 - Robin Swann MP,party conference,,0.03-11.27,NI,/Users/cianan/Documents/College/GitHub/FYP/Data/NorthernIreland/ni_segments/Robin_Swann_Ulster_Unionist_Party_South_Antrim_sg8sSFcU1kc_020.wav
/Users/cianan/Documents/College/GitHub/FYP/Data/NorthernIreland/ni_segments/Robin_Swann_Ulster_Unionist_Party_South_Antrim_sg8sSFcU1kc_021.wav,sg8sSFcU1kc,21,603,633,Robin Swann,Ulster Unionist Party,South Antrim,Kells,Antrim,Ulster,UUP Conference 2025 - Robin Swann MP,party conference,,0.03-11.27,NI,/Users/cianan/Documents/College/GitHub/FYP/Data/NorthernIreland/ni_segments/Robin_Swann_Ulster_Unionist_Party_South_Antrim_sg8sSFcU1kc_021.wav
/Users/cianan/Documents/College/GitHub/FYP/Data/NorthernIreland/ni_segments/Robin_Swann_Ulster_Unionist_Party_South_Antrim_sg8sSFcU1kc_022.wav,sg8sSFcU1kc,22,633,663,Robin Swann,Ulster Unionist Party,South Antrim,Kells,Antrim,Ulster,UUP Conference 2025 - Robin Swann MP,party conference,,0.03-11.27,NI,/Users/cianan/Documents/College/GitHub/FYP/Data/NorthernIreland/ni_segments/Robin_Swann_Ulster_Unionist_Party_South_Antrim_sg8sSFcU1kc_022.wav
/Users/cianan/Documents/College/GitHub/FYP/Data/NorthernIreland/ni_segments/Robin_Swann_Ulster_Unionist_Party_South_Antrim_sg8sSFcU1kc_023.wav,sg8sSFcU1kc,23,663,687,Robin Swann,Ulster Unionist Party,South Antrim,Kells,Antrim,Ulster,UUP Conference 2025 - Robin Swann MP,party conference,,0.03-11.27,NI,/Users/cianan/Documents/College/GitHub/FYP/Data/NorthernIreland/ni_segments/Robin_Swann_Ulster_Unionist_Party_South_Antrim_sg8sSFcU1kc_023.wav
/Users/cianan/Documents/College/GitHub/FYP/Data/NorthernIreland/ni_segments/Robin_Swann_Ulster_Unionist_Party_South_Antrim_Jwhty7PHOqs_001.wav,Jwhty7PHOqs,1,0,30,Robin Swann,Ulster Unionist Party,South Antrim,Kells,Antrim,Ulster,Replay | NI COVID-19 Briefing | Robin Swann | 2nd June 2020,interview,,"0.00 - 7.22, 13.28 - 14.35",NI,/Users/cianan/Documents/College/GitHub/FYP/Data/NorthernIreland/ni_segments/Robin_Swann_Ulster_Unionist_Party_South_Antrim_Jwhty7PHOqs_001.wav
/Users/cianan/Documents/College/GitHub/FYP/Data/NorthernIreland/ni_segments/Robin_Swann_Ulster_Unionist_Party_South_Antrim_Jwhty7PHOqs_002.wav,Jwhty7PHOqs,2,30,60,Robin Swann,Ulster Unionist Party,South Antrim,Kells,Antrim,Ulster,Replay | NI COVID-19 Briefing | Robin Swann | 2nd June 2020,interview,,"0.00 - 7.22, 13.28 - 14.35",NI,/Users/cianan/Documents/College/GitHub/FYP/Data/NorthernIreland/ni_segments/Robin_Swann_Ulster_Unionist_Party_South_Antrim_Jwhty7PHOqs_002.wav
/Users/cianan/Documents/College/GitHub/FYP/Data/NorthernIreland/ni_segments/Robin_Swann_Ulster_Unionist_Party_South_Antrim_Jwhty7PHOqs_003.wav,Jwhty7PHOqs,3,60,90,Robin Swann,Ulster Unionist Party,South Antrim,Kells,Antrim,Ulster,Replay | NI COVID-19 Briefing | Robin Swann | 2nd June 2020,interview,,"0.00 - 7.22, 13.28 - 14.35",NI,/Users/cianan/Documents/College/GitHub/FYP/Data/NorthernIreland/ni_segments/Robin_Swann_Ulster_Unionist_Party_South_Antrim_Jwhty7PHOqs_003.wav
/Users/cianan/Documents/College/GitHub/FYP/Data/NorthernIreland/ni_segments/Robin_Swann_Ulster_Unionist_Party_South_Antrim_Jwhty7PHOqs_004.wav,Jwhty7PHOqs,4,90,120,Robin Swann,Ulster Unionist Party,South Antrim,Kells,Antrim,Ulster,Replay | NI COVID-19 Briefing | Robin Swann | 2nd June 2020,interview,,"0.00 - 7.22, 13.28 - 14.35",NI,/Users/cianan/Documents/College/GitHub/FYP/Data/NorthernIreland/ni_segments/Robin_Swann_Ulster_Unionist_Party_South_Antrim_Jwhty7PHOqs_004.wav
/Users/cianan/Documents/College/GitHub/FYP/Data/NorthernIreland/ni_segments/Robin_Swann_Ulster_Unionist_Party_South_Antrim_Jwhty7PHOqs_005.wav,Jwhty7PHOqs,5,120,150,Robin Swann,Ulster Unionist Party,South Antrim,Kells,Antrim,Ulster,Replay | NI COVID-19 Briefing | Robin Swann | 2nd June 2020,interview,,"0.00 - 7.22, 13.28 - 14.35",NI,/Users/cianan/Documents/College/GitHub/FYP/Data/NorthernIreland/ni_segments/Robin_Swann_Ulster_Unionist_Party_South_Antrim_Jwhty7PHOqs_005.wav
/Users/cianan/Documents/College/GitHub/FYP/Data/NorthernIreland/ni_segments/Robin_Swann_Ulster_Unionist_Party_South_Antrim_Jwhty7PHOqs_006.wav,Jwhty7PHOqs,6,150,180,Robin Swann,Ulster Unionist Party,South Antrim,Kells,Antrim,Ulster,Replay | NI COVID-19 Briefing | Robin Swann | 2nd June 2020,interview,,"0.00 - 7.22, 13.28 - 14.35",NI,/Users/cianan/Documents/College/GitHub/FYP/Data/NorthernIreland/ni_segments/Robin_Swann_Ulster_Unionist_Party_South_Antrim_Jwhty7PHOqs_006.wav
/Users/cianan/Documents/College/GitHub/FYP/Data/NorthernIreland/ni_segments/Robin_Swann_Ulster_Unionist_Party_South_Antrim_Jwhty7PHOqs_007.wav,Jwhty7PHOqs,7,180,210,Robin Swann,Ulster Unionist Party,South Antrim,Kells,Antrim,Ulster,Replay | NI COVID-19 Briefing | Robin Swann | 2nd June 2020,interview,,"0.00 - 7.22, 13.28 - 14.35",NI,/Users/cianan/Documents/College/GitHub/FYP/Data/NorthernIreland/ni_segments/Robin_Swann_Ulster_Unionist_Party_South_Antrim_Jwhty7PHOqs_007.wav
/Users/cianan/Documents/College/GitHub/FYP/Data/NorthernIreland/ni_segments/Robin_Swann_Ulster_Unionist_Party_South_Antrim_Jwhty7PHOqs_008.wav,Jwhty7PHOqs,8,210,240,Robin Swann,Ulster Unionist Party,South Antrim,Kells,Antrim,Ulster,Replay | NI COVID-19 Briefing | Robin Swann | 2nd June 2020,interview,,"0.00 - 7.22, 13.28 - 14.35",NI,/Users/cianan/Documents/College/GitHub/FYP/Data/NorthernIreland/ni_segments/Robin_Swann_Ulster_Unionist_Party_South_Antrim_Jwhty7PHOqs_008.wav
/Users/cianan/Documents/College/GitHub/FYP/Data/NorthernIreland/ni_segments/Robin_Swann_Ulster_Unionist_Party_South_Antrim_Jwhty7PHOqs_009.wav,Jwhty7PHOqs,9,240,270,Robin Swann,Ulster Unionist Party,South Antrim,Kells,Antrim,Ulster,Replay | NI COVID-19 Briefing | Robin Swann | 2nd June 2020,interview,,"0.00 - 7.22, 13.28 - 14.35",NI,/Users/cianan/Documents/College/GitHub/FYP/Data/NorthernIreland/ni_segments/Robin_Swann_Ulster_Unionist_Party_South_Antrim_Jwhty7PHOqs_009.wav
/Users/cianan/Documents/College/GitHub/FYP/Data/NorthernIreland/ni_segments/Robin_Swann_Ulster_Unionist_Party_South_Antrim_Jwhty7PHOqs_010.wav,Jwhty7PHOqs,10,270,300,Robin Swann,Ulster Unionist Party,South Antrim,Kells,Antrim,Ulster,Replay | NI COVID-19 Briefing | Robin Swann | 2nd June 2020,interview,,"0.00 - 7.22, 13.28 - 14.35",NI,/Users/cianan/Documents/College/GitHub/FYP/Data/NorthernIreland/ni_segments/Robin_Swann_Ulster_Unionist_Party_South_Antrim_Jwhty7PHOqs_010.wav
/Users/cianan/Documents/College/GitHub/FYP/Data/NorthernIreland/ni_segments/Robin_Swann_Ulster_Unionist_Party_South_Antrim_Jwhty7PHOqs_011.wav,Jwhty7PHOqs,11,300,330,Robin Swann,Ulster Unionist Party,South Antrim,Kells,Antrim,Ulster,Replay | NI COVID-19 Briefing | Robin Swann | 2nd June 2020,interview,,"0.00 - 7.22, 13.28 - 14.35",NI,/Users/cianan/Documents/College/GitHub/FYP/Data/NorthernIreland/ni_segments/Robin_Swann_Ulster_Unionist_Party_South_Antrim_Jwhty7PHOqs_011.wav
/Users/cianan/Documents/College/GitHub/FYP/Data/NorthernIreland/ni_segments/Robin_Swann_Ulster_Unionist_Party_South_Antrim_Jwhty7PHOqs_012.wav,Jwhty7PHOqs,12,330,360,Robin Swann,Ulster Unionist Party,South Antrim,Kells,Antrim,Ulster,Replay | NI COVID-19 Briefing | Robin Swann | 2nd June 2020,interview,,"0.00 - 7.22, 13.28 - 14.35",NI,/Users/cianan/Documents/College/GitHub/FYP/Data/NorthernIreland/ni_segments/Robin_Swann_Ulster_Unionist_Party_South_Antrim_Jwhty7PHOqs_012.wav
/Users/cianan/Documents/College/GitHub/FYP/Data/NorthernIreland/ni_segments/Robin_Swann_Ulster_Unionist_Party_South_Antrim_Jwhty7PHOqs_013.wav,Jwhty7PHOqs,13,360,390,Robin Swann,Ulster Unionist Party,South Antrim,Kells,Antrim,Ulster,Replay | NI COVID-19 Briefing | Robin Swann | 2nd June 2020,interview,,"0.00 - 7.22, 13.28 - 14.35",NI,/Users/cianan/Documents/College/GitHub/FYP/Data/NorthernIreland/ni_segments/Robin_Swann_Ulster_Unionist_Party_South_Antrim_Jwhty7PHOqs_013.wav
/Users/cianan/Documents/College/GitHub/FYP/Data/NorthernIreland/ni_segments/Robin_Swann_Ulster_Unionist_Party_South_Antrim_Jwhty7PHOqs_014.wav,Jwhty7PHOqs,14,390,420,Robin Swann,Ulster Unionist Party,South Antrim,Kells,Antrim,Ulster,Replay | NI COVID-19 Briefing | Robin Swann | 2nd June 2020,interview,,"0.00 - 7.22, 13.28 - 14.35",NI,/Users/cianan/Documents/College/GitHub/FYP/Data/NorthernIreland/ni_segments/Robin_Swann_Ulster_Unionist_Party_South_Antrim_Jwhty7PHOqs_014.wav
/Users/cianan/Documents/College/GitHub/FYP/Data/NorthernIreland/ni_segments/Robin_Swann_Ulster_Unionist_Party_South_Antrim_Jwhty7PHOqs_015.wav,Jwhty7PHOqs,15,420,442,Robin Swann,Ulster Unionist Party,South Antrim,Kells,Antrim,Ulster,Replay | NI COVID-19 Briefing | Robin Swann | 2nd June 2020,interview,,"0.00 - 7.22, 13.28 - 14.35",NI,/Users/cianan/Documents/College/GitHub/FYP/Data/NorthernIreland/ni_segments/Robin_Swann_Ulster_Unionist_Party_South_Antrim_Jwhty7PHOqs_015.wav
/Users/cianan/Documents/College/GitHub/FYP/Data/NorthernIreland/ni_segments/Robin_Swann_Ulster_Unionist_Party_South_Antrim_Jwhty7PHOqs_016.wav,Jwhty7PHOqs,16,808,838,Robin Swann,Ulster Unionist Party,South Antrim,Kells,Antrim,Ulster,Replay | NI COVID-19 Briefing | Robin Swann | 2nd June 2020,interview,,"0.00 - 7.22, 13.28 - 14.35",NI,/Users/cianan/Documents/College/GitHub/FYP/Data/NorthernIreland/ni_segments/Robin_Swann_Ulster_Unionist_Party_South_Antrim_Jwhty7PHOqs_016.wav
/Users/cianan/Documents/College/GitHub/FYP/Data/NorthernIreland/ni_segments/Robin_Swann_Ulster_Unionist_Party_South_Antrim_Jwhty7PHOqs_017.wav,Jwhty7PHOqs,17,838,868,Robin Swann,Ulster Unionist Party,South Antrim,Kells,Antrim,Ulster,Replay | NI COVID-19 Briefing | Robin Swann | 2nd June 2020,interview,,"0.00 - 7.22, 13.28 - 14.35",NI,/Users/cianan/Documents/College/GitHub/FYP/Data/NorthernIreland/ni_segments/Robin_Swann_Ulster_Unionist_Party_South_Antrim_Jwhty7PHOqs_017.wav
/Users/cianan/Documents/College/GitHub/FYP/Data/NorthernIreland/ni_segments/Robin_Swann_Ulster_Unionist_Party_South_Antrim_Jwhty7PHOqs_018.wav,Jwhty7PHOqs,18,868,875,Robin Swann,Ulster Unionist Party,South Antrim,Kells,Antrim,Ulster,Replay | NI COVID-19 Briefing | Robin Swann | 2nd June 2020,interview,,"0.00 - 7.22, 13.28 - 14.35",NI,/Users/cianan/Documents/College/GitHub/FYP/Data/NorthernIreland/ni_segments/Robin_Swann_Ulster_Unionist_Party_South_Antrim_Jwhty7PHOqs_018.wav
/Users/cianan/Documents/College/GitHub/FYP/Data/NorthernIreland/ni_segments/Chris_Hazzard_Sinn_Fein_South_Down_Z-_a09t6pjE_001.wav,Z-_a09t6pjE,1,0,30,Chris Hazzard,Sinn Fein,South Down,Drumaness,Down,Ulster,Irish Unity only route back into EU - Chris Hazzard MP,interview,,,NI,/Users/cianan/Documents/College/GitHub/FYP/Data/NorthernIreland/ni_segments/Chris_Hazzard_Sinn_Fein_South_Down_Z-_a09t6pjE_001.wav
/Users/cianan/Documents/College/GitHub/FYP/Data/NorthernIreland/ni_segments/Chris_Hazzard_Sinn_Fein_South_Down_Z-_a09t6pjE_002.wav,Z-_a09t6pjE,2,30,60,Chris Hazzard,Sinn Fein,South Down,Drumaness,Down,Ulster,Irish Unity only route back into EU - Chris Hazzard MP,interview,,,NI,/Users/cianan/Documents/College/GitHub/FYP/Data/NorthernIreland/ni_segments/Chris_Hazzard_Sinn_Fein_South_Down_Z-_a09t6pjE_002.wav
/Users/cianan/Documents/College/GitHub/FYP/Data/NorthernIreland/ni_segments/Chris_Hazzard_Sinn_Fein_South_Down_fjJD31DjtLA_001.wav,fjJD31DjtLA,1,0,30,Chris Hazzard,Sinn Fein,South Down,Drumaness,Down,Ulster,Dire consequences facing Ireland over Brexit,street interview,,0.00-1.20,NI,/Users/cianan/Documents/College/GitHub/FYP/Data/NorthernIreland/ni_segments/Chris_Hazzard_Sinn_Fein_South_Down_fjJD31DjtLA_001.wav
/Users/cianan/Documents/College/GitHub/FYP/Data/NorthernIreland/ni_segments/Chris_Hazzard_Sinn_Fein_South_Down_fjJD31DjtLA_002.wav,fjJD31DjtLA,2,30,60,Chris Hazzard,Sinn Fein,South Down,Drumaness,Down,Ulster,Dire consequences facing Ireland over Brexit,street interview,,0.00-1.20,NI,/Users/cianan/Documents/College/GitHub/FYP/Data/NorthernIreland/ni_segments/Chris_Hazzard_Sinn_Fein_South_Down_fjJD31DjtLA_002.wav
/Users/cianan/Documents/College/GitHub/FYP/Data/NorthernIreland/ni_segments/Chris_Hazzard_Sinn_Fein_South_Down_fjJD31DjtLA_003.wav,fjJD31DjtLA,3,60,80,Chris Hazzard,Sinn Fein,South Down,Drumaness,Down,Ulster,Dire consequences facing Ireland over Brexit,street interview,,0.00-1.20,NI,/Users/cianan/Documents/College/GitHub/FYP/Data/NorthernIreland/ni_segments/Chris_Hazzard_Sinn_Fein_South_Down_fjJD31DjtLA_003.wav
/Users/cianan/Documents/College/GitHub/FYP/Data/NorthernIreland/ni_segments/Chris_Hazzard_Sinn_Fein_South_Down_R6H8q4LHQFE_001.wav,R6H8q4LHQFE,1,0,30,Chris Hazzard,Sinn Fein,South Down,Drumaness,Down,Ulster,Irish protocol must be implemented without delay - Chris Hazzard MP,street interview,,0.00-0.45,NI,/Users/cianan/Documents/College/GitHub/FYP/Data/NorthernIreland/ni_segments/Chris_Hazzard_Sinn_Fein_South_Down_R6H8q4LHQFE_001.wav
/Users/cianan/Documents/College/GitHub/FYP/Data/NorthernIreland/ni_segments/Chris_Hazzard_Sinn_Fein_South_Down_R6H8q4LHQFE_002.wav,R6H8q4LHQFE,2,30,45,Chris Hazzard,Sinn Fein,South Down,Drumaness,Down,Ulster,Irish protocol must be implemented without delay - Chris Hazzard MP,street interview,,0.00-0.45,NI,/Users/cianan/Documents/College/GitHub/FYP/Data/NorthernIreland/ni_segments/Chris_Hazzard_Sinn_Fein_South_Down_R6H8q4LHQFE_002.wav
/Users/cianan/Documents/College/GitHub/FYP/Data/NorthernIreland/ni_segments/Jim_Shannon_Democratic_Unionist_Party_Strangford_sLbz1qritL8_001.wav,sLbz1qritL8,1,3,33,Jim Shannon,Democratic Unionist Party,Strangford,Omagh,Tyrone,Ulster,Jim Shannon @ PMQs - Dissident Republicans in Londonderry,parliament,,0.03-0.45,NI,/Users/cianan/Documents/College/GitHub/FYP/Data/NorthernIreland/ni_segments/Jim_Shannon_Democratic_Unionist_Party_Strangford_sLbz1qritL8_001.wav
/Users/cianan/Documents/College/GitHub/FYP/Data/NorthernIreland/ni_segments/Jim_Shannon_Democratic_Unionist_Party_Strangford_sLbz1qritL8_002.wav,sLbz1qritL8,2,33,45,Jim Shannon,Democratic Unionist Party,Strangford,Omagh,Tyrone,Ulster,Jim Shannon @ PMQs - Dissident Republicans in Londonderry,parliament,,0.03-0.45,NI,/Users/cianan/Documents/College/GitHub/FYP/Data/NorthernIreland/ni_segments/Jim_Shannon_Democratic_Unionist_Party_Strangford_sLbz1qritL8_002.wav
/Users/cianan/Documents/College/GitHub/FYP/Data/NorthernIreland/ni_segments/Jim_Shannon_Democratic_Unionist_Party_Strangford_w7bDiRH8--s_001.wav,w7bDiRH8--s,1,45,75,Jim Shannon,Democratic Unionist Party,Strangford,Omagh,Tyrone,Ulster,Jim Shannon reflects on his mother-in-law's death,video call interview,,0.45-2.30,NI,/Users/cianan/Documents/College/GitHub/FYP/Data/NorthernIreland/ni_segments/Jim_Shannon_Democratic_Unionist_Party_Strangford_w7bDiRH8--s_001.wav
/Users/cianan/Documents/College/GitHub/FYP/Data/NorthernIreland/ni_segments/Jim_Shannon_Democratic_Unionist_Party_Strangford_w7bDiRH8--s_002.wav,w7bDiRH8--s,2,75,105,Jim Shannon,Democratic Unionist Party,Strangford,Omagh,Tyrone,Ulster,Jim Shannon reflects on his mother-in-law's death,video call interview,,0.45-2.30,NI,/Users/cianan/Documents/College/GitHub/FYP/Data/NorthernIreland/ni_segments/Jim_Shannon_Democratic_Unionist_Party_Strangford_w7bDiRH8--s_002.wav
/Users/cianan/Documents/College/GitHub/FYP/Data/NorthernIreland/ni_segments/Jim_Shannon_Democratic_Unionist_Party_Strangford_w7bDiRH8--s_003.wav,w7bDiRH8--s,3,105,135,Jim Shannon,Democratic Unionist Party,Strangford,Omagh,Tyrone,Ulster,Jim Shannon reflects on his mother-in-law's death,video call interview,,0.45-2.30,NI,/Users/cianan/Documents/College/GitHub/FYP/Data/NorthernIreland/ni_segments/Jim_Shannon_Democratic_Unionist_Party_Strangford_w7bDiRH8--s_003.wav
/Users/cianan/Documents/College/GitHub/FYP/Data/NorthernIreland/ni_segments/Jim_Shannon_Democratic_Unionist_Party_Strangford_w7bDiRH8--s_004.wav,w7bDiRH8--s,4,135,150,Jim Shannon,Democratic Unionist Party,Strangford,Omagh,Tyrone,Ulster,Jim Shannon reflects on his mother-in-law's death,video call interview,,0.45-2.30,NI,/Users/cianan/Documents/College/GitHub/FYP/Data/NorthernIreland/ni_segments/Jim_Shannon_Democratic_Unionist_Party_Strangford_w7bDiRH8--s_004.wav
/Users/cianan/Documents/College/GitHub/FYP/Data/NorthernIreland/ni_segments/Jim_Shannon_Democratic_Unionist_Party_Strangford_WU5ZoELBWY0_001.wav,WU5ZoELBWY0,1,0,30,Jim Shannon,Democratic Unionist Party,Strangford,Omagh,Tyrone,Ulster,Jim Shannon MP says an effective amnesty for Troubles terrorists is offensive,parliament,,0.00-0.39 ,NI,/Users/cianan/Documents/College/GitHub/FYP/Data/NorthernIreland/ni_segments/Jim_Shannon_Democratic_Unionist_Party_Strangford_WU5ZoELBWY0_001.wav
/Users/cianan/Documents/College/GitHub/FYP/Data/NorthernIreland/ni_segments/Jim_Shannon_Democratic_Unionist_Party_Strangford_WU5ZoELBWY0_002.wav,WU5ZoELBWY0,2,30,39,Jim Shannon,Democratic Unionist Party,Strangford,Omagh,Tyrone,Ulster,Jim Shannon MP says an effective amnesty for Troubles terrorists is offensive,parliament,,0.00-0.39 ,NI,/Users/cianan/Documents/College/GitHub/FYP/Data/NorthernIreland/ni_segments/Jim_Shannon_Democratic_Unionist_Party_Strangford_WU5ZoELBWY0_002.wav
/Users/cianan/Documents/College/GitHub/FYP/Data/NorthernIreland/ni_segments/Jim_Shannon_Democratic_Unionist_Party_Strangford_2GyrbqXCsSk_001.wav,2GyrbqXCsSk,1,10,40,Jim Shannon,Democratic Unionist Party,Strangford,Omagh,Tyrone,Ulster,History will be most kind to Lord Trimble because of what he's done' | Jim Shannon MP ,video call interview,,0.10-1.50,NI,/Users/cianan/Documents/College/GitHub/FYP/Data/NorthernIreland/ni_segments/Jim_Shannon_Democratic_Unionist_Party_Strangford_2GyrbqXCsSk_001.wav
/Users/cianan/Documents/College/GitHub/FYP/Data/NorthernIreland/ni_segments/Jim_Shannon_Democratic_Unionist_Party_Strangford_2GyrbqXCsSk_002.wav,2GyrbqXCsSk,2,40,70,Jim Shannon,Democratic Unionist Party,Strangford,Omagh,Tyrone,Ulster,History will be most kind to Lord Trimble because of what he's done' | Jim Shannon MP ,video call interview,,0.10-1.50,NI,/Users/cianan/Documents/College/GitHub/FYP/Data/NorthernIreland/ni_segments/Jim_Shannon_Democratic_Unionist_Party_Strangford_2GyrbqXCsSk_002.wav
/Users/cianan/Documents/College/GitHub/FYP/Data/NorthernIreland/ni_segments/Jim_Shannon_Democratic_Unionist_Party_Strangford_2GyrbqXCsSk_003.wav,2GyrbqXCsSk,3,70,100,Jim Shannon,Democratic Unionist Party,Strangford,Omagh,Tyrone,Ulster,History will be most kind to Lord Trimble because of what he's done' | Jim Shannon MP ,video call interview,,0.10-1.50,NI,/Users/cianan/Documents/College/GitHub/FYP/Data/NorthernIreland/ni_segments/Jim_Shannon_Democratic_Unionist_Party_Strangford_2GyrbqXCsSk_003.wav
/Users/cianan/Documents/College/GitHub/FYP/Data/NorthernIreland/ni_segments/Jim_Shannon_Democratic_Unionist_Party_Strangford_2GyrbqXCsSk_004.wav,2GyrbqXCsSk,4,100,110,Jim Shannon,Democratic Unionist Party,Strangford,Omagh,Tyrone,Ulster,History will be most kind to Lord Trimble because of what he's done' | Jim Shannon MP ,video call interview,,0.10-1.50,NI,/Users/cianan/Documents/College/GitHub/FYP/Data/NorthernIreland/ni_segments/Jim_Shannon_Democratic_Unionist_Party_Strangford_2GyrbqXCsSk_004.wav
/Users/cianan/Documents/College/GitHub/FYP/Data/NorthernIreland/ni_segments/Jim_Shannon_Democratic_Unionist_Party_Strangford_IVOdTOAXE4U_001.wav,IVOdTOAXE4U,1,1,31,Jim Shannon,Democratic Unionist Party,Strangford,Omagh,Tyrone,Ulster,Jim Shannon - Call for Action Against Paramilitary Criminality,parliament,,0.01-0.51,NI,/Users/cianan/Documents/College/GitHub/FYP/Data/NorthernIreland/ni_segments/Jim_Shannon_Democratic_Unionist_Party_Strangford_IVOdTOAXE4U_001.wav
/Users/cianan/Documents/College/GitHub/FYP/Data/NorthernIreland/ni_segments/Jim_Shannon_Democratic_Unionist_Party_Strangford_IVOdTOAXE4U_002.wav,IVOdTOAXE4U,2,31,51,Jim Shannon,Democratic Unionist Party,Strangford,Omagh,Tyrone,Ulster,Jim Shannon - Call for Action Against Paramilitary Criminality,parliament,,0.01-0.51,NI,/Users/cianan/Documents/College/GitHub/FYP/Data/NorthernIreland/ni_segments/Jim_Shannon_Democratic_Unionist_Party_Strangford_IVOdTOAXE4U_002.wav
/Users/cianan/Documents/College/GitHub/FYP/Data/NorthernIreland/ni_segments/Carla_Lockhart_Democratic_Unionist_Party_Upper_Bann_-tPouNPpFw4_001.wav,tPouNPpFw4,1,0,30,Carla Lockhart,Democratic Unionist Party,Upper Bann,Aughnacloy, Tyrone,Ulster,Carla Lockhart MP tells Government forcing abortion on Northern Ireland will undermine devolution,video call parliament,,,NI,/Users/cianan/Documents/College/GitHub/FYP/Data/NorthernIreland/ni_segments/Carla_Lockhart_Democratic_Unionist_Party_Upper_Bann_-tPouNPpFw4_001.wav
/Users/cianan/Documents/College/GitHub/FYP/Data/NorthernIreland/ni_segments/Carla_Lockhart_Democratic_Unionist_Party_Upper_Bann_-tPouNPpFw4_002.wav,tPouNPpFw4,2,30,60,Carla Lockhart,Democratic Unionist Party,Upper Bann,Aughnacloy, Tyrone,Ulster,Carla Lockhart MP tells Government forcing abortion on Northern Ireland will undermine devolution,video call parliament,,,NI,/Users/cianan/Documents/College/GitHub/FYP/Data/NorthernIreland/ni_segments/Carla_Lockhart_Democratic_Unionist_Party_Upper_Bann_-tPouNPpFw4_002.wav
/Users/cianan/Documents/College/GitHub/FYP/Data/NorthernIreland/ni_segments/Carla_Lockhart_Democratic_Unionist_Party_Upper_Bann_-tPouNPpFw4_003.wav,tPouNPpFw4,3,60,90,Carla Lockhart,Democratic Unionist Party,Upper Bann,Aughnacloy, Tyrone,Ulster,Carla Lockhart MP tells Government forcing abortion on Northern Ireland will undermine devolution,video call parliament,,,NI,/Users/cianan/Documents/College/GitHub/FYP/Data/NorthernIreland/ni_segments/Carla_Lockhart_Democratic_Unionist_Party_Upper_Bann_-tPouNPpFw4_003.wav
/Users/cianan/Documents/College/GitHub/FYP/Data/NorthernIreland/ni_segments/Carla_Lockhart_Democratic_Unionist_Party_Upper_Bann_-tPouNPpFw4_004.wav,tPouNPpFw4,4,90,120,Carla Lockhart,Democratic Unionist Party,Upper Bann,Aughnacloy, Tyrone,Ulster,Carla Lockhart MP tells Government forcing abortion on Northern Ireland will undermine devolution,video call parliament,,,NI,/Users/cianan/Documents/College/GitHub/FYP/Data/NorthernIreland/ni_segments/Carla_Lockhart_Democratic_Unionist_Party_Upper_Bann_-tPouNPpFw4_004.wav
/Users/cianan/Documents/College/GitHub/FYP/Data/NorthernIreland/ni_segments/Carla_Lockhart_Democratic_Unionist_Party_Upper_Bann_-tPouNPpFw4_005.wav,tPouNPpFw4,5,120,122,Carla Lockhart,Democratic Unionist Party,Upper Bann,Aughnacloy, Tyrone,Ulster,Carla Lockhart MP tells Government forcing abortion on Northern Ireland will undermine devolution,video call parliament,,,NI,/Users/cianan/Documents/College/GitHub/FYP/Data/NorthernIreland/ni_segments/Carla_Lockhart_Democratic_Unionist_Party_Upper_Bann_-tPouNPpFw4_005.wav
/Users/cianan/Documents/College/GitHub/FYP/Data/NorthernIreland/ni_segments/Carla_Lockhart_Democratic_Unionist_Party_Upper_Bann_HJq2Wr17onY_001.wav,HJq2Wr17onY,1,0,30,Carla Lockhart,Democratic Unionist Party,Upper Bann,Aughnacloy,Tyrone,Ulster,Carla Lockhart MP - Assisted Dying Debate - Full Speech,parliament,,0.00-4.40,NI,/Users/cianan/Documents/College/GitHub/FYP/Data/NorthernIreland/ni_segments/Carla_Lockhart_Democratic_Unionist_Party_Upper_Bann_HJq2Wr17onY_001.wav
/Users/cianan/Documents/College/GitHub/FYP/Data/NorthernIreland/ni_segments/Carla_Lockhart_Democratic_Unionist_Party_Upper_Bann_HJq2Wr17onY_002.wav,HJq2Wr17onY,2,30,60,Carla Lockhart,Democratic Unionist Party,Upper Bann,Aughnacloy,Tyrone,Ulster,Carla Lockhart MP - Assisted Dying Debate - Full Speech,parliament,,0.00-4.40,NI,/Users/cianan/Documents/College/GitHub/FYP/Data/NorthernIreland/ni_segments/Carla_Lockhart_Democratic_Unionist_Party_Upper_Bann_HJq2Wr17onY_002.wav
/Users/cianan/Documents/College/GitHub/FYP/Data/NorthernIreland/ni_segments/Carla_Lockhart_Democratic_Unionist_Party_Upper_Bann_HJq2Wr17onY_003.wav,HJq2Wr17onY,3,60,90,Carla Lockhart,Democratic Unionist Party,Upper Bann,Aughnacloy,Tyrone,Ulster,Carla Lockhart MP - Assisted Dying Debate - Full Speech,parliament,,0.00-4.40,NI,/Users/cianan/Documents/College/GitHub/FYP/Data/NorthernIreland/ni_segments/Carla_Lockhart_Democratic_Unionist_Party_Upper_Bann_HJq2Wr17onY_003.wav
/Users/cianan/Documents/College/GitHub/FYP/Data/NorthernIreland/ni_segments/Carla_Lockhart_Democratic_Unionist_Party_Upper_Bann_HJq2Wr17onY_004.wav,HJq2Wr17onY,4,90,120,Carla Lockhart,Democratic Unionist Party,Upper Bann,Aughnacloy,Tyrone,Ulster,Carla Lockhart MP - Assisted Dying Debate - Full Speech,parliament,,0.00-4.40,NI,/Users/cianan/Documents/College/GitHub/FYP/Data/NorthernIreland/ni_segments/Carla_Lockhart_Democratic_Unionist_Party_Upper_Bann_HJq2Wr17onY_004.wav
/Users/cianan/Documents/College/GitHub/FYP/Data/NorthernIreland/ni_segments/Carla_Lockhart_Democratic_Unionist_Party_Upper_Bann_HJq2Wr17onY_005.wav,HJq2Wr17onY,5,120,150,Carla Lockhart,Democratic Unionist Party,Upper Bann,Aughnacloy,Tyrone,Ulster,Carla Lockhart MP - Assisted Dying Debate - Full Speech,parliament,,0.00-4.40,NI,/Users/cianan/Documents/College/GitHub/FYP/Data/NorthernIreland/ni_segments/Carla_Lockhart_Democratic_Unionist_Party_Upper_Bann_HJq2Wr17onY_005.wav
/Users/cianan/Documents/College/GitHub/FYP/Data/NorthernIreland/ni_segments/Carla_Lockhart_Democratic_Unionist_Party_Upper_Bann_HJq2Wr17onY_006.wav,HJq2Wr17onY,6,150,180,Carla Lockhart,Democratic Unionist Party,Upper Bann,Aughnacloy,Tyrone,Ulster,Carla Lockhart MP - Assisted Dying Debate - Full Speech,parliament,,0.00-4.40,NI,/Users/cianan/Documents/College/GitHub/FYP/Data/NorthernIreland/ni_segments/Carla_Lockhart_Democratic_Unionist_Party_Upper_Bann_HJq2Wr17onY_006.wav
/Users/cianan/Documents/College/GitHub/FYP/Data/NorthernIreland/ni_segments/Carla_Lockhart_Democratic_Unionist_Party_Upper_Bann_HJq2Wr17onY_007.wav,HJq2Wr17onY,7,180,210,Carla Lockhart,Democratic Unionist Party,Upper Bann,Aughnacloy,Tyrone,Ulster,Carla Lockhart MP - Assisted Dying Debate - Full Speech,parliament,,0.00-4.40,NI,/Users/cianan/Documents/College/GitHub/FYP/Data/NorthernIreland/ni_segments/Carla_Lockhart_Democratic_Unionist_Party_Upper_Bann_HJq2Wr17onY_007.wav
/Users/cianan/Documents/College/GitHub/FYP/Data/NorthernIreland/ni_segments/Carla_Lockhart_Democratic_Unionist_Party_Upper_Bann_HJq2Wr17onY_008.wav,HJq2Wr17onY,8,210,240,Carla Lockhart,Democratic Unionist Party,Upper Bann,Aughnacloy,Tyrone,Ulster,Carla Lockhart MP - Assisted Dying Debate - Full Speech,parliament,,0.00-4.40,NI,/Users/cianan/Documents/College/GitHub/FYP/Data/NorthernIreland/ni_segments/Carla_Lockhart_Democratic_Unionist_Party_Upper_Bann_HJq2Wr17onY_008.wav
/Users/cianan/Documents/College/GitHub/FYP/Data/NorthernIreland/ni_segments/Carla_Lockhart_Democratic_Unionist_Party_Upper_Bann_HJq2Wr17onY_009.wav,HJq2Wr17onY,9,240,270,Carla Lockhart,Democratic Unionist Party,Upper Bann,Aughnacloy,Tyrone,Ulster,Carla Lockhart MP - Assisted Dying Debate - Full Speech,parliament,,0.00-4.40,NI,/Users/cianan/Documents/College/GitHub/FYP/Data/NorthernIreland/ni_segments/Carla_Lockhart_Democratic_Unionist_Party_Upper_Bann_HJq2Wr17onY_009.wav
/Users/cianan/Documents/College/GitHub/FYP/Data/NorthernIreland/ni_segments/Carla_Lockhart_Democratic_Unionist_Party_Upper_Bann_HJq2Wr17onY_010.wav,HJq2Wr17onY,10,270,280,Carla Lockhart,Democratic Unionist Party,Upper Bann,Aughnacloy,Tyrone,Ulster,Carla Lockhart MP - Assisted Dying Debate - Full Speech,parliament,,0.00-4.40,NI,/Users/cianan/Documents/College/GitHub/FYP/Data/NorthernIreland/ni_segments/Carla_Lockhart_Democratic_Unionist_Party_Upper_Bann_HJq2Wr17onY_010.wav
/Users/cianan/Documents/College/GitHub/FYP/Data/NorthernIreland/ni_segments/Carla_Lockhart_Democratic_Unionist_Party_Upper_Bann_6hX6CgwMp80_001.wav,6hX6CgwMp80,1,3,33,Carla Lockhart,Democratic Unionist Party,Upper Bann,Aughnacloy,Tyrone,Ulster,Carla Lockhart MP speaks out against forcing abortion on the people of NI against their will,parliament,,0.03-0.42,NI,/Users/cianan/Documents/College/GitHub/FYP/Data/NorthernIreland/ni_segments/Carla_Lockhart_Democratic_Unionist_Party_Upper_Bann_6hX6CgwMp80_001.wav
/Users/cianan/Documents/College/GitHub/FYP/Data/NorthernIreland/ni_segments/Carla_Lockhart_Democratic_Unionist_Party_Upper_Bann_6hX6CgwMp80_002.wav,6hX6CgwMp80,2,33,42,Carla Lockhart,Democratic Unionist Party,Upper Bann,Aughnacloy,Tyrone,Ulster,Carla Lockhart MP speaks out against forcing abortion on the people of NI against their will,parliament,,0.03-0.42,NI,/Users/cianan/Documents/College/GitHub/FYP/Data/NorthernIreland/ni_segments/Carla_Lockhart_Democratic_Unionist_Party_Upper_Bann_6hX6CgwMp80_002.wav
/Users/cianan/Documents/College/GitHub/FYP/Data/NorthernIreland/ni_segments/Carla_Lockhart_Democratic_Unionist_Party_Upper_Bann_fRIzW8s4ZDI_001.wav,fRIzW8s4ZDI,1,0,30,Carla Lockhart,Democratic Unionist Party,Upper Bann,Aughnacloy,Tyrone,Ulster,Carla Lockhart MP calls for urgent Government action on the disastrous Protocol,parliament,,"0.00-4.05, 4.46-6.07, 6.36-7.43",NI,/Users/cianan/Documents/College/GitHub/FYP/Data/NorthernIreland/ni_segments/Carla_Lockhart_Democratic_Unionist_Party_Upper_Bann_fRIzW8s4ZDI_001.wav
/Users/cianan/Documents/College/GitHub/FYP/Data/NorthernIreland/ni_segments/Carla_Lockhart_Democratic_Unionist_Party_Upper_Bann_fRIzW8s4ZDI_002.wav,fRIzW8s4ZDI,2,30,60,Carla Lockhart,Democratic Unionist Party,Upper Bann,Aughnacloy,Tyrone,Ulster,Carla Lockhart MP calls for urgent Government action on the disastrous Protocol,parliament,,"0.00-4.05, 4.46-6.07, 6.36-7.43",NI,/Users/cianan/Documents/College/GitHub/FYP/Data/NorthernIreland/ni_segments/Carla_Lockhart_Democratic_Unionist_Party_Upper_Bann_fRIzW8s4ZDI_002.wav
/Users/cianan/Documents/College/GitHub/FYP/Data/NorthernIreland/ni_segments/Carla_Lockhart_Democratic_Unionist_Party_Upper_Bann_fRIzW8s4ZDI_003.wav,fRIzW8s4ZDI,3,60,90,Carla Lockhart,Democratic Unionist Party,Upper Bann,Aughnacloy,Tyrone,Ulster,Carla Lockhart MP calls for urgent Government action on the disastrous Protocol,parliament,,"0.00-4.05, 4.46-6.07, 6.36-7.43",NI,/Users/cianan/Documents/College/GitHub/FYP/Data/NorthernIreland/ni_segments/Carla_Lockhart_Democratic_Unionist_Party_Upper_Bann_fRIzW8s4ZDI_003.wav
/Users/cianan/Documents/College/GitHub/FYP/Data/NorthernIreland/ni_segments/Carla_Lockhart_Democratic_Unionist_Party_Upper_Bann_fRIzW8s4ZDI_004.wav,fRIzW8s4ZDI,4,90,120,Carla Lockhart,Democratic Unionist Party,Upper Bann,Aughnacloy,Tyrone,Ulster,Carla Lockhart MP calls for urgent Government action on the disastrous Protocol,parliament,,"0.00-4.05, 4.46-6.07, 6.36-7.43",NI,/Users/cianan/Documents/College/GitHub/FYP/Data/NorthernIreland/ni_segments/Carla_Lockhart_Democratic_Unionist_Party_Upper_Bann_fRIzW8s4ZDI_004.wav
/Users/cianan/Documents/College/GitHub/FYP/Data/NorthernIreland/ni_segments/Carla_Lockhart_Democratic_Unionist_Party_Upper_Bann_fRIzW8s4ZDI_005.wav,fRIzW8s4ZDI,5,120,150,Carla Lockhart,Democratic Unionist Party,Upper Bann,Aughnacloy,Tyrone,Ulster,Carla Lockhart MP calls for urgent Government action on the disastrous Protocol,parliament,,"0.00-4.05, 4.46-6.07, 6.36-7.43",NI,/Users/cianan/Documents/College/GitHub/FYP/Data/NorthernIreland/ni_segments/Carla_Lockhart_Democratic_Unionist_Party_Upper_Bann_fRIzW8s4ZDI_005.wav
/Users/cianan/Documents/College/GitHub/FYP/Data/NorthernIreland/ni_segments/Carla_Lockhart_Democratic_Unionist_Party_Upper_Bann_fRIzW8s4ZDI_006.wav,fRIzW8s4ZDI,6,150,180,Carla Lockhart,Democratic Unionist Party,Upper Bann,Aughnacloy,Tyrone,Ulster,Carla Lockhart MP calls for urgent Government action on the disastrous Protocol,parliament,,"0.00-4.05, 4.46-6.07, 6.36-7.43",NI,/Users/cianan/Documents/College/GitHub/FYP/Data/NorthernIreland/ni_segments/Carla_Lockhart_Democratic_Unionist_Party_Upper_Bann_fRIzW8s4ZDI_006.wav
/Users/cianan/Documents/College/GitHub/FYP/Data/NorthernIreland/ni_segments/Carla_Lockhart_Democratic_Unionist_Party_Upper_Bann_fRIzW8s4ZDI_007.wav,fRIzW8s4ZDI,7,180,210,Carla Lockhart,Democratic Unionist Party,Upper Bann,Aughnacloy,Tyrone,Ulster,Carla Lockhart MP calls for urgent Government action on the disastrous Protocol,parliament,,"0.00-4.05, 4.46-6.07, 6.36-7.43",NI,/Users/cianan/Documents/College/GitHub/FYP/Data/NorthernIreland/ni_segments/Carla_Lockhart_Democratic_Unionist_Party_Upper_Bann_fRIzW8s4ZDI_007.wav
/Users/cianan/Documents/College/GitHub/FYP/Data/NorthernIreland/ni_segments/Carla_Lockhart_Democratic_Unionist_Party_Upper_Bann_fRIzW8s4ZDI_008.wav,fRIzW8s4ZDI,8,210,240,Carla Lockhart,Democratic Unionist Party,Upper Bann,Aughnacloy,Tyrone,Ulster,Carla Lockhart MP calls for urgent Government action on the disastrous Protocol,parliament,,"0.00-4.05, 4.46-6.07, 6.36-7.43",NI,/Users/cianan/Documents/College/GitHub/FYP/Data/NorthernIreland/ni_segments/Carla_Lockhart_Democratic_Unionist_Party_Upper_Bann_fRIzW8s4ZDI_008.wav
/Users/cianan/Documents/College/GitHub/FYP/Data/NorthernIreland/ni_segments/Carla_Lockhart_Democratic_Unionist_Party_Upper_Bann_fRIzW8s4ZDI_009.wav,fRIzW8s4ZDI,9,240,245,Carla Lockhart,Democratic Unionist Party,Upper Bann,Aughnacloy,Tyrone,Ulster,Carla Lockhart MP calls for urgent Government action on the disastrous Protocol,parliament,,"0.00-4.05, 4.46-6.07, 6.36-7.43",NI,/Users/cianan/Documents/College/GitHub/FYP/Data/NorthernIreland/ni_segments/Carla_Lockhart_Democratic_Unionist_Party_Upper_Bann_fRIzW8s4ZDI_009.wav
/Users/cianan/Documents/College/GitHub/FYP/Data/NorthernIreland/ni_segments/Carla_Lockhart_Democratic_Unionist_Party_Upper_Bann_fRIzW8s4ZDI_010.wav,fRIzW8s4ZDI,10,286,316,Carla Lockhart,Democratic Unionist Party,Upper Bann,Aughnacloy,Tyrone,Ulster,Carla Lockhart MP calls for urgent Government action on the disastrous Protocol,parliament,,"0.00-4.05, 4.46-6.07, 6.36-7.43",NI,/Users/cianan/Documents/College/GitHub/FYP/Data/NorthernIreland/ni_segments/Carla_Lockhart_Democratic_Unionist_Party_Upper_Bann_fRIzW8s4ZDI_010.wav
/Users/cianan/Documents/College/GitHub/FYP/Data/NorthernIreland/ni_segments/Carla_Lockhart_Democratic_Unionist_Party_Upper_Bann_fRIzW8s4ZDI_011.wav,fRIzW8s4ZDI,11,316,346,Carla Lockhart,Democratic Unionist Party,Upper Bann,Aughnacloy,Tyrone,Ulster,Carla Lockhart MP calls for urgent Government action on the disastrous Protocol,parliament,,"0.00-4.05, 4.46-6.07, 6.36-7.43",NI,/Users/cianan/Documents/College/GitHub/FYP/Data/NorthernIreland/ni_segments/Carla_Lockhart_Democratic_Unionist_Party_Upper_Bann_fRIzW8s4ZDI_011.wav
/Users/cianan/Documents/College/GitHub/FYP/Data/NorthernIreland/ni_segments/Carla_Lockhart_Democratic_Unionist_Party_Upper_Bann_fRIzW8s4ZDI_012.wav,fRIzW8s4ZDI,12,346,367,Carla Lockhart,Democratic Unionist Party,Upper Bann,Aughnacloy,Tyrone,Ulster,Carla Lockhart MP calls for urgent Government action on the disastrous Protocol,parliament,,"0.00-4.05, 4.46-6.07, 6.36-7.43",NI,/Users/cianan/Documents/College/GitHub/FYP/Data/NorthernIreland/ni_segments/Carla_Lockhart_Democratic_Unionist_Party_Upper_Bann_fRIzW8s4ZDI_012.wav
/Users/cianan/Documents/College/GitHub/FYP/Data/NorthernIreland/ni_segments/Carla_Lockhart_Democratic_Unionist_Party_Upper_Bann_fRIzW8s4ZDI_013.wav,fRIzW8s4ZDI,13,396,426,Carla Lockhart,Democratic Unionist Party,Upper Bann,Aughnacloy,Tyrone,Ulster,Carla Lockhart MP calls for urgent Government action on the disastrous Protocol,parliament,,"0.00-4.05, 4.46-6.07, 6.36-7.43",NI,/Users/cianan/Documents/College/GitHub/FYP/Data/NorthernIreland/ni_segments/Carla_Lockhart_Democratic_Unionist_Party_Upper_Bann_fRIzW8s4ZDI_013.wav
/Users/cianan/Documents/College/GitHub/FYP/Data/NorthernIreland/ni_segments/Carla_Lockhart_Democratic_Unionist_Party_Upper_Bann_fRIzW8s4ZDI_014.wav,fRIzW8s4ZDI,14,426,456,Carla Lockhart,Democratic Unionist Party,Upper Bann,Aughnacloy,Tyrone,Ulster,Carla Lockhart MP calls for urgent Government action on the disastrous Protocol,parliament,,"0.00-4.05, 4.46-6.07, 6.36-7.43",NI,/Users/cianan/Documents/College/GitHub/FYP/Data/NorthernIreland/ni_segments/Carla_Lockhart_Democratic_Unionist_Party_Upper_Bann_fRIzW8s4ZDI_014.wav
/Users/cianan/Documents/College/GitHub/FYP/Data/NorthernIreland/ni_segments/Carla_Lockhart_Democratic_Unionist_Party_Upper_Bann_fRIzW8s4ZDI_015.wav,fRIzW8s4ZDI,15,456,463,Carla Lockhart,Democratic Unionist Party,Upper Bann,Aughnacloy,Tyrone,Ulster,Carla Lockhart MP calls for urgent Government action on the disastrous Protocol,parliament,,"0.00-4.05, 4.46-6.07, 6.36-7.43",NI,/Users/cianan/Documents/College/GitHub/FYP/Data/NorthernIreland/ni_segments/Carla_Lockhart_Democratic_Unionist_Party_Upper_Bann_fRIzW8s4ZDI_015.wav
/Users/cianan/Documents/College/GitHub/FYP/Data/NorthernIreland/ni_segments/Orfhlaith_Begley_Sinn_Fein_West_Tyrone_Nv4ffqhJIKM_001.wav,Nv4ffqhJIKM,1,0,30,Orfhlaith Begley,Sinn Fein,West Tyrone,Carrickmore,Tyrone,Ulster,Orfhlaith Begley by-election appeal to voters,street speech,,,NI,/Users/cianan/Documents/College/GitHub/FYP/Data/NorthernIreland/ni_segments/Orfhlaith_Begley_Sinn_Fein_West_Tyrone_Nv4ffqhJIKM_001.wav
/Users/cianan/Documents/College/GitHub/FYP/Data/NorthernIreland/ni_segments/Orfhlaith_Begley_Sinn_Fein_West_Tyrone_Nv4ffqhJIKM_002.wav,Nv4ffqhJIKM,2,30,31,Orfhlaith Begley,Sinn Fein,West Tyrone,Carrickmore,Tyrone,Ulster,Orfhlaith Begley by-election appeal to voters,street speech,,,NI,/Users/cianan/Documents/College/GitHub/FYP/Data/NorthernIreland/ni_segments/Orfhlaith_Begley_Sinn_Fein_West_Tyrone_Nv4ffqhJIKM_002.wav
/Users/cianan/Documents/College/GitHub/FYP/Data/NorthernIreland/ni_segments/Orfhlaith_Begley_Sinn_Fein_West_Tyrone_oP1lV0b2834_001.wav,oP1lV0b2834,1,13,43,Orfhlaith Begley,Sinn Fein,West Tyrone,Carrickmore,Tyrone,Ulster,Órfhlaith Begley a New Sinn Féin Voice for a New Era,acceptance speech,,0.13-6.45,NI,/Users/cianan/Documents/College/GitHub/FYP/Data/NorthernIreland/ni_segments/Orfhlaith_Begley_Sinn_Fein_West_Tyrone_oP1lV0b2834_001.wav
/Users/cianan/Documents/College/GitHub/FYP/Data/NorthernIreland/ni_segments/Orfhlaith_Begley_Sinn_Fein_West_Tyrone_oP1lV0b2834_002.wav,oP1lV0b2834,2,43,73,Orfhlaith Begley,Sinn Fein,West Tyrone,Carrickmore,Tyrone,Ulster,Órfhlaith Begley a New Sinn Féin Voice for a New Era,acceptance speech,,0.13-6.45,NI,/Users/cianan/Documents/College/GitHub/FYP/Data/NorthernIreland/ni_segments/Orfhlaith_Begley_Sinn_Fein_West_Tyrone_oP1lV0b2834_002.wav
/Users/cianan/Documents/College/GitHub/FYP/Data/NorthernIreland/ni_segments/Orfhlaith_Begley_Sinn_Fein_West_Tyrone_oP1lV0b2834_003.wav,oP1lV0b2834,3,73,103,Orfhlaith Begley,Sinn Fein,West Tyrone,Carrickmore,Tyrone,Ulster,Órfhlaith Begley a New Sinn Féin Voice for a New Era,acceptance speech,,0.13-6.45,NI,/Users/cianan/Documents/College/GitHub/FYP/Data/NorthernIreland/ni_segments/Orfhlaith_Begley_Sinn_Fein_West_Tyrone_oP1lV0b2834_003.wav
/Users/cianan/Documents/College/GitHub/FYP/Data/NorthernIreland/ni_segments/Orfhlaith_Begley_Sinn_Fein_West_Tyrone_oP1lV0b2834_004.wav,oP1lV0b2834,4,103,133,Orfhlaith Begley,Sinn Fein,West Tyrone,Carrickmore,Tyrone,Ulster,Órfhlaith Begley a New Sinn Féin Voice for a New Era,acceptance speech,,0.13-6.45,NI,/Users/cianan/Documents/College/GitHub/FYP/Data/NorthernIreland/ni_segments/Orfhlaith_Begley_Sinn_Fein_West_Tyrone_oP1lV0b2834_004.wav
/Users/cianan/Documents/College/GitHub/FYP/Data/NorthernIreland/ni_segments/Orfhlaith_Begley_Sinn_Fein_West_Tyrone_oP1lV0b2834_005.wav,oP1lV0b2834,5,133,163,Orfhlaith Begley,Sinn Fein,West Tyrone,Carrickmore,Tyrone,Ulster,Órfhlaith Begley a New Sinn Féin Voice for a New Era,acceptance speech,,0.13-6.45,NI,/Users/cianan/Documents/College/GitHub/FYP/Data/NorthernIreland/ni_segments/Orfhlaith_Begley_Sinn_Fein_West_Tyrone_oP1lV0b2834_005.wav
/Users/cianan/Documents/College/GitHub/FYP/Data/NorthernIreland/ni_segments/Orfhlaith_Begley_Sinn_Fein_West_Tyrone_oP1lV0b2834_006.wav,oP1lV0b2834,6,163,193,Orfhlaith Begley,Sinn Fein,West Tyrone,Carrickmore,Tyrone,Ulster,Órfhlaith Begley a New Sinn Féin Voice for a New Era,acceptance speech,,0.13-6.45,NI,/Users/cianan/Documents/College/GitHub/FYP/Data/NorthernIreland/ni_segments/Orfhlaith_Begley_Sinn_Fein_West_Tyrone_oP1lV0b2834_006.wav
/Users/cianan/Documents/College/GitHub/FYP/Data/NorthernIreland/ni_segments/Orfhlaith_Begley_Sinn_Fein_West_Tyrone_oP1lV0b2834_007.wav,oP1lV0b2834,7,193,223,Orfhlaith Begley,Sinn Fein,West Tyrone,Carrickmore,Tyrone,Ulster,Órfhlaith Begley a New Sinn Féin Voice for a New Era,acceptance speech,,0.13-6.45,NI,/Users/cianan/Documents/College/GitHub/FYP/Data/NorthernIreland/ni_segments/Orfhlaith_Begley_Sinn_Fein_West_Tyrone_oP1lV0b2834_007.wav
/Users/cianan/Documents/College/GitHub/FYP/Data/NorthernIreland/ni_segments/Orfhlaith_Begley_Sinn_Fein_West_Tyrone_oP1lV0b2834_008.wav,oP1lV0b2834,8,223,253,Orfhlaith Begley,Sinn Fein,West Tyrone,Carrickmore,Tyrone,Ulster,Órfhlaith Begley a New Sinn Féin Voice for a New Era,acceptance speech,,0.13-6.45,NI,/Users/cianan/Documents/College/GitHub/FYP/Data/NorthernIreland/ni_segments/Orfhlaith_Begley_Sinn_Fein_West_Tyrone_oP1lV0b2834_008.wav
/Users/cianan/Documents/College/GitHub/FYP/Data/NorthernIreland/ni_segments/Orfhlaith_Begley_Sinn_Fein_West_Tyrone_oP1lV0b2834_009.wav,oP1lV0b2834,9,253,283,Orfhlaith Begley,Sinn Fein,West Tyrone,Carrickmore,Tyrone,Ulster,Órfhlaith Begley a New Sinn Féin Voice for a New Era,acceptance speech,,0.13-6.45,NI,/Users/cianan/Documents/College/GitHub/FYP/Data/NorthernIreland/ni_segments/Orfhlaith_Begley_Sinn_Fein_West_Tyrone_oP1lV0b2834_009.wav
/Users/cianan/Documents/College/GitHub/FYP/Data/NorthernIreland/ni_segments/Orfhlaith_Begley_Sinn_Fein_West_Tyrone_oP1lV0b2834_010.wav,oP1lV0b2834,10,283,313,Orfhlaith Begley,Sinn Fein,West Tyrone,Carrickmore,Tyrone,Ulster,Órfhlaith Begley a New Sinn Féin Voice for a New Era,acceptance speech,,0.13-6.45,NI,/Users/cianan/Documents/College/GitHub/FYP/Data/NorthernIreland/ni_segments/Orfhlaith_Begley_Sinn_Fein_West_Tyrone_oP1lV0b2834_010.wav
/Users/cianan/Documents/College/GitHub/FYP/Data/NorthernIreland/ni_segments/Orfhlaith_Begley_Sinn_Fein_West_Tyrone_oP1lV0b2834_011.wav,oP1lV0b2834,11,313,343,Orfhlaith Begley,Sinn Fein,West Tyrone,Carrickmore,Tyrone,Ulster,Órfhlaith Begley a New Sinn Féin Voice for a New Era,acceptance speech,,0.13-6.45,NI,/Users/cianan/Documents/College/GitHub/FYP/Data/NorthernIreland/ni_segments/Orfhlaith_Begley_Sinn_Fein_West_Tyrone_oP1lV0b2834_011.wav
/Users/cianan/Documents/College/GitHub/FYP/Data/NorthernIreland/ni_segments/Orfhlaith_Begley_Sinn_Fein_West_Tyrone_oP1lV0b2834_012.wav,oP1lV0b2834,12,343,373,Orfhlaith Begley,Sinn Fein,West Tyrone,Carrickmore,Tyrone,Ulster,Órfhlaith Begley a New Sinn Féin Voice for a New Era,acceptance speech,,0.13-6.45,NI,/Users/cianan/Documents/College/GitHub/FYP/Data/NorthernIreland/ni_segments/Orfhlaith_Begley_Sinn_Fein_West_Tyrone_oP1lV0b2834_012.wav
/Users/cianan/Documents/College/GitHub/FYP/Data/NorthernIreland/ni_segments/Orfhlaith_Begley_Sinn_Fein_West_Tyrone_oP1lV0b2834_013.wav,oP1lV0b2834,13,373,403,Orfhlaith Begley,Sinn Fein,West Tyrone,Carrickmore,Tyrone,Ulster,Órfhlaith Begley a New Sinn Féin Voice for a New Era,acceptance speech,,0.13-6.45,NI,/Users/cianan/Documents/College/GitHub/FYP/Data/NorthernIreland/ni_segments/Orfhlaith_Begley_Sinn_Fein_West_Tyrone_oP1lV0b2834_013.wav
/Users/cianan/Documents/College/GitHub/FYP/Data/NorthernIreland/ni_segments/Orfhlaith_Begley_Sinn_Fein_West_Tyrone_oP1lV0b2834_014.wav,oP1lV0b2834,14,403,405,Orfhlaith Begley,Sinn Fein,West Tyrone,Carrickmore,Tyrone,Ulster,Órfhlaith Begley a New Sinn Féin Voice for a New Era,acceptance speech,,0.13-6.45,NI,/Users/cianan/Documents/College/GitHub/FYP/Data/NorthernIreland/ni_segments/Orfhlaith_Begley_Sinn_Fein_West_Tyrone_oP1lV0b2834_014.wav
/Users/cianan/Documents/College/GitHub/FYP/Data/NorthernIreland/ni_segments/Orfhlaith_Begley_Sinn_Fein_West_Tyrone_8jXvSjxyWBw_001.wav,8jXvSjxyWBw,1,0,30,Orfhlaith Begley,Sinn Fein,West Tyrone,Carrickmore,Tyrone,Ulster,Órfhlaith Begley elected MP for West Tyrone,interview,,0.00-0.56,NI,/Users/cianan/Documents/College/GitHub/FYP/Data/NorthernIreland/ni_segments/Orfhlaith_Begley_Sinn_Fein_West_Tyrone_8jXvSjxyWBw_001.wav
/Users/cianan/Documents/College/GitHub/FYP/Data/NorthernIreland/ni_segments/Orfhlaith_Begley_Sinn_Fein_West_Tyrone_8jXvSjxyWBw_002.wav,8jXvSjxyWBw,2,30,56,Orfhlaith Begley,Sinn Fein,West Tyrone,Carrickmore,Tyrone,Ulster,Órfhlaith Begley elected MP for West Tyrone,interview,,0.00-0.56,NI,/Users/cianan/Documents/College/GitHub/FYP/Data/NorthernIreland/ni_segments/Orfhlaith_Begley_Sinn_Fein_West_Tyrone_8jXvSjxyWBw_002.wav
/Users/cianan/Documents/College/GitHub/FYP/Data/DailData/roi_audio_processed/U1FlGieXtF8_Deputy Aengus Ó Snodaigh - Government Business - 0.wav,U1FlGieXtF8,1,30,60,aengus o snodaigh,Sinn Fein,Dublin South-Central,Dublin City,Dublin City Centre,Leinster,U1FlGieXtF8_Deputy Aengus √ì Snodaigh - Government Business - 0.wav,parliament,,0.30-1.00,DAIL,/Users/cianan/Documents/College/GitHub/FYP/Data/DailData/roi_audio_processed/U1FlGieXtF8_Deputy Aengus Ó Snodaigh - Government Business - 0.wav
/Users/cianan/Documents/College/GitHub/FYP/Data/DailData/roi_audio_processed/L1Xxjb8RhuY_Deputy Aengus Ó Snodaigh - Government Business - 1.wav,L1Xxjb8RhuY,1,30,60,aengus o snodaigh,Sinn Fein,Dublin South-Central,Dublin City,Dublin City Centre,Leinster,L1Xxjb8RhuY_Deputy Aengus √ì Snodaigh - Government Business - 1.wav,parliament,,0.30-1.00,DAIL,/Users/cianan/Documents/College/GitHub/FYP/Data/DailData/roi_audio_processed/L1Xxjb8RhuY_Deputy Aengus Ó Snodaigh - Government Business - 1.wav
/Users/cianan/Documents/College/GitHub/FYP/Data/DailData/roi_audio_processed/3ok9HSmjDMo_Senator Aidan Davitt - speech from 11 Jul 2019.wav,3ok9HSmjDMo,1,30,60,aidan davitt,Fianna Fail,,Mullingar,Westmeath,Leinster,3ok9HSmjDMo_Senator Aidan Davitt - speech from 11 Jul 2019.wav,parliament,,0.30-1.00,DAIL,/Users/cianan/Documents/College/GitHub/FYP/Data/DailData/roi_audio_processed/3ok9HSmjDMo_Senator Aidan Davitt - speech from 11 Jul 2019.wav
/Users/cianan/Documents/College/GitHub/FYP/Data/DailData/roi_audio_processed/b0cZnEPA_6Y_Senator Aidan Davitt - speech from 19 Jun 2019.wav,b0cZnEPA_6Y,1,30,60,aidan davitt,Fianna Fail,,Mullingar,Westmeath,Leinster,b0cZnEPA_6Y_Senator Aidan Davitt - speech from 19 Jun 2019.wav,parliament,,0.30-1.00,DAIL,/Users/cianan/Documents/College/GitHub/FYP/Data/DailData/roi_audio_processed/b0cZnEPA_6Y_Senator Aidan Davitt - speech from 19 Jun 2019.wav
/Users/cianan/Documents/College/GitHub/FYP/Data/DailData/roi_audio_processed/18HejjWOTe8_Senator Aidan Davitt - speech from 2 Oct 2019.wav,18HejjWOTe8,1,30,60,aidan davitt,Fianna Fail,,Mullingar,Westmeath,Leinster,18HejjWOTe8_Senator Aidan Davitt - speech from 2 Oct 2019.wav,parliament,,0.30-1.00,DAIL,/Users/cianan/Documents/College/GitHub/FYP/Data/DailData/roi_audio_processed/18HejjWOTe8_Senator Aidan Davitt - speech from 2 Oct 2019.wav
/Users/cianan/Documents/College/GitHub/FYP/Data/DailData/roi_audio_processed/uoQFY4spowY_Deputy Aindrias Moynihan - Topical Issues - 12.03..wav,uoQFY4spowY,1,30,60,aindrias moynihan,Fianna Fail,Cork North-West,Macroom,Cork,Munster,uoQFY4spowY_Deputy Aindrias Moynihan - Topical Issues - 12.03..wav,parliament,,0.30-1.00,DAIL,/Users/cianan/Documents/College/GitHub/FYP/Data/DailData/roi_audio_processed/uoQFY4spowY_Deputy Aindrias Moynihan - Topical Issues - 12.03..wav
/Users/cianan/Documents/College/GitHub/FYP/Data/DailData/roi_audio_processed/sDjVoK4cxVE_Deputy Aindrias Moynihan - Government Business - 1.wav,sDjVoK4cxVE,1,30,60,aindrias moynihan,Fianna Fail,Cork North-West,Macroom,Cork,Munster,sDjVoK4cxVE_Deputy Aindrias Moynihan - Government Business - 1.wav,parliament,,0.30-1.00,DAIL,/Users/cianan/Documents/College/GitHub/FYP/Data/DailData/roi_audio_processed/sDjVoK4cxVE_Deputy Aindrias Moynihan - Government Business - 1.wav
/Users/cianan/Documents/College/GitHub/FYP/Data/DailData/roi_audio_processed/oMa8y7xYXTc_Deputy Aindrias Moynihan - Priority Questions - 28.wav,oMa8y7xYXTc,1,30,60,aindrias moynihan,Fianna Fail,Cork North-West,Macroom,Cork,Munster,oMa8y7xYXTc_Deputy Aindrias Moynihan - Priority Questions - 28.wav,parliament,,0.30-1.00,DAIL,/Users/cianan/Documents/College/GitHub/FYP/Data/DailData/roi_audio_processed/oMa8y7xYXTc_Deputy Aindrias Moynihan - Priority Questions - 28.wav
/Users/cianan/Documents/College/GitHub/FYP/Data/DailData/roi_audio_processed/ATNwVZu50l0_Deputy Alan Kelly - Leaders’ Questions - 18 Sep 20.wav,ATNwVZu50l0,1,30,60,alan kelly,Labour,Tipperary,Nenagh,Tipperary,Munster,ATNwVZu50l0_Deputy Alan Kelly - Leaders‚Äô Questions - 18 Sep 20.wav,parliament,,0.30-1.00,DAIL,/Users/cianan/Documents/College/GitHub/FYP/Data/DailData/roi_audio_processed/ATNwVZu50l0_Deputy Alan Kelly - Leaders’ Questions - 18 Sep 20.wav
/Users/cianan/Documents/College/GitHub/FYP/Data/DailData/roi_audio_processed/LxL15N5OCC8_Senator Alice-Mary Higgins - speech from 8 May 201.wav,LxL15N5OCC8,1,30,60,alice mary higgins,Independent,,Galway City,Galway,Connacht,LxL15N5OCC8_Senator Alice-Mary Higgins - speech from 8 May 201.wav,parliament,,0.30-1.00,DAIL,/Users/cianan/Documents/College/GitHub/FYP/Data/DailData/roi_audio_processed/LxL15N5OCC8_Senator Alice-Mary Higgins - speech from 8 May 201.wav
/Users/cianan/Documents/College/GitHub/FYP/Data/DailData/roi_audio_processed/tCPhzjbYfdE_Senator Alice-Mary Higgins - speech from 12 Jun 20.wav,tCPhzjbYfdE,1,30,60,alice mary higgins,Independent,,Galway City,Galway,Connacht,tCPhzjbYfdE_Senator Alice-Mary Higgins - speech from 12 Jun 20.wav,parliament,,0.30-1.00,DAIL,/Users/cianan/Documents/College/GitHub/FYP/Data/DailData/roi_audio_processed/tCPhzjbYfdE_Senator Alice-Mary Higgins - speech from 12 Jun 20.wav
/Users/cianan/Documents/College/GitHub/FYP/Data/DailData/roi_audio_processed/v4Jo4a9b2EM_Senator Alice-Mary Higgins - speech from 24 Sep 20.wav,v4Jo4a9b2EM,1,30,60,alice mary higgins,Independent,,Galway City,Galway,Connacht,v4Jo4a9b2EM_Senator Alice-Mary Higgins - speech from 24 Sep 20.wav,parliament,,0.30-1.00,DAIL,/Users/cianan/Documents/College/GitHub/FYP/Data/DailData/roi_audio_processed/v4Jo4a9b2EM_Senator Alice-Mary Higgins - speech from 24 Sep 20.wav
/Users/cianan/Documents/College/GitHub/FYP/Data/DailData/roi_audio_processed/NCPAEAUI8Vg_Senator Alice-Mary Higgins - speech from 15 May 20.wav,NCPAEAUI8Vg,1,30,60,alice mary higgins,Independent,,Galway City,Galway,Connacht,NCPAEAUI8Vg_Senator Alice-Mary Higgins - speech from 15 May 20.wav,parliament,,0.30-1.00,DAIL,/Users/cianan/Documents/College/GitHub/FYP/Data/DailData/roi_audio_processed/NCPAEAUI8Vg_Senator Alice-Mary Higgins - speech from 15 May 20.wav
/Users/cianan/Documents/College/GitHub/FYP/Data/DailData/roi_audio_processed/1CYbdAWMJx0_Senator Alice-Mary Higgins - speech from 29 May 20.wav,1CYbdAWMJx0,1,30,60,alice mary higgins,Independent,,Galway City,Galway,Connacht,1CYbdAWMJx0_Senator Alice-Mary Higgins - speech from 29 May 20.wav,parliament,,0.30-1.00,DAIL,/Users/cianan/Documents/College/GitHub/FYP/Data/DailData/roi_audio_processed/1CYbdAWMJx0_Senator Alice-Mary Higgins - speech from 29 May 20.wav
/Users/cianan/Documents/College/GitHub/FYP/Data/DailData/roi_audio_processed/MFbc35e0S_M_Senator Alice-Mary Higgins - speech from 12 Jul 20.wav,MFbc35e0S_M,1,30,60,alice mary higgins,Independent,,Galway City,Galway,Connacht,MFbc35e0S_M_Senator Alice-Mary Higgins - speech from 12 Jul 20.wav,parliament,,0.30-1.00,DAIL,/Users/cianan/Documents/College/GitHub/FYP/Data/DailData/roi_audio_processed/MFbc35e0S_M_Senator Alice-Mary Higgins - speech from 12 Jul 20.wav
/Users/cianan/Documents/College/GitHub/FYP/Data/DailData/roi_audio_processed/E--YO4RJXBg_Alice Mary Higgins - speech from  18 Apr 2019.wav,E--YO4RJXBg,1,30,60,alice mary higgins,Independent,,Galway City,Galway,Connacht,E--YO4RJXBg_Alice Mary Higgins - speech from  18 Apr 2019.wav,parliament,,0.30-1.00,DAIL,/Users/cianan/Documents/College/GitHub/FYP/Data/DailData/roi_audio_processed/E--YO4RJXBg_Alice Mary Higgins - speech from  18 Apr 2019.wav
/Users/cianan/Documents/College/GitHub/FYP/Data/DailData/roi_audio_processed/szEbbgJfwxY_Alice Mary Higgins - speech from  09 Apr 2019.wav,szEbbgJfwxY,1,30,60,alice mary higgins,Independent,,Galway City,Galway,Connacht,szEbbgJfwxY_Alice Mary Higgins - speech from  09 Apr 2019.wav,parliament,,0.30-1.00,DAIL,/Users/cianan/Documents/College/GitHub/FYP/Data/DailData/roi_audio_processed/szEbbgJfwxY_Alice Mary Higgins - speech from  09 Apr 2019.wav
/Users/cianan/Documents/College/GitHub/FYP/Data/DailData/roi_audio_processed/eFVFaQgWIDQ_Alice Mary Higgins - speech from  09 Apr 2019.wav,eFVFaQgWIDQ,1,30,60,alice mary higgins,Independent,,Galway City,Galway,Connacht,eFVFaQgWIDQ_Alice Mary Higgins - speech from  09 Apr 2019.wav,parliament,,0.30-1.00,DAIL,/Users/cianan/Documents/College/GitHub/FYP/Data/DailData/roi_audio_processed/eFVFaQgWIDQ_Alice Mary Higgins - speech from  09 Apr 2019.wav
/Users/cianan/Documents/College/GitHub/FYP/Data/DailData/roi_audio_processed/5fmEMIke44g_Alice Mary Higgins  - speech from  11 Apr 2019.wav,5fmEMIke44g,1,30,60,alice mary higgins,Independent,,Galway City,Galway,Connacht,5fmEMIke44g_Alice Mary Higgins  - speech from  11 Apr 2019.wav,parliament,,0.30-1.00,DAIL,/Users/cianan/Documents/College/GitHub/FYP/Data/DailData/roi_audio_processed/5fmEMIke44g_Alice Mary Higgins  - speech from  11 Apr 2019.wav
/Users/cianan/Documents/College/GitHub/FYP/Data/DailData/roi_audio_processed/fU9DOQMH4Uo_Alice Mary Higgins - speech from  09 Apr 2019.wav,fU9DOQMH4Uo,1,30,60,alice mary higgins,Independent,,Galway City,Galway,Connacht,fU9DOQMH4Uo_Alice Mary Higgins - speech from  09 Apr 2019.wav,parliament,,0.30-1.00,DAIL,/Users/cianan/Documents/College/GitHub/FYP/Data/DailData/roi_audio_processed/fU9DOQMH4Uo_Alice Mary Higgins - speech from  09 Apr 2019.wav
/Users/cianan/Documents/College/GitHub/FYP/Data/DailData/roi_audio_processed/8DwB06BrThk_Deputy Andrew Doyle - Private Members’ Business - .wav,8DwB06BrThk,1,30,60,andrew doyle,Fine Gael,Wicklow,Dublin City,Dublin City Centre,Leinster,8DwB06BrThk_Deputy Andrew Doyle - Private Members‚Äô Business - .wav,parliament,,0.30-1.00,DAIL,/Users/cianan/Documents/College/GitHub/FYP/Data/DailData/roi_audio_processed/8DwB06BrThk_Deputy Andrew Doyle - Private Members’ Business - .wav
/Users/cianan/Documents/College/GitHub/FYP/Data/DailData/roi_audio_processed/y6WJGKABOQQ_Deputy Andrew Doyle - Government Business - 15 May.wav,y6WJGKABOQQ,1,30,60,andrew doyle,Fine Gael,Wicklow,Dublin City,Dublin City Centre,Leinster,y6WJGKABOQQ_Deputy Andrew Doyle - Government Business - 15 May.wav,parliament,,0.30-1.00,DAIL,/Users/cianan/Documents/College/GitHub/FYP/Data/DailData/roi_audio_processed/y6WJGKABOQQ_Deputy Andrew Doyle - Government Business - 15 May.wav
/Users/cianan/Documents/College/GitHub/FYP/Data/DailData/roi_audio_processed/hJxLOpy25x4_Deputy Anne Rabbitte - Questions on Promised Legis.wav,hJxLOpy25x4,1,30,60,anne rabbitte,Fianna Fail,Galway East,Portumna,Galway,Connacht,hJxLOpy25x4_Deputy Anne Rabbitte - Questions on Promised Legis.wav,parliament,,0.30-1.00,DAIL,/Users/cianan/Documents/College/GitHub/FYP/Data/DailData/roi_audio_processed/hJxLOpy25x4_Deputy Anne Rabbitte - Questions on Promised Legis.wav
/Users/cianan/Documents/College/GitHub/FYP/Data/DailData/roi_audio_processed/GqT-bLgRSmg_Deputy Anne Rabbitte - Order of Business - 26.03.2.wav,GqT-bLgRSmg,1,30,60,anne rabbitte,Fianna Fail,Galway East,Portumna,Galway,Connacht,GqT-bLgRSmg_Deputy Anne Rabbitte - Order of Business - 26.03.2.wav,parliament,,0.30-1.00,DAIL,/Users/cianan/Documents/College/GitHub/FYP/Data/DailData/roi_audio_processed/GqT-bLgRSmg_Deputy Anne Rabbitte - Order of Business - 26.03.2.wav
/Users/cianan/Documents/College/GitHub/FYP/Data/DailData/roi_audio_processed/TYhJZDezUCQ_Senator Anthony Lawlor - speech from 28 May 2019.wav,TYhJZDezUCQ,1,30,60,anthony lawlor,Fine Gael,Kildare North,Johnstown,Kildare,Leinster,TYhJZDezUCQ_Senator Anthony Lawlor - speech from 28 May 2019.wav,parliament,,0.30-1.00,DAIL,/Users/cianan/Documents/College/GitHub/FYP/Data/DailData/roi_audio_processed/TYhJZDezUCQ_Senator Anthony Lawlor - speech from 28 May 2019.wav
/Users/cianan/Documents/College/GitHub/FYP/Data/DailData/roi_audio_processed/LIVHH2-g1Y8_Senator Anthony Lawlor - speech from 9 Jul 2019.wav,LIVHH2-g1Y8,1,30,60,anthony lawlor,Fine Gael,Kildare North,Johnstown,Kildare,Leinster,LIVHH2-g1Y8_Senator Anthony Lawlor - speech from 9 Jul 2019.wav,parliament,,0.30-1.00,DAIL,/Users/cianan/Documents/College/GitHub/FYP/Data/DailData/roi_audio_processed/LIVHH2-g1Y8_Senator Anthony Lawlor - speech from 9 Jul 2019.wav
/Users/cianan/Documents/College/GitHub/FYP/Data/DailData/roi_audio_processed/9tZEv3S8MXU_Senator Anthony Lawlor - speech from 3 Jul 2019.wav,9tZEv3S8MXU,1,30,60,anthony lawlor,Fine Gael,Kildare North,Johnstown,Kildare,Leinster,9tZEv3S8MXU_Senator Anthony Lawlor - speech from 3 Jul 2019.wav,parliament,,0.30-1.00,DAIL,/Users/cianan/Documents/College/GitHub/FYP/Data/DailData/roi_audio_processed/9tZEv3S8MXU_Senator Anthony Lawlor - speech from 3 Jul 2019.wav
/Users/cianan/Documents/College/GitHub/FYP/Data/DailData/roi_audio_processed/e-FLqXQI9NU_Senator Anthony Lawlor - speech from 15 May 2019.wav,e-FLqXQI9NU,1,30,60,anthony lawlor,Fine Gael,Kildare North,Johnstown,Kildare,Leinster,e-FLqXQI9NU_Senator Anthony Lawlor - speech from 15 May 2019.wav,parliament,,0.30-1.00,DAIL,/Users/cianan/Documents/College/GitHub/FYP/Data/DailData/roi_audio_processed/e-FLqXQI9NU_Senator Anthony Lawlor - speech from 15 May 2019.wav
/Users/cianan/Documents/College/GitHub/FYP/Data/DailData/roi_audio_processed/WfLBpC2M8hk_Senator Anthony Lawlor - speech from 12 Jun 2019.wav,WfLBpC2M8hk,1,30,60,anthony lawlor,Fine Gael,Kildare North,Johnstown,Kildare,Leinster,WfLBpC2M8hk_Senator Anthony Lawlor - speech from 12 Jun 2019.wav,parliament,,0.30-1.00,DAIL,/Users/cianan/Documents/College/GitHub/FYP/Data/DailData/roi_audio_processed/WfLBpC2M8hk_Senator Anthony Lawlor - speech from 12 Jun 2019.wav
/Users/cianan/Documents/College/GitHub/FYP/Data/DailData/roi_audio_processed/qB8tCAsJSQk_Senator Anthony Lawlor - speech from 25 Sep 2019.wav,qB8tCAsJSQk,1,30,60,anthony lawlor,Fine Gael,Kildare North,Johnstown,Kildare,Leinster,qB8tCAsJSQk_Senator Anthony Lawlor - speech from 25 Sep 2019.wav,parliament,,0.30-1.00,DAIL,/Users/cianan/Documents/College/GitHub/FYP/Data/DailData/roi_audio_processed/qB8tCAsJSQk_Senator Anthony Lawlor - speech from 25 Sep 2019.wav
/Users/cianan/Documents/College/GitHub/FYP/Data/DailData/roi_audio_processed/udxKz2ntmd8_Deputy Aodhán Ó Ríordáin – speech from 03 Sep 2020.wav,udxKz2ntmd8,1,30,60,aodhan o riordain,Labour,Dublin Bay North,Malahide,Dublin Fingal,Leinster,udxKz2ntmd8_Deputy Aodh√°n √ì R√≠ord√°in ‚Äì speech from 03 Sep 2020.wav,parliament,,0.30-1.00,DAIL,/Users/cianan/Documents/College/GitHub/FYP/Data/DailData/roi_audio_processed/udxKz2ntmd8_Deputy Aodhán Ó Ríordáin – speech from 03 Sep 2020.wav
/Users/cianan/Documents/College/GitHub/FYP/Data/DailData/roi_audio_processed/dRv449SXOrw_Deputy Aodhán Ó Ríordáin - speech from 17 Dec 2020.wav,dRv449SXOrw,1,30,60,aodhan o riordain,Labour,Dublin Bay North,Malahide,Dublin Fingal,Leinster,dRv449SXOrw_Deputy Aodh√°n √ì R√≠ord√°in - speech from 17 Dec 2020.wav,parliament,,0.30-1.00,DAIL,/Users/cianan/Documents/College/GitHub/FYP/Data/DailData/roi_audio_processed/dRv449SXOrw_Deputy Aodhán Ó Ríordáin - speech from 17 Dec 2020.wav
/Users/cianan/Documents/College/GitHub/FYP/Data/DailData/roi_audio_processed/H1TQb-de6uc_Deputy Aodhán Ó Ríordáin - speech from 07 May 2020.wav,H1TQb-de6uc,1,30,60,aodhan o riordain,Labour,Dublin Bay North,Malahide,Dublin Fingal,Leinster,H1TQb-de6uc_Deputy Aodh√°n √ì R√≠ord√°in - speech from 07 May 2020.wav,parliament,,0.30-1.00,DAIL,/Users/cianan/Documents/College/GitHub/FYP/Data/DailData/roi_audio_processed/H1TQb-de6uc_Deputy Aodhán Ó Ríordáin - speech from 07 May 2020.wav
/Users/cianan/Documents/College/GitHub/FYP/Data/DailData/roi_audio_processed/Bcv55ExW8kA_Senator Aodhán Ó Ríordáin - Private Members’ Busin.wav,Bcv55ExW8kA,1,30,60,aodhan o riordain,Labour,Dublin Bay North,Malahide,Dublin Fingal,Leinster,Bcv55ExW8kA_Senator Aodh√°n √ì R√≠ord√°in - Private Members‚Äô Busin.wav,parliament,,0.30-1.00,DAIL,/Users/cianan/Documents/College/GitHub/FYP/Data/DailData/roi_audio_processed/Bcv55ExW8kA_Senator Aodhán Ó Ríordáin - Private Members’ Busin.wav
/Users/cianan/Documents/College/GitHub/FYP/Data/DailData/roi_audio_processed/a2_pK9eMjeM_Senator Aodhán Ó Ríordáin - speech from 12 Jun 201.wav,a2_pK9eMjeM,1,30,60,aodhan o riordain,Labour,Dublin Bay North,Malahide,Dublin Fingal,Leinster,a2_pK9eMjeM_Senator Aodh√°n √ì R√≠ord√°in - speech from 12 Jun 201.wav,parliament,,0.30-1.00,DAIL,/Users/cianan/Documents/College/GitHub/FYP/Data/DailData/roi_audio_processed/a2_pK9eMjeM_Senator Aodhán Ó Ríordáin - speech from 12 Jun 201.wav
/Users/cianan/Documents/College/GitHub/FYP/Data/DailData/roi_audio_processed/tCYc6EBzpBQ_Senator Aodhán Ó Ríordáin - Private Members’ Busin.wav,tCYc6EBzpBQ,1,30,60,aodhan o riordain,Labour,Dublin Bay North,Malahide,Dublin Fingal,Leinster,tCYc6EBzpBQ_Senator Aodh√°n √ì R√≠ord√°in - Private Members‚Äô Busin.wav,parliament,,0.30-1.00,DAIL,/Users/cianan/Documents/College/GitHub/FYP/Data/DailData/roi_audio_processed/tCYc6EBzpBQ_Senator Aodhán Ó Ríordáin - Private Members’ Busin.wav
/Users/cianan/Documents/College/GitHub/FYP/Data/DailData/roi_audio_processed/XGUG8mTIM0g_Senator Aodhán Ó Ríordáin - Order of Business - 15.wav,XGUG8mTIM0g,1,30,60,aodhan o riordain,Labour,Dublin Bay North,Malahide,Dublin Fingal,Leinster,XGUG8mTIM0g_Senator Aodh√°n √ì R√≠ord√°in - Order of Business - 15.wav,parliament,,0.30-1.00,DAIL,/Users/cianan/Documents/College/GitHub/FYP/Data/DailData/roi_audio_processed/XGUG8mTIM0g_Senator Aodhán Ó Ríordáin - Order of Business - 15.wav
/Users/cianan/Documents/College/GitHub/FYP/Data/DailData/roi_audio_processed/aVbco-S47kU_Senator Aodhán Ó Ríordáin - speech from 25 Sep 201.wav,aVbco-S47kU,1,30,60,aodhan o riordain,Labour,Dublin Bay North,Malahide,Dublin Fingal,Leinster,aVbco-S47kU_Senator Aodh√°n √ì R√≠ord√°in - speech from 25 Sep 201.wav,parliament,,0.30-1.00,DAIL,/Users/cianan/Documents/College/GitHub/FYP/Data/DailData/roi_audio_processed/aVbco-S47kU_Senator Aodhán Ó Ríordáin - speech from 25 Sep 201.wav
/Users/cianan/Documents/College/GitHub/FYP/Data/DailData/roi_audio_processed/I1zbJdoQ9zw_Deputy Aodhán Ó Ríordáin – speech from 17 Sep 2020.wav,I1zbJdoQ9zw,1,30,60,aodhan o riordain,Labour,Dublin Bay North,Malahide,Dublin Fingal,Leinster,I1zbJdoQ9zw_Deputy Aodh√°n √ì R√≠ord√°in ‚Äì speech from 17 Sep 2020.wav,parliament,,0.30-1.00,DAIL,/Users/cianan/Documents/College/GitHub/FYP/Data/DailData/roi_audio_processed/I1zbJdoQ9zw_Deputy Aodhán Ó Ríordáin – speech from 17 Sep 2020.wav
/Users/cianan/Documents/College/GitHub/FYP/Data/DailData/roi_audio_processed/do_oZHcz7t0_Aodhán Ó Ríordáin - speech from  09 Apr 2019.wav,do_oZHcz7t0,1,30,60,aodhan o riordain,Labour,Dublin Bay North,Malahide,Dublin Fingal,Leinster,do_oZHcz7t0_Aodh√°n √ì R√≠ord√°in - speech from  09 Apr 2019.wav,parliament,,0.30-1.00,DAIL,/Users/cianan/Documents/College/GitHub/FYP/Data/DailData/roi_audio_processed/do_oZHcz7t0_Aodhán Ó Ríordáin - speech from  09 Apr 2019.wav
/Users/cianan/Documents/College/GitHub/FYP/Data/DailData/roi_audio_processed/t-xhjZ6s1so_Senator Aodhán Ó Ríordáin - Commencement Matters -.wav,t-xhjZ6s1so,1,30,60,aodhan o riordain,Labour,Dublin Bay North,Malahide,Dublin Fingal,Leinster,t-xhjZ6s1so_Senator Aodh√°n √ì R√≠ord√°in - Commencement Matters -.wav,parliament,,0.30-1.00,DAIL,/Users/cianan/Documents/College/GitHub/FYP/Data/DailData/roi_audio_processed/t-xhjZ6s1so_Senator Aodhán Ó Ríordáin - Commencement Matters -.wav
/Users/cianan/Documents/College/GitHub/FYP/Data/DailData/roi_audio_processed/n_Po3UxfrsI_Senator Aodhán Ó Ríordáin - speech from 30 May 201.wav,n_Po3UxfrsI,1,30,60,aodhan o riordain,Labour,Dublin Bay North,Malahide,Dublin Fingal,Leinster,n_Po3UxfrsI_Senator Aodh√°n √ì R√≠ord√°in - speech from 30 May 201.wav,parliament,,0.30-1.00,DAIL,/Users/cianan/Documents/College/GitHub/FYP/Data/DailData/roi_audio_processed/n_Po3UxfrsI_Senator Aodhán Ó Ríordáin - speech from 30 May 201.wav
/Users/cianan/Documents/College/GitHub/FYP/Data/DailData/roi_audio_processed/GY2a-vvVV8c_Senator Aodhán Ó Ríordáin - speech from 21 May 201.wav,GY2a-vvVV8c,1,30,60,aodhan o riordain,Labour,Dublin Bay North,Malahide,Dublin Fingal,Leinster,GY2a-vvVV8c_Senator Aodh√°n √ì R√≠ord√°in - speech from 21 May 201.wav,parliament,,0.30-1.00,DAIL,/Users/cianan/Documents/College/GitHub/FYP/Data/DailData/roi_audio_processed/GY2a-vvVV8c_Senator Aodhán Ó Ríordáin - speech from 21 May 201.wav
/Users/cianan/Documents/College/GitHub/FYP/Data/DailData/roi_audio_processed/APUzKuSRJ0g_Deputy Aodhán Ó Ríordáin - speech from 27 Jun 2020.wav,APUzKuSRJ0g,1,30,60,aodhan o riordain,Labour,Dublin Bay North,Malahide,Dublin Fingal,Leinster,APUzKuSRJ0g_Deputy Aodh√°n √ì R√≠ord√°in - speech from 27 Jun 2020.wav,parliament,,0.30-1.00,DAIL,/Users/cianan/Documents/College/GitHub/FYP/Data/DailData/roi_audio_processed/APUzKuSRJ0g_Deputy Aodhán Ó Ríordáin - speech from 27 Jun 2020.wav
/Users/cianan/Documents/College/GitHub/FYP/Data/DailData/roi_audio_processed/RAGUCfBI9FY_Aodhán Ó Ríordáin - speech from  16 Apr 2019.wav,RAGUCfBI9FY,1,30,60,aodhan o riordain,Labour,Dublin Bay North,Malahide,Dublin Fingal,Leinster,RAGUCfBI9FY_Aodh√°n √ì R√≠ord√°in - speech from  16 Apr 2019.wav,parliament,,0.30-1.00,DAIL,/Users/cianan/Documents/College/GitHub/FYP/Data/DailData/roi_audio_processed/RAGUCfBI9FY_Aodhán Ó Ríordáin - speech from  16 Apr 2019.wav
/Users/cianan/Documents/College/GitHub/FYP/Data/DailData/roi_audio_processed/q1djVPVO0Gs_Deputy Aodhán Ó Ríordáin - speech from 21 Jul 2020.wav,q1djVPVO0Gs,1,30,60,aodhan o riordain,Labour,Dublin Bay North,Malahide,Dublin Fingal,Leinster,q1djVPVO0Gs_Deputy Aodh√°n √ì R√≠ord√°in - speech from 21 Jul 2020.wav,parliament,,0.30-1.00,DAIL,/Users/cianan/Documents/College/GitHub/FYP/Data/DailData/roi_audio_processed/q1djVPVO0Gs_Deputy Aodhán Ó Ríordáin - speech from 21 Jul 2020.wav
/Users/cianan/Documents/College/GitHub/FYP/Data/DailData/roi_audio_processed/Ft1ZbPY0bwo_Senator Aodhán Ó Ríordáin - speech from 12 Jul 201.wav,Ft1ZbPY0bwo,1,30,60,aodhan o riordain,Labour,Dublin Bay North,Malahide,Dublin Fingal,Leinster,Ft1ZbPY0bwo_Senator Aodh√°n √ì R√≠ord√°in - speech from 12 Jul 201.wav,parliament,,0.30-1.00,DAIL,/Users/cianan/Documents/College/GitHub/FYP/Data/DailData/roi_audio_processed/Ft1ZbPY0bwo_Senator Aodhán Ó Ríordáin - speech from 12 Jul 201.wav
/Users/cianan/Documents/College/GitHub/FYP/Data/DailData/roi_audio_processed/I6Vy_i7EAHU_Deputy Aodhán Ó Ríordáin - speech from 03 Nov 2020.wav,I6Vy_i7EAHU,1,30,60,aodhan o riordain,Labour,Dublin Bay North,Malahide,Dublin Fingal,Leinster,I6Vy_i7EAHU_Deputy Aodh√°n √ì R√≠ord√°in - speech from 03 Nov 2020.wav,parliament,,0.30-1.00,DAIL,/Users/cianan/Documents/College/GitHub/FYP/Data/DailData/roi_audio_processed/I6Vy_i7EAHU_Deputy Aodhán Ó Ríordáin - speech from 03 Nov 2020.wav
/Users/cianan/Documents/College/GitHub/FYP/Data/DailData/roi_audio_processed/ocjvWDjM4lI_Deputy Aodhán Ó Ríordáin - speech from 8 Dec 2020.wav,ocjvWDjM4lI,1,30,60,aodhan o riordain,Labour,Dublin Bay North,Malahide,Dublin Fingal,Leinster,ocjvWDjM4lI_Deputy Aodh√°n √ì R√≠ord√°in - speech from 8 Dec 2020.wav,parliament,,0.30-1.00,DAIL,/Users/cianan/Documents/College/GitHub/FYP/Data/DailData/roi_audio_processed/ocjvWDjM4lI_Deputy Aodhán Ó Ríordáin - speech from 8 Dec 2020.wav
/Users/cianan/Documents/College/GitHub/FYP/Data/DailData/roi_audio_processed/7v3qqPI4qvc_Deputy Aodhán Ó Ríordáin - speech from 15 Jul 2020.wav,7v3qqPI4qvc,1,30,60,aodhan o riordain,Labour,Dublin Bay North,Malahide,Dublin Fingal,Leinster,7v3qqPI4qvc_Deputy Aodh√°n √ì R√≠ord√°in - speech from 15 Jul 2020.wav,parliament,,0.30-1.00,DAIL,/Users/cianan/Documents/College/GitHub/FYP/Data/DailData/roi_audio_processed/7v3qqPI4qvc_Deputy Aodhán Ó Ríordáin - speech from 15 Jul 2020.wav
/Users/cianan/Documents/College/GitHub/FYP/Data/DailData/roi_audio_processed/jc6tWAdwo4A_Deputy Barry Cowen - Government Business - 9 May 2.wav,jc6tWAdwo4A,1,30,60,barry cowen,Fianna Fail,Offaly,Clara,Offaly,Leinster,jc6tWAdwo4A_Deputy Barry Cowen - Government Business - 9 May 2.wav,parliament,,0.30-1.00,DAIL,/Users/cianan/Documents/College/GitHub/FYP/Data/DailData/roi_audio_processed/jc6tWAdwo4A_Deputy Barry Cowen - Government Business - 9 May 2.wav
/Users/cianan/Documents/College/GitHub/FYP/Data/DailData/roi_audio_processed/Z504QYOgKiU_Deputy Barry Cowen - Private Members’ Business - 1.wav,Z504QYOgKiU,1,30,60,barry cowen,Fianna Fail,Offaly,Clara,Offaly,Leinster,Z504QYOgKiU_Deputy Barry Cowen - Private Members‚Äô Business - 1.wav,parliament,,0.30-1.00,DAIL,/Users/cianan/Documents/College/GitHub/FYP/Data/DailData/roi_audio_processed/Z504QYOgKiU_Deputy Barry Cowen - Private Members’ Business - 1.wav
/Users/cianan/Documents/College/GitHub/FYP/Data/DailData/roi_audio_processed/VwQ0xo4WnMY_Deputy Barry Cowen - Private Members’ Business - 1.wav,VwQ0xo4WnMY,1,30,60,barry cowen,Fianna Fail,Offaly,Clara,Offaly,Leinster,VwQ0xo4WnMY_Deputy Barry Cowen - Private Members‚Äô Business - 1.wav,parliament,,0.30-1.00,DAIL,/Users/cianan/Documents/College/GitHub/FYP/Data/DailData/roi_audio_processed/VwQ0xo4WnMY_Deputy Barry Cowen - Private Members’ Business - 1.wav
/Users/cianan/Documents/College/GitHub/FYP/Data/DailData/roi_audio_processed/yqP2q2c3VpI_Deputy Barry Cowen - Priority Questions - 20 Jun 2.wav,yqP2q2c3VpI,1,30,60,barry cowen,Fianna Fail,Offaly,Clara,Offaly,Leinster,yqP2q2c3VpI_Deputy Barry Cowen - Priority Questions - 20 Jun 2.wav,parliament,,0.30-1.00,DAIL,/Users/cianan/Documents/College/GitHub/FYP/Data/DailData/roi_audio_processed/yqP2q2c3VpI_Deputy Barry Cowen - Priority Questions - 20 Jun 2.wav
/Users/cianan/Documents/College/GitHub/FYP/Data/DailData/roi_audio_processed/7xJt6AN-ck0_Deputy Bernard Durkan - Topical Issues - 18 Sep 20.wav,7xJt6AN-ck0,1,30,60,bernard durkan,Fine Gael,Kildare North,Swinford,Mayo,Connacht,7xJt6AN-ck0_Deputy Bernard Durkan - Topical Issues - 18 Sep 20.wav,parliament,,0.30-1.00,DAIL,/Users/cianan/Documents/College/GitHub/FYP/Data/DailData/roi_audio_processed/7xJt6AN-ck0_Deputy Bernard Durkan - Topical Issues - 18 Sep 20.wav
/Users/cianan/Documents/College/GitHub/FYP/Data/DailData/roi_audio_processed/k636YzyU4XQ_Deputy Bernard Durkan - Other Questions - 15 May 2.wav,k636YzyU4XQ,1,30,60,bernard durkan,Fine Gael,Kildare North,Swinford,Mayo,Connacht,k636YzyU4XQ_Deputy Bernard Durkan - Other Questions - 15 May 2.wav,parliament,,0.30-1.00,DAIL,/Users/cianan/Documents/College/GitHub/FYP/Data/DailData/roi_audio_processed/k636YzyU4XQ_Deputy Bernard Durkan - Other Questions - 15 May 2.wav
/Users/cianan/Documents/College/GitHub/FYP/Data/DailData/roi_audio_processed/qlupuRopEGw_Deputy Bernard Durkan - Other Questions - 05.03.20.wav,qlupuRopEGw,1,30,60,bernard durkan,Fine Gael,Kildare North,Swinford,Mayo,Connacht,qlupuRopEGw_Deputy Bernard Durkan - Other Questions - 05.03.20.wav,parliament,,0.30-1.00,DAIL,/Users/cianan/Documents/College/GitHub/FYP/Data/DailData/roi_audio_processed/qlupuRopEGw_Deputy Bernard Durkan - Other Questions - 05.03.20.wav
/Users/cianan/Documents/College/GitHub/FYP/Data/DailData/roi_audio_processed/In85u8tylic_Senator Billy Lawless - speech from 25 Jun 2019.wav,In85u8tylic,1,30,60,billy lawless,Independent,,Rahoon,Galway,Connacht,In85u8tylic_Senator Billy Lawless - speech from 25 Jun 2019.wav,parliament,Chicago for many years,0.30-1.00,DAIL,/Users/cianan/Documents/College/GitHub/FYP/Data/DailData/roi_audio_processed/In85u8tylic_Senator Billy Lawless - speech from 25 Jun 2019.wav
/Users/cianan/Documents/College/GitHub/FYP/Data/DailData/roi_audio_processed/TC8YloJw5x4_Billy Lawless  - speech from  11 Apr 2019.wav,TC8YloJw5x4,1,30,60,billy lawless,Independent,,Rahoon,Galway,Connacht,TC8YloJw5x4_Billy Lawless  - speech from  11 Apr 2019.wav,parliament,Chicago for many years,0.30-1.00,DAIL,/Users/cianan/Documents/College/GitHub/FYP/Data/DailData/roi_audio_processed/TC8YloJw5x4_Billy Lawless  - speech from  11 Apr 2019.wav
/Users/cianan/Documents/College/GitHub/FYP/Data/DailData/roi_audio_processed/IVPf8WXxdDg_Billy Lawless - speech from  09 Apr 2019.wav,IVPf8WXxdDg,1,30,60,billy lawless,Independent,,Rahoon,Galway,Connacht,IVPf8WXxdDg_Billy Lawless - speech from  09 Apr 2019.wav,parliament,Chicago for many years,0.30-1.00,DAIL,/Users/cianan/Documents/College/GitHub/FYP/Data/DailData/roi_audio_processed/IVPf8WXxdDg_Billy Lawless - speech from  09 Apr 2019.wav
/Users/cianan/Documents/College/GitHub/FYP/Data/DailData/roi_audio_processed/V7Ch0siqGfo_Senator Billy Lawless - speech from 12 Jun 2019.wav,V7Ch0siqGfo,1,30,60,billy lawless,Independent,,Rahoon,Galway,Connacht,V7Ch0siqGfo_Senator Billy Lawless - speech from 12 Jun 2019.wav,parliament,Chicago for many years,0.30-1.00,DAIL,/Users/cianan/Documents/College/GitHub/FYP/Data/DailData/roi_audio_processed/V7Ch0siqGfo_Senator Billy Lawless - speech from 12 Jun 2019.wav
/Users/cianan/Documents/College/GitHub/FYP/Data/DailData/roi_audio_processed/RlPr3ZSoWtA_Billy Lawless - speech from  18 Apr 2019.wav,RlPr3ZSoWtA,1,30,60,billy lawless,Independent,,Rahoon,Galway,Connacht,RlPr3ZSoWtA_Billy Lawless - speech from  18 Apr 2019.wav,parliament,Chicago for many years,0.30-1.00,DAIL,/Users/cianan/Documents/College/GitHub/FYP/Data/DailData/roi_audio_processed/RlPr3ZSoWtA_Billy Lawless - speech from  18 Apr 2019.wav
/Users/cianan/Documents/College/GitHub/FYP/Data/DailData/roi_audio_processed/5PfEOxFbBnI_Senator Billy Lawless - speech from 21 May 2019.wav,5PfEOxFbBnI,1,30,60,billy lawless,Independent,,Rahoon,Galway,Connacht,5PfEOxFbBnI_Senator Billy Lawless - speech from 21 May 2019.wav,parliament,Chicago for many years,0.30-1.00,DAIL,/Users/cianan/Documents/College/GitHub/FYP/Data/DailData/roi_audio_processed/5PfEOxFbBnI_Senator Billy Lawless - speech from 21 May 2019.wav
/Users/cianan/Documents/College/GitHub/FYP/Data/DailData/roi_audio_processed/HidSeDW0gWM_Senator Billy Lawless - speech from 25 Sep 2019.wav,HidSeDW0gWM,1,30,60,billy lawless,Independent,,Rahoon,Galway,Connacht,HidSeDW0gWM_Senator Billy Lawless - speech from 25 Sep 2019.wav,parliament,Chicago for many years,0.30-1.00,DAIL,/Users/cianan/Documents/College/GitHub/FYP/Data/DailData/roi_audio_processed/HidSeDW0gWM_Senator Billy Lawless - speech from 25 Sep 2019.wav
/Users/cianan/Documents/College/GitHub/FYP/Data/DailData/roi_audio_processed/CyBaPIN-llQ_Deputy Bobby Aylward - Private Members’ Business -.wav,CyBaPIN-llQ,1,30,60,bobby aylward,Fianna Fail,Carlow-Kilkenny,Mullinavat,Kilkenny,Leinster,CyBaPIN-llQ_Deputy Bobby Aylward - Private Members‚Äô Business -.wav,parliament,,0.30-1.00,DAIL,/Users/cianan/Documents/College/GitHub/FYP/Data/DailData/roi_audio_processed/CyBaPIN-llQ_Deputy Bobby Aylward - Private Members’ Business -.wav
/Users/cianan/Documents/College/GitHub/FYP/Data/DailData/roi_audio_processed/HeVgkrBFTgM_Deputy Brendan Howlin - Leaders’ Questions - 14 Ma.wav,HeVgkrBFTgM,1,30,60,brendan howlin,Labour,Wexford,Wexford Town,Wexford,Leinster,HeVgkrBFTgM_Deputy Brendan Howlin - Leaders‚Äô Questions - 14 Ma.wav,parliament,,0.30-1.00,DAIL,/Users/cianan/Documents/College/GitHub/FYP/Data/DailData/roi_audio_processed/HeVgkrBFTgM_Deputy Brendan Howlin - Leaders’ Questions - 14 Ma.wav
/Users/cianan/Documents/College/GitHub/FYP/Data/DailData/roi_audio_processed/_KxzFQd-Nek_Deputy Brendan Howlin - Order of Business - 05.03..wav,_KxzFQd-Nek,1,30,60,brendan howlin,Labour,Wexford,Wexford Town,Wexford,Leinster,_KxzFQd-Nek_Deputy Brendan Howlin - Order of Business - 05.03..wav,parliament,,0.30-1.00,DAIL,/Users/cianan/Documents/College/GitHub/FYP/Data/DailData/roi_audio_processed/_KxzFQd-Nek_Deputy Brendan Howlin - Order of Business - 05.03..wav
/Users/cianan/Documents/College/GitHub/FYP/Data/DailData/roi_audio_processed/XoH0BeIWqJI_Deputy Brendan Howlin - Questions on Promised Legi.wav,XoH0BeIWqJI,1,30,60,brendan howlin,Labour,Wexford,Wexford Town,Wexford,Leinster,XoH0BeIWqJI_Deputy Brendan Howlin - Questions on Promised Legi.wav,parliament,,0.30-1.00,DAIL,/Users/cianan/Documents/College/GitHub/FYP/Data/DailData/roi_audio_processed/XoH0BeIWqJI_Deputy Brendan Howlin - Questions on Promised Legi.wav
/Users/cianan/Documents/College/GitHub/FYP/Data/DailData/roi_audio_processed/pUdK8jIrHic_Deputy Brendan Howlin - Leaders’ Questions - 17 Se.wav,pUdK8jIrHic,1,30,60,brendan howlin,Labour,Wexford,Wexford Town,Wexford,Leinster,pUdK8jIrHic_Deputy Brendan Howlin - Leaders‚Äô Questions - 17 Se.wav,parliament,,0.30-1.00,DAIL,/Users/cianan/Documents/College/GitHub/FYP/Data/DailData/roi_audio_processed/pUdK8jIrHic_Deputy Brendan Howlin - Leaders’ Questions - 17 Se.wav
/Users/cianan/Documents/College/GitHub/FYP/Data/DailData/roi_audio_processed/6f-cPGA7BTk_Deputy Brendan Ryan - Private Members’ Business - .wav,6f-cPGA7BTk,1,30,60,brendan ryan,Labour,Dublin Fingal,Donabate,Dublin Fingal,Leinster,6f-cPGA7BTk_Deputy Brendan Ryan - Private Members‚Äô Business - .wav,parliament,,0.30-1.00,DAIL,/Users/cianan/Documents/College/GitHub/FYP/Data/DailData/roi_audio_processed/6f-cPGA7BTk_Deputy Brendan Ryan - Private Members’ Business - .wav
/Users/cianan/Documents/College/GitHub/FYP/Data/DailData/roi_audio_processed/sU0ZIw1bhvI_Deputy Brendan Ryan - Private Members’ Business - .wav,sU0ZIw1bhvI,1,30,60,brendan ryan,Labour,Dublin Fingal,Donabate,Dublin Fingal,Leinster,sU0ZIw1bhvI_Deputy Brendan Ryan - Private Members‚Äô Business - .wav,parliament,,0.30-1.00,DAIL,/Users/cianan/Documents/College/GitHub/FYP/Data/DailData/roi_audio_processed/sU0ZIw1bhvI_Deputy Brendan Ryan - Private Members’ Business - .wav
/Users/cianan/Documents/College/GitHub/FYP/Data/DailData/roi_audio_processed/afgEuyaFvNY_Deputy Brendan Ryan - Government Business - 26.03..wav,afgEuyaFvNY,1,30,60,brendan ryan,Labour,Dublin Fingal,Donabate,Dublin Fingal,Leinster,afgEuyaFvNY_Deputy Brendan Ryan - Government Business - 26.03..wav,parliament,,0.30-1.00,DAIL,/Users/cianan/Documents/College/GitHub/FYP/Data/DailData/roi_audio_processed/afgEuyaFvNY_Deputy Brendan Ryan - Government Business - 26.03..wav
/Users/cianan/Documents/College/GitHub/FYP/Data/DailData/roi_audio_processed/TzrEsW9gEwc_Deputy Brendan Ryan - Government Business - 11 Jul.wav,TzrEsW9gEwc,1,30,60,brendan ryan,Labour,Dublin Fingal,Donabate,Dublin Fingal,Leinster,TzrEsW9gEwc_Deputy Brendan Ryan - Government Business - 11 Jul.wav,parliament,,0.30-1.00,DAIL,/Users/cianan/Documents/College/GitHub/FYP/Data/DailData/roi_audio_processed/TzrEsW9gEwc_Deputy Brendan Ryan - Government Business - 11 Jul.wav
/Users/cianan/Documents/College/GitHub/FYP/Data/DailData/roi_audio_processed/zBP53H3OiFs_Deputy Brendan Ryan - Questions on Promised Legisl.wav,zBP53H3OiFs,1,30,60,brendan ryan,Labour,Dublin Fingal,Donabate,Dublin Fingal,Leinster,zBP53H3OiFs_Deputy Brendan Ryan - Questions on Promised Legisl.wav,parliament,,0.30-1.00,DAIL,/Users/cianan/Documents/College/GitHub/FYP/Data/DailData/roi_audio_processed/zBP53H3OiFs_Deputy Brendan Ryan - Questions on Promised Legisl.wav
/Users/cianan/Documents/College/GitHub/FYP/Data/DailData/roi_audio_processed/m95P2rdl4KI_Deputy Brendan Smith - Government Business - 06.03.wav,m95P2rdl4KI,1,30,60,brendan smith,Fianna Fail,Cavan-Monaghan,Cavan Town,Cavan,Ulster,m95P2rdl4KI_Deputy Brendan Smith - Government Business - 06.03.wav,parliament,,0.30-1.00,DAIL,/Users/cianan/Documents/College/GitHub/FYP/Data/DailData/roi_audio_processed/m95P2rdl4KI_Deputy Brendan Smith - Government Business - 06.03.wav
/Users/cianan/Documents/College/GitHub/FYP/Data/DailData/roi_audio_processed/p3wS3RtJ670_Deputy Brendan Smith - Government Business - 11 Ju.wav,p3wS3RtJ670,1,30,60,brendan smith,Fianna Fail,Cavan-Monaghan,Cavan Town,Cavan,Ulster,p3wS3RtJ670_Deputy Brendan Smith - Government Business - 11 Ju.wav,parliament,,0.30-1.00,DAIL,/Users/cianan/Documents/College/GitHub/FYP/Data/DailData/roi_audio_processed/p3wS3RtJ670_Deputy Brendan Smith - Government Business - 11 Ju.wav
/Users/cianan/Documents/College/GitHub/FYP/Data/DailData/roi_audio_processed/fqzOhJy6gDA_Deputy Brendan Smith - Topical Issues - 19 Sep 201.wav,fqzOhJy6gDA,1,30,60,brendan smith,Fianna Fail,Cavan-Monaghan,Cavan Town,Cavan,Ulster,fqzOhJy6gDA_Deputy Brendan Smith - Topical Issues - 19 Sep 201.wav,parliament,,0.30-1.00,DAIL,/Users/cianan/Documents/College/GitHub/FYP/Data/DailData/roi_audio_processed/fqzOhJy6gDA_Deputy Brendan Smith - Topical Issues - 19 Sep 201.wav
/Users/cianan/Documents/College/GitHub/FYP/Data/DailData/roi_audio_processed/6L4k_GJltis_Deputy Brendan Smith - speech from 15 Oct 2019.wav,6L4k_GJltis,1,30,60,brendan smith,Fianna Fail,Cavan-Monaghan,Cavan Town,Cavan,Ulster,6L4k_GJltis_Deputy Brendan Smith - speech from 15 Oct 2019.wav,parliament,,0.30-1.00,DAIL,/Users/cianan/Documents/College/GitHub/FYP/Data/DailData/roi_audio_processed/6L4k_GJltis_Deputy Brendan Smith - speech from 15 Oct 2019.wav
/Users/cianan/Documents/College/GitHub/FYP/Data/DailData/roi_audio_processed/-bBaPvTuUyU_Deputy Brendan Smith - Government Business - 06.03.wav,#NAME?,1,30,60,brendan smith,Fianna Fail,Cavan-Monaghan,Cavan Town,Cavan,Ulster,-bBaPvTuUyU_Deputy Brendan Smith - Government Business - 06.03.wav,parliament,,0.30-1.00,DAIL,/Users/cianan/Documents/College/GitHub/FYP/Data/DailData/roi_audio_processed/-bBaPvTuUyU_Deputy Brendan Smith - Government Business - 06.03.wav
/Users/cianan/Documents/College/GitHub/FYP/Data/DailData/roi_audio_processed/I08tR3IOIQ0_Deputy Brendan Smith - Government Business - 11 Ju.wav,I08tR3IOIQ0,1,30,60,brendan smith,Fianna Fail,Cavan-Monaghan,Cavan Town,Cavan,Ulster,I08tR3IOIQ0_Deputy Brendan Smith - Government Business - 11 Ju.wav,parliament,,0.30-1.00,DAIL,/Users/cianan/Documents/College/GitHub/FYP/Data/DailData/roi_audio_processed/I08tR3IOIQ0_Deputy Brendan Smith - Government Business - 11 Ju.wav
/Users/cianan/Documents/College/GitHub/FYP/Data/DailData/roi_audio_processed/TBn72MuMEUQ_Deputy Brendan Smith - Other Questions - 4 Jul 201.wav,TBn72MuMEUQ,1,30,60,brendan smith,Fianna Fail,Cavan-Monaghan,Cavan Town,Cavan,Ulster,TBn72MuMEUQ_Deputy Brendan Smith - Other Questions - 4 Jul 201.wav,parliament,,0.30-1.00,DAIL,/Users/cianan/Documents/College/GitHub/FYP/Data/DailData/roi_audio_processed/TBn72MuMEUQ_Deputy Brendan Smith - Other Questions - 4 Jul 201.wav
/Users/cianan/Documents/College/GitHub/FYP/Data/DailData/roi_audio_processed/MOz6MGD6Lbg_Deputy Brendan Smith - Topical Issues - 2 Jul 2019.wav,MOz6MGD6Lbg,1,30,60,brendan smith,Fianna Fail,Cavan-Monaghan,Cavan Town,Cavan,Ulster,MOz6MGD6Lbg_Deputy Brendan Smith - Topical Issues - 2 Jul 2019.wav,parliament,,0.30-1.00,DAIL,/Users/cianan/Documents/College/GitHub/FYP/Data/DailData/roi_audio_processed/MOz6MGD6Lbg_Deputy Brendan Smith - Topical Issues - 2 Jul 2019.wav
/Users/cianan/Documents/College/GitHub/FYP/Data/DailData/roi_audio_processed/7blh3Z94koA_Deputy Brendan Smith - Government Business - 17 Se.wav,7blh3Z94koA,1,30,60,brendan smith,Fianna Fail,Cavan-Monaghan,Cavan Town,Cavan,Ulster,7blh3Z94koA_Deputy Brendan Smith - Government Business - 17 Se.wav,parliament,,0.30-1.00,DAIL,/Users/cianan/Documents/College/GitHub/FYP/Data/DailData/roi_audio_processed/7blh3Z94koA_Deputy Brendan Smith - Government Business - 17 Se.wav
/Users/cianan/Documents/College/GitHub/FYP/Data/DailData/roi_audio_processed/8Lvhpc67IyA_Deputy Brendan Smith TD - speech from o4 Jul 2019.wav,8Lvhpc67IyA,1,30,60,brendan smith,Fianna Fail,Cavan-Monaghan,Cavan Town,Cavan,Ulster,8Lvhpc67IyA_Deputy Brendan Smith TD - speech from o4 Jul 2019.wav,parliament,,0.30-1.00,DAIL,/Users/cianan/Documents/College/GitHub/FYP/Data/DailData/roi_audio_processed/8Lvhpc67IyA_Deputy Brendan Smith TD - speech from o4 Jul 2019.wav
/Users/cianan/Documents/College/GitHub/FYP/Data/DailData/roi_audio_processed/ukyNVZEMSMI_Senator Brian Ó Domhnaill - speech from 20 Jun 201.wav,ukyNVZEMSMI,1,30,60,brian o domhnaill,Fianna Fail,,Falcarragh,Donegal,Ulster,ukyNVZEMSMI_Senator Brian √ì Domhnaill - speech from 20 Jun 201.wav,parliament,,0.30-1.00,DAIL,/Users/cianan/Documents/College/GitHub/FYP/Data/DailData/roi_audio_processed/ukyNVZEMSMI_Senator Brian Ó Domhnaill - speech from 20 Jun 201.wav
/Users/cianan/Documents/College/GitHub/FYP/Data/DailData/roi_audio_processed/1V9AGHHLBuU_Senator Brian Ó Domhnaill - speech from 2 Oct 2019.wav,1V9AGHHLBuU,1,30,60,brian o domhnaill,Fianna Fail,,Falcarragh,Donegal,Ulster,1V9AGHHLBuU_Senator Brian √ì Domhnaill - speech from 2 Oct 2019.wav,parliament,,0.30-1.00,DAIL,/Users/cianan/Documents/College/GitHub/FYP/Data/DailData/roi_audio_processed/1V9AGHHLBuU_Senator Brian Ó Domhnaill - speech from 2 Oct 2019.wav
/Users/cianan/Documents/College/GitHub/FYP/Data/DailData/roi_audio_processed/afRicxrtMs4_Senator Brian Ó Domhnaill - speech from 19 Jun 201.wav,afRicxrtMs4,1,30,60,brian o domhnaill,Fianna Fail,,Falcarragh,Donegal,Ulster,afRicxrtMs4_Senator Brian √ì Domhnaill - speech from 19 Jun 201.wav,parliament,,0.30-1.00,DAIL,/Users/cianan/Documents/College/GitHub/FYP/Data/DailData/roi_audio_processed/afRicxrtMs4_Senator Brian Ó Domhnaill - speech from 19 Jun 201.wav
/Users/cianan/Documents/College/GitHub/FYP/Data/DailData/roi_audio_processed/JH-jDVuU7UU_Deputy Brian Stanley - Government Business - 05.03.wav,JH-jDVuU7UU,1,30,60,brian stanley,Independent,Laois,Portlaoise,Laois,Leinster,JH-jDVuU7UU_Deputy Brian Stanley - Government Business - 05.03.wav,parliament,,0.30-1.00,DAIL,/Users/cianan/Documents/College/GitHub/FYP/Data/DailData/roi_audio_processed/JH-jDVuU7UU_Deputy Brian Stanley - Government Business - 05.03.wav
/Users/cianan/Documents/College/GitHub/FYP/Data/DailData/roi_audio_processed/LnHWlegxgFE_Deputy Brian Stanley - Order of Business - 8 May 2.wav,LnHWlegxgFE,1,30,60,brian stanley,Independent,Laois,Portlaoise,Laois,Leinster,LnHWlegxgFE_Deputy Brian Stanley - Order of Business - 8 May 2.wav,parliament,,0.30-1.00,DAIL,/Users/cianan/Documents/College/GitHub/FYP/Data/DailData/roi_audio_processed/LnHWlegxgFE_Deputy Brian Stanley - Order of Business - 8 May 2.wav
/Users/cianan/Documents/College/GitHub/FYP/Data/DailData/roi_audio_processed/cIOZ8qgu0fU_Deputy Brian Stanley - Private Members’ Business -.wav,cIOZ8qgu0fU,1,30,60,brian stanley,Independent,Laois,Portlaoise,Laois,Leinster,cIOZ8qgu0fU_Deputy Brian Stanley - Private Members‚Äô Business -.wav,parliament,,0.30-1.00,DAIL,/Users/cianan/Documents/College/GitHub/FYP/Data/DailData/roi_audio_processed/cIOZ8qgu0fU_Deputy Brian Stanley - Private Members’ Business -.wav
/Users/cianan/Documents/College/GitHub/FYP/Data/DailData/roi_audio_processed/TuTipZaOZzs_Deputy Brian Stanley - Private Members’ Business -.wav,TuTipZaOZzs,1,30,60,brian stanley,Independent,Laois,Portlaoise,Laois,Leinster,TuTipZaOZzs_Deputy Brian Stanley - Private Members‚Äô Business -.wav,parliament,,0.30-1.00,DAIL,/Users/cianan/Documents/College/GitHub/FYP/Data/DailData/roi_audio_processed/TuTipZaOZzs_Deputy Brian Stanley - Private Members’ Business -.wav
/Users/cianan/Documents/College/GitHub/FYP/Data/DailData/roi_audio_processed/s52vwZM55To_Deputy Bríd Smith - Leaders’ Questions - 11 Jun 20.wav,s52vwZM55To,1,30,60,brid smith,PBP-Solidarity,Dublin South-Central,Rathfarnam,Dublin South,Leinster,s52vwZM55To_Deputy Br√≠d Smith - Leaders‚Äô Questions - 11 Jun 20.wav,parliament,,0.30-1.00,DAIL,/Users/cianan/Documents/College/GitHub/FYP/Data/DailData/roi_audio_processed/s52vwZM55To_Deputy Bríd Smith - Leaders’ Questions - 11 Jun 20.wav
/Users/cianan/Documents/College/GitHub/FYP/Data/DailData/roi_audio_processed/P6ICLcu17f0_Deputy Bríd Smith - Government Business - 10 Jul 2.wav,P6ICLcu17f0,1,30,60,brid smith,PBP-Solidarity,Dublin South-Central,Rathfarnam,Dublin South,Leinster,P6ICLcu17f0_Deputy Br√≠d Smith - Government Business - 10 Jul 2.wav,parliament,,0.30-1.00,DAIL,/Users/cianan/Documents/College/GitHub/FYP/Data/DailData/roi_audio_processed/P6ICLcu17f0_Deputy Bríd Smith - Government Business - 10 Jul 2.wav
/Users/cianan/Documents/College/GitHub/FYP/Data/DailData/roi_audio_processed/SphzafMbjDE_Deputy Bríd Smith - Order of Business - 17 Sep 201.wav,SphzafMbjDE,1,30,60,brid smith,PBP-Solidarity,Dublin South-Central,Rathfarnam,Dublin South,Leinster,SphzafMbjDE_Deputy Br√≠d Smith - Order of Business - 17 Sep 201.wav,parliament,,0.30-1.00,DAIL,/Users/cianan/Documents/College/GitHub/FYP/Data/DailData/roi_audio_processed/SphzafMbjDE_Deputy Bríd Smith - Order of Business - 17 Sep 201.wav
/Users/cianan/Documents/College/GitHub/FYP/Data/DailData/roi_audio_processed/puDseuNiSVM_Deputy Bríd Smith - Other Questions - 05.03.2019.wav,puDseuNiSVM,1,30,60,brid smith,PBP-Solidarity,Dublin South-Central,Rathfarnam,Dublin South,Leinster,puDseuNiSVM_Deputy Br√≠d Smith - Other Questions - 05.03.2019.wav,parliament,,0.30-1.00,DAIL,/Users/cianan/Documents/College/GitHub/FYP/Data/DailData/roi_audio_processed/puDseuNiSVM_Deputy Bríd Smith - Other Questions - 05.03.2019.wav
/Users/cianan/Documents/College/GitHub/FYP/Data/DailData/roi_audio_processed/hyYfcvRQXE0_Deputy Caoimhghín Ó Caoláin - Government Business .wav,hyYfcvRQXE0,1,30,60,caoimhghin o caolain,Sinn Fein,Cavan-Monaghan,Monaghan Town,Monaghan,Ulster,hyYfcvRQXE0_Deputy Caoimhgh√≠n √ì Caol√°in - Government Business .wav,parliament,,0.30-1.00,DAIL,/Users/cianan/Documents/College/GitHub/FYP/Data/DailData/roi_audio_processed/hyYfcvRQXE0_Deputy Caoimhghín Ó Caoláin - Government Business .wav
/Users/cianan/Documents/College/GitHub/FYP/Data/DailData/roi_audio_processed/X_zbB1_cPAg_Deputy Caoimhghín Ó Caoláin - Private Members’ Bus.wav,X_zbB1_cPAg,1,30,60,caoimhghin o caolain,Sinn Fein,Cavan-Monaghan,Monaghan Town,Monaghan,Ulster,X_zbB1_cPAg_Deputy Caoimhgh√≠n √ì Caol√°in - Private Members‚Äô Bus.wav,parliament,,0.30-1.00,DAIL,/Users/cianan/Documents/College/GitHub/FYP/Data/DailData/roi_audio_processed/X_zbB1_cPAg_Deputy Caoimhghín Ó Caoláin - Private Members’ Bus.wav
/Users/cianan/Documents/College/GitHub/FYP/Data/DailData/roi_audio_processed/FHBKsNe5ebo_Deputy Caoimhghín Ó Caoláin - Government Business .wav,FHBKsNe5ebo,1,30,60,caoimhghin o caolain,Sinn Fein,Cavan-Monaghan,Monaghan Town,Monaghan,Ulster,FHBKsNe5ebo_Deputy Caoimhgh√≠n √ì Caol√°in - Government Business .wav,parliament,,0.30-1.00,DAIL,/Users/cianan/Documents/College/GitHub/FYP/Data/DailData/roi_audio_processed/FHBKsNe5ebo_Deputy Caoimhghín Ó Caoláin - Government Business .wav
/Users/cianan/Documents/College/GitHub/FYP/Data/DailData/roi_audio_processed/Xo7H6-aaIc0_Deputy Carol Nolan - Private Members’ Business - 1.wav,Xo7H6-aaIc0,1,30,60,carol nolan,Sinn Fein,Offaly,Cadamstown,Offaly,Leinster,Xo7H6-aaIc0_Deputy Carol Nolan - Private Members‚Äô Business - 1.wav,parliament,,0.30-1.00,DAIL,/Users/cianan/Documents/College/GitHub/FYP/Data/DailData/roi_audio_processed/Xo7H6-aaIc0_Deputy Carol Nolan - Private Members’ Business - 1.wav
/Users/cianan/Documents/College/GitHub/FYP/Data/DailData/roi_audio_processed/HSiagSCGrzg_Deputy Carol Nolan - Questions on Promised Legisla.wav,HSiagSCGrzg,1,30,60,carol nolan,Sinn Fein,Offaly,Cadamstown,Offaly,Leinster,HSiagSCGrzg_Deputy Carol Nolan - Questions on Promised Legisla.wav,parliament,,0.30-1.00,DAIL,/Users/cianan/Documents/College/GitHub/FYP/Data/DailData/roi_audio_processed/HSiagSCGrzg_Deputy Carol Nolan - Questions on Promised Legisla.wav
/Users/cianan/Documents/College/GitHub/FYP/Data/DailData/roi_audio_processed/igde1dKg3co_Deputy Carol Nolan - Questions on Promised Legisla.wav,igde1dKg3co,1,30,60,carol nolan,Sinn Fein,Offaly,Cadamstown,Offaly,Leinster,igde1dKg3co_Deputy Carol Nolan - Questions on Promised Legisla.wav,parliament,,0.30-1.00,DAIL,/Users/cianan/Documents/College/GitHub/FYP/Data/DailData/roi_audio_processed/igde1dKg3co_Deputy Carol Nolan - Questions on Promised Legisla.wav
/Users/cianan/Documents/College/GitHub/FYP/Data/DailData/roi_audio_processed/DmXvi-jbgX4_Deputy Carol Nolan - Government Business - 9 Jul 2.wav,DmXvi-jbgX4,1,30,60,carol nolan,Sinn Fein,Offaly,Cadamstown,Offaly,Leinster,DmXvi-jbgX4_Deputy Carol Nolan - Government Business - 9 Jul 2.wav,parliament,,0.30-1.00,DAIL,/Users/cianan/Documents/College/GitHub/FYP/Data/DailData/roi_audio_processed/DmXvi-jbgX4_Deputy Carol Nolan - Government Business - 9 Jul 2.wav
/Users/cianan/Documents/College/GitHub/FYP/Data/DailData/roi_audio_processed/5Cia1zvJSKY_Deputy Carol Nolan - Questions on Promised Legisla.wav,5Cia1zvJSKY,1,30,60,carol nolan,Sinn Fein,Offaly,Cadamstown,Offaly,Leinster,5Cia1zvJSKY_Deputy Carol Nolan - Questions on Promised Legisla.wav,parliament,,0.30-1.00,DAIL,/Users/cianan/Documents/College/GitHub/FYP/Data/DailData/roi_audio_processed/5Cia1zvJSKY_Deputy Carol Nolan - Questions on Promised Legisla.wav
/Users/cianan/Documents/College/GitHub/FYP/Data/DailData/roi_audio_processed/4D_jWH-f0EU_Deputy Carol Nolan - Private Members’ Business - 1.wav,4D_jWH-f0EU,1,30,60,carol nolan,Sinn Fein,Offaly,Cadamstown,Offaly,Leinster,4D_jWH-f0EU_Deputy Carol Nolan - Private Members‚Äô Business - 1.wav,parliament,,0.30-1.00,DAIL,/Users/cianan/Documents/College/GitHub/FYP/Data/DailData/roi_audio_processed/4D_jWH-f0EU_Deputy Carol Nolan - Private Members’ Business - 1.wav
/Users/cianan/Documents/College/GitHub/FYP/Data/DailData/roi_audio_processed/upKoTc2ZI88_Deputy Carol Nolan - Order of Business - 24 Sep 20.wav,upKoTc2ZI88,1,30,60,carol nolan,Sinn Fein,Offaly,Cadamstown,Offaly,Leinster,upKoTc2ZI88_Deputy Carol Nolan - Order of Business - 24 Sep 20.wav,parliament,,0.30-1.00,DAIL,/Users/cianan/Documents/College/GitHub/FYP/Data/DailData/roi_audio_processed/upKoTc2ZI88_Deputy Carol Nolan - Order of Business - 24 Sep 20.wav
/Users/cianan/Documents/College/GitHub/FYP/Data/DailData/roi_audio_processed/nMSHb3xmbTI_Deputy Carol Nolan - Government Business - 17 Sep .wav,nMSHb3xmbTI,1,30,60,carol nolan,Sinn Fein,Offaly,Cadamstown,Offaly,Leinster,nMSHb3xmbTI_Deputy Carol Nolan - Government Business - 17 Sep .wav,parliament,,0.30-1.00,DAIL,/Users/cianan/Documents/College/GitHub/FYP/Data/DailData/roi_audio_processed/nMSHb3xmbTI_Deputy Carol Nolan - Government Business - 17 Sep .wav
/Users/cianan/Documents/College/GitHub/FYP/Data/DailData/roi_audio_processed/VEjzh3UQ9Ow_Deputy Carol Nolan - Priority Questions  - 14 May .wav,VEjzh3UQ9Ow,1,30,60,carol nolan,Sinn Fein,Offaly,Cadamstown,Offaly,Leinster,VEjzh3UQ9Ow_Deputy Carol Nolan - Priority Questions  - 14 May .wav,parliament,,0.30-1.00,DAIL,/Users/cianan/Documents/College/GitHub/FYP/Data/DailData/roi_audio_processed/VEjzh3UQ9Ow_Deputy Carol Nolan - Priority Questions  - 14 May .wav
/Users/cianan/Documents/College/GitHub/FYP/Data/DailData/roi_audio_processed/pxFQ-Hiihms_Deputy Carol Nolan - Private Members’ Business - 1.wav,pxFQ-Hiihms,1,30,60,carol nolan,Sinn Fein,Offaly,Cadamstown,Offaly,Leinster,pxFQ-Hiihms_Deputy Carol Nolan - Private Members‚Äô Business - 1.wav,parliament,,0.30-1.00,DAIL,/Users/cianan/Documents/College/GitHub/FYP/Data/DailData/roi_audio_processed/pxFQ-Hiihms_Deputy Carol Nolan - Private Members’ Business - 1.wav
/Users/cianan/Documents/College/GitHub/FYP/Data/DailData/roi_audio_processed/Iesic3dzR3g_Senator Catherine Ardagh - speech from 28 May 2019.wav,Iesic3dzR3g,1,30,60,catherine ardagh,Fianna Fail,Dublin South-Central,Crumlin,Dublin South,Leinster,Iesic3dzR3g_Senator Catherine Ardagh - speech from 28 May 2019.wav,parliament,,0.30-1.00,DAIL,/Users/cianan/Documents/College/GitHub/FYP/Data/DailData/roi_audio_processed/Iesic3dzR3g_Senator Catherine Ardagh - speech from 28 May 2019.wav
/Users/cianan/Documents/College/GitHub/FYP/Data/DailData/roi_audio_processed/Znxihz1wjQU_Senator Catherine Ardagh - speech from 18 Jun 2019.wav,Znxihz1wjQU,1,30,60,catherine ardagh,Fianna Fail,Dublin South-Central,Crumlin,Dublin South,Leinster,Znxihz1wjQU_Senator Catherine Ardagh - speech from 18 Jun 2019.wav,parliament,,0.30-1.00,DAIL,/Users/cianan/Documents/College/GitHub/FYP/Data/DailData/roi_audio_processed/Znxihz1wjQU_Senator Catherine Ardagh - speech from 18 Jun 2019.wav
/Users/cianan/Documents/College/GitHub/FYP/Data/DailData/roi_audio_processed/Xw_kboMdmLI_Senator Catherine Ardagh - Order of Business - 14 .wav,Xw_kboMdmLI,1,30,60,catherine ardagh,Fianna Fail,Dublin South-Central,Crumlin,Dublin South,Leinster,Xw_kboMdmLI_Senator Catherine Ardagh - Order of Business - 14 .wav,parliament,,0.30-1.00,DAIL,/Users/cianan/Documents/College/GitHub/FYP/Data/DailData/roi_audio_processed/Xw_kboMdmLI_Senator Catherine Ardagh - Order of Business - 14 .wav
/Users/cianan/Documents/College/GitHub/FYP/Data/DailData/roi_audio_processed/3fPwXRxefr0_Senator Catherine Ardagh - speech from 8 May 2019.wav,3fPwXRxefr0,1,30,60,catherine ardagh,Fianna Fail,Dublin South-Central,Crumlin,Dublin South,Leinster,3fPwXRxefr0_Senator Catherine Ardagh - speech from 8 May 2019.wav,parliament,,0.30-1.00,DAIL,/Users/cianan/Documents/College/GitHub/FYP/Data/DailData/roi_audio_processed/3fPwXRxefr0_Senator Catherine Ardagh - speech from 8 May 2019.wav
/Users/cianan/Documents/College/GitHub/FYP/Data/DailData/roi_audio_processed/WnN433u6vfU_Senator Catherine Ardagh - Order of Business - 8 M.wav,WnN433u6vfU,1,30,60,catherine ardagh,Fianna Fail,Dublin South-Central,Crumlin,Dublin South,Leinster,WnN433u6vfU_Senator Catherine Ardagh - Order of Business - 8 M.wav,parliament,,0.30-1.00,DAIL,/Users/cianan/Documents/College/GitHub/FYP/Data/DailData/roi_audio_processed/WnN433u6vfU_Senator Catherine Ardagh - Order of Business - 8 M.wav
/Users/cianan/Documents/College/GitHub/FYP/Data/DailData/roi_audio_processed/7V-Lhib_Ce4_Senator Catherine Ardagh - speech from 21 May 2019.wav,7V-Lhib_Ce4,1,30,60,catherine ardagh,Fianna Fail,Dublin South-Central,Crumlin,Dublin South,Leinster,7V-Lhib_Ce4_Senator Catherine Ardagh - speech from 21 May 2019.wav,parliament,,0.30-1.00,DAIL,/Users/cianan/Documents/College/GitHub/FYP/Data/DailData/roi_audio_processed/7V-Lhib_Ce4_Senator Catherine Ardagh - speech from 21 May 2019.wav
/Users/cianan/Documents/College/GitHub/FYP/Data/DailData/roi_audio_processed/FmkupHD0HX8_Catherine Ardagh - speech from  16 Apr 2019.wav,FmkupHD0HX8,1,30,60,catherine ardagh,Fianna Fail,Dublin South-Central,Crumlin,Dublin South,Leinster,FmkupHD0HX8_Catherine Ardagh - speech from  16 Apr 2019.wav,parliament,,0.30-1.00,DAIL,/Users/cianan/Documents/College/GitHub/FYP/Data/DailData/roi_audio_processed/FmkupHD0HX8_Catherine Ardagh - speech from  16 Apr 2019.wav
/Users/cianan/Documents/College/GitHub/FYP/Data/DailData/roi_audio_processed/swQUpLTT7AU_Catherine Ardagh - speech from  18 Apr 2019.wav,swQUpLTT7AU,1,30,60,catherine ardagh,Fianna Fail,Dublin South-Central,Crumlin,Dublin South,Leinster,swQUpLTT7AU_Catherine Ardagh - speech from  18 Apr 2019.wav,parliament,,0.30-1.00,DAIL,/Users/cianan/Documents/College/GitHub/FYP/Data/DailData/roi_audio_processed/swQUpLTT7AU_Catherine Ardagh - speech from  18 Apr 2019.wav
/Users/cianan/Documents/College/GitHub/FYP/Data/DailData/roi_audio_processed/SAFAZLiDtt0_Catherine Ardagh - speech from  17 Apr 2019.wav,SAFAZLiDtt0,1,30,60,catherine ardagh,Fianna Fail,Dublin South-Central,Crumlin,Dublin South,Leinster,SAFAZLiDtt0_Catherine Ardagh - speech from  17 Apr 2019.wav,parliament,,0.30-1.00,DAIL,/Users/cianan/Documents/College/GitHub/FYP/Data/DailData/roi_audio_processed/SAFAZLiDtt0_Catherine Ardagh - speech from  17 Apr 2019.wav
/Users/cianan/Documents/College/GitHub/FYP/Data/DailData/roi_audio_processed/XxMNag5d8Zw_Catherine Ardagh - speech from  18 Apr 2019.wav,XxMNag5d8Zw,1,30,60,catherine ardagh,Fianna Fail,Dublin South-Central,Crumlin,Dublin South,Leinster,XxMNag5d8Zw_Catherine Ardagh - speech from  18 Apr 2019.wav,parliament,,0.30-1.00,DAIL,/Users/cianan/Documents/College/GitHub/FYP/Data/DailData/roi_audio_processed/XxMNag5d8Zw_Catherine Ardagh - speech from  18 Apr 2019.wav
/Users/cianan/Documents/College/GitHub/FYP/Data/DailData/roi_audio_processed/e4KX0YbMOdU_Deputy Catherine Byrne - Private Members’ Business.wav,e4KX0YbMOdU,1,30,60,catherine byrne,Fine Gael,Dublin South-Central,Bluebell,Dublin West,Leinster,e4KX0YbMOdU_Deputy Catherine Byrne - Private Members‚Äô Business.wav,parliament,,0.30-1.00,DAIL,/Users/cianan/Documents/College/GitHub/FYP/Data/DailData/roi_audio_processed/e4KX0YbMOdU_Deputy Catherine Byrne - Private Members’ Business.wav
/Users/cianan/Documents/College/GitHub/FYP/Data/DailData/roi_audio_processed/7hKBX8pCdSA_Deputy Catherine Connolly - Government Business - .wav,7hKBX8pCdSA,1,30,60,catherine connolly,"Labour, Independent",Galway West,Galway City,Galway,Connacht,7hKBX8pCdSA_Deputy Catherine Connolly - Government Business - .wav,parliament,,0.30-1.00,DAIL,/Users/cianan/Documents/College/GitHub/FYP/Data/DailData/roi_audio_processed/7hKBX8pCdSA_Deputy Catherine Connolly - Government Business - .wav
/Users/cianan/Documents/College/GitHub/FYP/Data/DailData/roi_audio_processed/evCYs0For50_Deputy Catherine Connolly - Private Members’ Busin.wav,evCYs0For50,1,30,60,catherine connolly,"Labour, Independent",Galway West,Galway City,Galway,Connacht,evCYs0For50_Deputy Catherine Connolly - Private Members‚Äô Busin.wav,parliament,,0.30-1.00,DAIL,/Users/cianan/Documents/College/GitHub/FYP/Data/DailData/roi_audio_processed/evCYs0For50_Deputy Catherine Connolly - Private Members’ Busin.wav
/Users/cianan/Documents/College/GitHub/FYP/Data/DailData/roi_audio_processed/zpuHn9m57rU_Deputy Catherine Connolly - Private Members’ Busin.wav,zpuHn9m57rU,1,30,60,catherine connolly,"Labour, Independent",Galway West,Galway City,Galway,Connacht,zpuHn9m57rU_Deputy Catherine Connolly - Private Members‚Äô Busin.wav,parliament,,0.30-1.00,DAIL,/Users/cianan/Documents/College/GitHub/FYP/Data/DailData/roi_audio_processed/zpuHn9m57rU_Deputy Catherine Connolly - Private Members’ Busin.wav
/Users/cianan/Documents/College/GitHub/FYP/Data/DailData/roi_audio_processed/QTH69EhFAu0_Deputy Catherine Connolly - Private Members’ Busin.wav,QTH69EhFAu0,1,30,60,catherine connolly,"Labour, Independent",Galway West,Galway City,Galway,Connacht,QTH69EhFAu0_Deputy Catherine Connolly - Private Members‚Äô Busin.wav,parliament,,0.30-1.00,DAIL,/Users/cianan/Documents/College/GitHub/FYP/Data/DailData/roi_audio_processed/QTH69EhFAu0_Deputy Catherine Connolly - Private Members’ Busin.wav
/Users/cianan/Documents/College/GitHub/FYP/Data/DailData/roi_audio_processed/nRDcBPJSJqk_Deputy Catherine Connolly - Private Members’ Busin.wav,nRDcBPJSJqk,1,30,60,catherine connolly,"Labour, Independent",Galway West,Galway City,Galway,Connacht,nRDcBPJSJqk_Deputy Catherine Connolly - Private Members‚Äô Busin.wav,parliament,,0.30-1.00,DAIL,/Users/cianan/Documents/College/GitHub/FYP/Data/DailData/roi_audio_processed/nRDcBPJSJqk_Deputy Catherine Connolly - Private Members’ Busin.wav
/Users/cianan/Documents/College/GitHub/FYP/Data/DailData/roi_audio_processed/STNMnWiaS-Y_Deputy Catherine Martin - Order of Business - 12.0.wav,STNMnWiaS-Y,1,30,60,catherine martin,Green Party,Dublin Rathdown,Carricmacross,Monaghan,Ulster,STNMnWiaS-Y_Deputy Catherine Martin - Order of Business - 12.0.wav,parliament,,0.30-1.00,DAIL,/Users/cianan/Documents/College/GitHub/FYP/Data/DailData/roi_audio_processed/STNMnWiaS-Y_Deputy Catherine Martin - Order of Business - 12.0.wav
/Users/cianan/Documents/College/GitHub/FYP/Data/DailData/roi_audio_processed/5ZaEEGSr1RI_Deputy Catherine Martin - Government Business - 19.wav,5ZaEEGSr1RI,1,30,60,catherine martin,Green Party,Dublin Rathdown,Carricmacross,Monaghan,Ulster,5ZaEEGSr1RI_Deputy Catherine Martin - Government Business - 19.wav,parliament,,0.30-1.00,DAIL,/Users/cianan/Documents/College/GitHub/FYP/Data/DailData/roi_audio_processed/5ZaEEGSr1RI_Deputy Catherine Martin - Government Business - 19.wav
/Users/cianan/Documents/College/GitHub/FYP/Data/DailData/roi_audio_processed/XWtCIObcOYM_Deputy Catherine Martin - Private Members’ Busines.wav,XWtCIObcOYM,1,30,60,catherine martin,Green Party,Dublin Rathdown,Carricmacross,Monaghan,Ulster,XWtCIObcOYM_Deputy Catherine Martin - Private Members‚Äô Busines.wav,parliament,,0.30-1.00,DAIL,/Users/cianan/Documents/College/GitHub/FYP/Data/DailData/roi_audio_processed/XWtCIObcOYM_Deputy Catherine Martin - Private Members’ Busines.wav
/Users/cianan/Documents/College/GitHub/FYP/Data/DailData/roi_audio_processed/oRYkz-O1v-8_Deputy Catherine Martin - Topical Issues - 07.03.2.wav,oRYkz-O1v-8,1,30,60,catherine martin,Green Party,Dublin Rathdown,Carricmacross,Monaghan,Ulster,oRYkz-O1v-8_Deputy Catherine Martin - Topical Issues - 07.03.2.wav,parliament,,0.30-1.00,DAIL,/Users/cianan/Documents/College/GitHub/FYP/Data/DailData/roi_audio_processed/oRYkz-O1v-8_Deputy Catherine Martin - Topical Issues - 07.03.2.wav
/Users/cianan/Documents/College/GitHub/FYP/Data/DailData/roi_audio_processed/d9OS0_uD1Gc_Deputy Catherine Murphy - Government Business - 9 .wav,d9OS0_uD1Gc,1,30,60,catherine murphy,Social Democrats,Kildare North,Palmerstown,Dublin West,Leinster,d9OS0_uD1Gc_Deputy Catherine Murphy - Government Business - 9 .wav,parliament,,0.30-1.00,DAIL,/Users/cianan/Documents/College/GitHub/FYP/Data/DailData/roi_audio_processed/d9OS0_uD1Gc_Deputy Catherine Murphy - Government Business - 9 .wav
/Users/cianan/Documents/College/GitHub/FYP/Data/DailData/roi_audio_processed/oIOw95P62nc_Deputy Catherine Murphy - Order of Business - 05.0.wav,oIOw95P62nc,1,30,60,catherine murphy,Social Democrats,Kildare North,Palmerstown,Dublin West,Leinster,oIOw95P62nc_Deputy Catherine Murphy - Order of Business - 05.0.wav,parliament,,0.30-1.00,DAIL,/Users/cianan/Documents/College/GitHub/FYP/Data/DailData/roi_audio_processed/oIOw95P62nc_Deputy Catherine Murphy - Order of Business - 05.0.wav
/Users/cianan/Documents/College/GitHub/FYP/Data/DailData/roi_audio_processed/GDrNe5VNK88_Deputy Catherine Murphy - Topical Issues - 18 Sep .wav,GDrNe5VNK88,1,30,60,catherine murphy,Social Democrats,Kildare North,Palmerstown,Dublin West,Leinster,GDrNe5VNK88_Deputy Catherine Murphy - Topical Issues - 18 Sep .wav,parliament,,0.30-1.00,DAIL,/Users/cianan/Documents/College/GitHub/FYP/Data/DailData/roi_audio_processed/GDrNe5VNK88_Deputy Catherine Murphy - Topical Issues - 18 Sep .wav
/Users/cianan/Documents/College/GitHub/FYP/Data/DailData/roi_audio_processed/p_Ogeu0pu6s_Deputy Catherine Murphy - Priority Questions - 19 .wav,p_Ogeu0pu6s,1,30,60,catherine murphy,Social Democrats,Kildare North,Palmerstown,Dublin West,Leinster,p_Ogeu0pu6s_Deputy Catherine Murphy - Priority Questions - 19 .wav,parliament,,0.30-1.00,DAIL,/Users/cianan/Documents/College/GitHub/FYP/Data/DailData/roi_audio_processed/p_Ogeu0pu6s_Deputy Catherine Murphy - Priority Questions - 19 .wav
/Users/cianan/Documents/College/GitHub/FYP/Data/DailData/roi_audio_processed/oFwtmufYUyQ_Catherine Noone - speech from  16 Apr 2019.wav,oFwtmufYUyQ,1,30,60,catherine noone,Fine Gael,,Claremorris,Mayo,Connacht,oFwtmufYUyQ_Catherine Noone - speech from  16 Apr 2019.wav,parliament,,0.30-1.00,DAIL,/Users/cianan/Documents/College/GitHub/FYP/Data/DailData/roi_audio_processed/oFwtmufYUyQ_Catherine Noone - speech from  16 Apr 2019.wav
/Users/cianan/Documents/College/GitHub/FYP/Data/DailData/roi_audio_processed/ypI0pGV9Vqc_Senator Catherine Noone - speech from 11 Jun 2019.wav,ypI0pGV9Vqc,1,30,60,catherine noone,Fine Gael,,Claremorris,Mayo,Connacht,ypI0pGV9Vqc_Senator Catherine Noone - speech from 11 Jun 2019.wav,parliament,,0.30-1.00,DAIL,/Users/cianan/Documents/College/GitHub/FYP/Data/DailData/roi_audio_processed/ypI0pGV9Vqc_Senator Catherine Noone - speech from 11 Jun 2019.wav
/Users/cianan/Documents/College/GitHub/FYP/Data/DailData/roi_audio_processed/0QlkCZwiLFM_Catherine Noone  - speech from  11 Apr 2019.wav,0QlkCZwiLFM,1,30,60,catherine noone,Fine Gael,,Claremorris,Mayo,Connacht,0QlkCZwiLFM_Catherine Noone  - speech from  11 Apr 2019.wav,parliament,,0.30-1.00,DAIL,/Users/cianan/Documents/College/GitHub/FYP/Data/DailData/roi_audio_processed/0QlkCZwiLFM_Catherine Noone  - speech from  11 Apr 2019.wav
/Users/cianan/Documents/College/GitHub/FYP/Data/DailData/roi_audio_processed/B9zLnM5tpk4_Catherine Noone  - speech from  16 Apr 2019.wav,B9zLnM5tpk4,1,30,60,catherine noone,Fine Gael,,Claremorris,Mayo,Connacht,B9zLnM5tpk4_Catherine Noone  - speech from  16 Apr 2019.wav,parliament,,0.30-1.00,DAIL,/Users/cianan/Documents/College/GitHub/FYP/Data/DailData/roi_audio_processed/B9zLnM5tpk4_Catherine Noone  - speech from  16 Apr 2019.wav
/Users/cianan/Documents/College/GitHub/FYP/Data/DailData/roi_audio_processed/qgJkewHZd3Y_Senator Catherine Noone - speech from 25 Sep 2019.wav,qgJkewHZd3Y,1,30,60,catherine noone,Fine Gael,,Claremorris,Mayo,Connacht,qgJkewHZd3Y_Senator Catherine Noone - speech from 25 Sep 2019.wav,parliament,,0.30-1.00,DAIL,/Users/cianan/Documents/College/GitHub/FYP/Data/DailData/roi_audio_processed/qgJkewHZd3Y_Senator Catherine Noone - speech from 25 Sep 2019.wav
/Users/cianan/Documents/College/GitHub/FYP/Data/DailData/roi_audio_processed/rdx-Zq9UbSs_Senator Catherine Noone - speech from 22 May 2019.wav,rdx-Zq9UbSs,1,30,60,catherine noone,Fine Gael,,Claremorris,Mayo,Connacht,rdx-Zq9UbSs_Senator Catherine Noone - speech from 22 May 2019.wav,parliament,,0.30-1.00,DAIL,/Users/cianan/Documents/College/GitHub/FYP/Data/DailData/roi_audio_processed/rdx-Zq9UbSs_Senator Catherine Noone - speech from 22 May 2019.wav
/Users/cianan/Documents/College/GitHub/FYP/Data/DailData/roi_audio_processed/FARcIl_LHDs_Senator Catherine Noone - speech from 26 Jun 2019.wav,FARcIl_LHDs,1,30,60,catherine noone,Fine Gael,,Claremorris,Mayo,Connacht,FARcIl_LHDs_Senator Catherine Noone - speech from 26 Jun 2019.wav,parliament,,0.30-1.00,DAIL,/Users/cianan/Documents/College/GitHub/FYP/Data/DailData/roi_audio_processed/FARcIl_LHDs_Senator Catherine Noone - speech from 26 Jun 2019.wav
/Users/cianan/Documents/College/GitHub/FYP/Data/DailData/roi_audio_processed/7vcJIZzaRJ4_Catherine Noone  - speech from  11 Apr 2019.wav,7vcJIZzaRJ4,1,30,60,catherine noone,Fine Gael,,Claremorris,Mayo,Connacht,7vcJIZzaRJ4_Catherine Noone  - speech from  11 Apr 2019.wav,parliament,,0.30-1.00,DAIL,/Users/cianan/Documents/College/GitHub/FYP/Data/DailData/roi_audio_processed/7vcJIZzaRJ4_Catherine Noone  - speech from  11 Apr 2019.wav
/Users/cianan/Documents/College/GitHub/FYP/Data/DailData/roi_audio_processed/Tk5gJKqUoRc_Senator Catherine Noone - speech from 29 May 2019.wav,Tk5gJKqUoRc,1,30,60,catherine noone,Fine Gael,,Claremorris,Mayo,Connacht,Tk5gJKqUoRc_Senator Catherine Noone - speech from 29 May 2019.wav,parliament,,0.30-1.00,DAIL,/Users/cianan/Documents/College/GitHub/FYP/Data/DailData/roi_audio_processed/Tk5gJKqUoRc_Senator Catherine Noone - speech from 29 May 2019.wav
/Users/cianan/Documents/College/GitHub/FYP/Data/DailData/roi_audio_processed/rjJr2PTEpa8_Senator Catherine Noone - speech from 14 May 2019.wav,rjJr2PTEpa8,1,30,60,catherine noone,Fine Gael,,Claremorris,Mayo,Connacht,rjJr2PTEpa8_Senator Catherine Noone - speech from 14 May 2019.wav,parliament,,0.30-1.00,DAIL,/Users/cianan/Documents/College/GitHub/FYP/Data/DailData/roi_audio_processed/rjJr2PTEpa8_Senator Catherine Noone - speech from 14 May 2019.wav
/Users/cianan/Documents/College/GitHub/FYP/Data/DailData/roi_audio_processed/Vq4CX-43qqE_Charles Flanagan - speech from  10 Apr 2019.wav,Vq4CX-43qqE,1,30,60,charles flanagan,Fine Gael,Laois,Mountmellick,Laois,Leinster,Vq4CX-43qqE_Charles Flanagan - speech from  10 Apr 2019.wav,parliament,,0.30-1.00,DAIL,/Users/cianan/Documents/College/GitHub/FYP/Data/DailData/roi_audio_processed/Vq4CX-43qqE_Charles Flanagan - speech from  10 Apr 2019.wav
/Users/cianan/Documents/College/GitHub/FYP/Data/DailData/roi_audio_processed/YkPJ5cyg6ug_Deputy Charlie McConalogue - Questions on Promised.wav,YkPJ5cyg6ug,1,30,60,charlie mcconalogue,Fianna Fail,Donegal,Inishowen,Donegal,Ulster,YkPJ5cyg6ug_Deputy Charlie McConalogue - Questions on Promised.wav,parliament,,0.30-1.00,DAIL,/Users/cianan/Documents/College/GitHub/FYP/Data/DailData/roi_audio_processed/YkPJ5cyg6ug_Deputy Charlie McConalogue - Questions on Promised.wav
/Users/cianan/Documents/College/GitHub/FYP/Data/DailData/roi_audio_processed/VUsyaTLGxwQ_Deputy Charlie McConalogue - Questions on Promised.wav,VUsyaTLGxwQ,1,30,60,charlie mcconalogue,Fianna Fail,Donegal,Inishowen,Donegal,Ulster,VUsyaTLGxwQ_Deputy Charlie McConalogue - Questions on Promised.wav,parliament,,0.30-1.00,DAIL,/Users/cianan/Documents/College/GitHub/FYP/Data/DailData/roi_audio_processed/VUsyaTLGxwQ_Deputy Charlie McConalogue - Questions on Promised.wav
/Users/cianan/Documents/College/GitHub/FYP/Data/DailData/roi_audio_processed/bXiBiFIj3bA_Deputy Charlie McConalogue - Government Business -.wav,bXiBiFIj3bA,1,30,60,charlie mcconalogue,Fianna Fail,Donegal,Inishowen,Donegal,Ulster,bXiBiFIj3bA_Deputy Charlie McConalogue - Government Business -.wav,parliament,,0.30-1.00,DAIL,/Users/cianan/Documents/College/GitHub/FYP/Data/DailData/roi_audio_processed/bXiBiFIj3bA_Deputy Charlie McConalogue - Government Business -.wav
/Users/cianan/Documents/College/GitHub/FYP/Data/DailData/roi_audio_processed/24oeW7oV--s_Deputy Charlie McConalogue - Priority Questions - .wav,24oeW7oV--s,1,30,60,charlie mcconalogue,Fianna Fail,Donegal,Inishowen,Donegal,Ulster,24oeW7oV--s_Deputy Charlie McConalogue - Priority Questions - .wav,parliament,,0.30-1.00,DAIL,/Users/cianan/Documents/College/GitHub/FYP/Data/DailData/roi_audio_processed/24oeW7oV--s_Deputy Charlie McConalogue - Priority Questions - .wav
/Users/cianan/Documents/College/GitHub/FYP/Data/DailData/roi_audio_processed/0r3MdoweYQ8_Deputy Ciaran Cannon - Government Business - 11.04.wav,0r3MdoweYQ8,1,30,60,ciaran cannon,Fine Gael,Galway East,Galway City,Galway,Connacht,0r3MdoweYQ8_Deputy Ciaran Cannon - Government Business - 11.04.wav,parliament,,0.30-1.00,DAIL,/Users/cianan/Documents/College/GitHub/FYP/Data/DailData/roi_audio_processed/0r3MdoweYQ8_Deputy Ciaran Cannon - Government Business - 11.04.wav
/Users/cianan/Documents/College/GitHub/FYP/Data/DailData/roi_audio_processed/XNZaAKyHcnw_Deputy Ciaran Cannon - Government Business - 19 Se.wav,XNZaAKyHcnw,1,30,60,ciaran cannon,Fine Gael,Galway East,Galway City,Galway,Connacht,XNZaAKyHcnw_Deputy Ciaran Cannon - Government Business - 19 Se.wav,parliament,,0.30-1.00,DAIL,/Users/cianan/Documents/College/GitHub/FYP/Data/DailData/roi_audio_processed/XNZaAKyHcnw_Deputy Ciaran Cannon - Government Business - 19 Se.wav
/Users/cianan/Documents/College/GitHub/FYP/Data/DailData/roi_audio_processed/FCsF-Fu_oM0_Colette Kelleher - speech from  18 Apr 2019.wav,FCsF-Fu_oM0,1,30,60,colette kelleher,Independent,,Macroom,Cork,Munster,FCsF-Fu_oM0_Colette Kelleher - speech from  18 Apr 2019.wav,parliament,,0.30-1.00,DAIL,/Users/cianan/Documents/College/GitHub/FYP/Data/DailData/roi_audio_processed/FCsF-Fu_oM0_Colette Kelleher - speech from  18 Apr 2019.wav
/Users/cianan/Documents/College/GitHub/FYP/Data/DailData/roi_audio_processed/ZjaEI9HxFHs_Senator Colette Kelleher - speech from 12 Jun 2019.wav,ZjaEI9HxFHs,1,30,60,colette kelleher,Independent,,Macroom,Cork,Munster,ZjaEI9HxFHs_Senator Colette Kelleher - speech from 12 Jun 2019.wav,parliament,,0.30-1.00,DAIL,/Users/cianan/Documents/College/GitHub/FYP/Data/DailData/roi_audio_processed/ZjaEI9HxFHs_Senator Colette Kelleher - speech from 12 Jun 2019.wav
/Users/cianan/Documents/College/GitHub/FYP/Data/DailData/roi_audio_processed/mGfased9qBo_Senator Colette Kelleher - speech from - 14 May 20.wav,mGfased9qBo,1,30,60,colette kelleher,Independent,,Macroom,Cork,Munster,mGfased9qBo_Senator Colette Kelleher - speech from - 14 May 20.wav,parliament,,0.30-1.00,DAIL,/Users/cianan/Documents/College/GitHub/FYP/Data/DailData/roi_audio_processed/mGfased9qBo_Senator Colette Kelleher - speech from - 14 May 20.wav
/Users/cianan/Documents/College/GitHub/FYP/Data/DailData/roi_audio_processed/DGn-Gt1DB2A_Senator Colette Kelleher - speech from 3 Oct 2019.wav,DGn-Gt1DB2A,1,30,60,colette kelleher,Independent,,Macroom,Cork,Munster,DGn-Gt1DB2A_Senator Colette Kelleher - speech from 3 Oct 2019.wav,parliament,,0.30-1.00,DAIL,/Users/cianan/Documents/College/GitHub/FYP/Data/DailData/roi_audio_processed/DGn-Gt1DB2A_Senator Colette Kelleher - speech from 3 Oct 2019.wav
/Users/cianan/Documents/College/GitHub/FYP/Data/DailData/roi_audio_processed/b7KGuv83SMY_Senator Colette Kelleher - speech from 30 May 2019.wav,b7KGuv83SMY,1,30,60,colette kelleher,Independent,,Macroom,Cork,Munster,b7KGuv83SMY_Senator Colette Kelleher - speech from 30 May 2019.wav,parliament,,0.30-1.00,DAIL,/Users/cianan/Documents/College/GitHub/FYP/Data/DailData/roi_audio_processed/b7KGuv83SMY_Senator Colette Kelleher - speech from 30 May 2019.wav
/Users/cianan/Documents/College/GitHub/FYP/Data/DailData/roi_audio_processed/_d1ZBsNcBHk_Colm Burke - speech from  09 Apr 2019.wav,_d1ZBsNcBHk,1,30,60,colm burke,Fine Gael,Cork North-Central,Cork,Cork,Munster,_d1ZBsNcBHk_Colm Burke - speech from  09 Apr 2019.wav,parliament,,0.30-1.00,DAIL,/Users/cianan/Documents/College/GitHub/FYP/Data/DailData/roi_audio_processed/_d1ZBsNcBHk_Colm Burke - speech from  09 Apr 2019.wav
/Users/cianan/Documents/College/GitHub/FYP/Data/DailData/roi_audio_processed/galH4QXpVxQ_Senator Colm Burke - speech from 16 May 2019.wav,galH4QXpVxQ,1,30,60,colm burke,Fine Gael,Cork North-Central,Cork,Cork,Munster,galH4QXpVxQ_Senator Colm Burke - speech from 16 May 2019.wav,parliament,,0.30-1.00,DAIL,/Users/cianan/Documents/College/GitHub/FYP/Data/DailData/roi_audio_processed/galH4QXpVxQ_Senator Colm Burke - speech from 16 May 2019.wav
/Users/cianan/Documents/College/GitHub/FYP/Data/DailData/roi_audio_processed/A_utTV03Wwo_Senator Colm Burke - speech from 11 Jun 2019.wav,A_utTV03Wwo,1,30,60,colm burke,Fine Gael,Cork North-Central,Cork,Cork,Munster,A_utTV03Wwo_Senator Colm Burke - speech from 11 Jun 2019.wav,parliament,,0.30-1.00,DAIL,/Users/cianan/Documents/College/GitHub/FYP/Data/DailData/roi_audio_processed/A_utTV03Wwo_Senator Colm Burke - speech from 11 Jun 2019.wav
/Users/cianan/Documents/College/GitHub/FYP/Data/DailData/roi_audio_processed/2tmjcpUmXV8_Colm Burke  - speech from  11 Apr 2019.wav,2tmjcpUmXV8,1,30,60,colm burke,Fine Gael,Cork North-Central,Cork,Cork,Munster,2tmjcpUmXV8_Colm Burke  - speech from  11 Apr 2019.wav,parliament,,0.30-1.00,DAIL,/Users/cianan/Documents/College/GitHub/FYP/Data/DailData/roi_audio_processed/2tmjcpUmXV8_Colm Burke  - speech from  11 Apr 2019.wav
/Users/cianan/Documents/College/GitHub/FYP/Data/DailData/roi_audio_processed/Rz-UfN7Bss8_Senator Colm Burke - speech from 12 Jul 2019.wav,Rz-UfN7Bss8,1,30,60,colm burke,Fine Gael,Cork North-Central,Cork,Cork,Munster,Rz-UfN7Bss8_Senator Colm Burke - speech from 12 Jul 2019.wav,parliament,,0.30-1.00,DAIL,/Users/cianan/Documents/College/GitHub/FYP/Data/DailData/roi_audio_processed/Rz-UfN7Bss8_Senator Colm Burke - speech from 12 Jul 2019.wav
/Users/cianan/Documents/College/GitHub/FYP/Data/DailData/roi_audio_processed/zf5WnSsOurA_Senator Colm Burke - speech from 28 May 2019.wav,zf5WnSsOurA,1,30,60,colm burke,Fine Gael,Cork North-Central,Cork,Cork,Munster,zf5WnSsOurA_Senator Colm Burke - speech from 28 May 2019.wav,parliament,,0.30-1.00,DAIL,/Users/cianan/Documents/College/GitHub/FYP/Data/DailData/roi_audio_processed/zf5WnSsOurA_Senator Colm Burke - speech from 28 May 2019.wav
/Users/cianan/Documents/College/GitHub/FYP/Data/DailData/roi_audio_processed/fE_5UH0b9QA_Senator Colm Burke - Order of Business - 14 May 20.wav,fE_5UH0b9QA,1,30,60,colm burke,Fine Gael,Cork North-Central,Cork,Cork,Munster,fE_5UH0b9QA_Senator Colm Burke - Order of Business - 14 May 20.wav,parliament,,0.30-1.00,DAIL,/Users/cianan/Documents/College/GitHub/FYP/Data/DailData/roi_audio_processed/fE_5UH0b9QA_Senator Colm Burke - Order of Business - 14 May 20.wav
/Users/cianan/Documents/College/GitHub/FYP/Data/DailData/roi_audio_processed/3gToPfyO328_Senator Colm Burke - Commencement Matters - 8 May .wav,3gToPfyO328,1,30,60,colm burke,Fine Gael,Cork North-Central,Cork,Cork,Munster,3gToPfyO328_Senator Colm Burke - Commencement Matters - 8 May .wav,parliament,,0.30-1.00,DAIL,/Users/cianan/Documents/College/GitHub/FYP/Data/DailData/roi_audio_processed/3gToPfyO328_Senator Colm Burke - Commencement Matters - 8 May .wav
/Users/cianan/Documents/College/GitHub/FYP/Data/DailData/roi_audio_processed/RNFTEfkWaVI_Colm Burke  - speech from  16 Apr 2019.wav,RNFTEfkWaVI,1,30,60,colm burke,Fine Gael,Cork North-Central,Cork,Cork,Munster,RNFTEfkWaVI_Colm Burke  - speech from  16 Apr 2019.wav,parliament,,0.30-1.00,DAIL,/Users/cianan/Documents/College/GitHub/FYP/Data/DailData/roi_audio_processed/RNFTEfkWaVI_Colm Burke  - speech from  16 Apr 2019.wav
/Users/cianan/Documents/College/GitHub/FYP/Data/DailData/roi_audio_processed/o6DVtu2oe-g_Deputy Damien English - Private Members’ Business .wav,o6DVtu2oe-g,1,30,60,damien english,Fine Gael,Meath West,Kells,Meath,Leinster,o6DVtu2oe-g_Deputy Damien English - Private Members‚Äô Business .wav,parliament,,0.30-1.00,DAIL,/Users/cianan/Documents/College/GitHub/FYP/Data/DailData/roi_audio_processed/o6DVtu2oe-g_Deputy Damien English - Private Members’ Business .wav
/Users/cianan/Documents/College/GitHub/FYP/Data/DailData/roi_audio_processed/uBMxSVpIgqo_Deputy Danny Healy-Rae - Government Business - 17 .wav,uBMxSVpIgqo,1,30,60,danny healy,Independent,Kerry,Kilgarvan,Kerry,Munster,uBMxSVpIgqo_Deputy Danny Healy-Rae - Government Business - 17 .wav,parliament,,0.30-1.00,DAIL,/Users/cianan/Documents/College/GitHub/FYP/Data/DailData/roi_audio_processed/uBMxSVpIgqo_Deputy Danny Healy-Rae - Government Business - 17 .wav
/Users/cianan/Documents/College/GitHub/FYP/Data/DailData/roi_audio_processed/idiD7dwaSFk_Deputy Danny Healy-Rae - Order of Business - 28 Ma.wav,idiD7dwaSFk,1,30,60,danny healy,Independent,Kerry,Kilgarvan,Kerry,Munster,idiD7dwaSFk_Deputy Danny Healy-Rae - Order of Business - 28 Ma.wav,parliament,,0.30-1.00,DAIL,/Users/cianan/Documents/College/GitHub/FYP/Data/DailData/roi_audio_processed/idiD7dwaSFk_Deputy Danny Healy-Rae - Order of Business - 28 Ma.wav
/Users/cianan/Documents/College/GitHub/FYP/Data/DailData/roi_audio_processed/SFME9S-L0Rs_Deputy Danny Healy-Rae - Private Members’ Business.wav,SFME9S-L0Rs,1,30,60,danny healy,Independent,Kerry,Kilgarvan,Kerry,Munster,SFME9S-L0Rs_Deputy Danny Healy-Rae - Private Members‚Äô Business.wav,parliament,,0.30-1.00,DAIL,/Users/cianan/Documents/College/GitHub/FYP/Data/DailData/roi_audio_processed/SFME9S-L0Rs_Deputy Danny Healy-Rae - Private Members’ Business.wav
/Users/cianan/Documents/College/GitHub/FYP/Data/DailData/roi_audio_processed/u_KQsulg_1A_Deputy Danny Healy-Rae - Private Members’ Business.wav,u_KQsulg_1A,1,30,60,danny healy,Independent,Kerry,Kilgarvan,Kerry,Munster,u_KQsulg_1A_Deputy Danny Healy-Rae - Private Members‚Äô Business.wav,parliament,,0.30-1.00,DAIL,/Users/cianan/Documents/College/GitHub/FYP/Data/DailData/roi_audio_processed/u_KQsulg_1A_Deputy Danny Healy-Rae - Private Members’ Business.wav
/Users/cianan/Documents/College/GitHub/FYP/Data/DailData/roi_audio_processed/sc-Qlb_McNE_Deputy Danny Healy-Rae - Private Members’ Business.wav,sc-Qlb_McNE,1,30,60,danny healy,Independent,Kerry,Kilgarvan,Kerry,Munster,sc-Qlb_McNE_Deputy Danny Healy-Rae - Private Members‚Äô Business.wav,parliament,,0.30-1.00,DAIL,/Users/cianan/Documents/College/GitHub/FYP/Data/DailData/roi_audio_processed/sc-Qlb_McNE_Deputy Danny Healy-Rae - Private Members’ Business.wav
/Users/cianan/Documents/College/GitHub/FYP/Data/DailData/roi_audio_processed/b2gN0wsm7lc_Deputy Danny Healy-Rae - Order of Business - 05.03.wav,b2gN0wsm7lc,1,30,60,danny healy,Independent,Kerry,Kilgarvan,Kerry,Munster,b2gN0wsm7lc_Deputy Danny Healy-Rae - Order of Business - 05.03.wav,parliament,,0.30-1.00,DAIL,/Users/cianan/Documents/College/GitHub/FYP/Data/DailData/roi_audio_processed/b2gN0wsm7lc_Deputy Danny Healy-Rae - Order of Business - 05.03.wav
/Users/cianan/Documents/College/GitHub/FYP/Data/DailData/roi_audio_processed/kDKeZoZlwIk_Deputy Danny Healy-Rae - Government Business - 17..wav,kDKeZoZlwIk,1,30,60,danny healy,Independent,Kerry,Kilgarvan,Kerry,Munster,kDKeZoZlwIk_Deputy Danny Healy-Rae - Government Business - 17..wav,parliament,,0.30-1.00,DAIL,/Users/cianan/Documents/College/GitHub/FYP/Data/DailData/roi_audio_processed/kDKeZoZlwIk_Deputy Danny Healy-Rae - Government Business - 17..wav
/Users/cianan/Documents/College/GitHub/FYP/Data/DailData/roi_audio_processed/k9gYaJMFOZc_Deputy Danny Healy-Rae - Leaders’ Questions - 06.0.wav,k9gYaJMFOZc,1,30,60,danny healy,Independent,Kerry,Kilgarvan,Kerry,Munster,k9gYaJMFOZc_Deputy Danny Healy-Rae - Leaders‚Äô Questions - 06.0.wav,parliament,,0.30-1.00,DAIL,/Users/cianan/Documents/College/GitHub/FYP/Data/DailData/roi_audio_processed/k9gYaJMFOZc_Deputy Danny Healy-Rae - Leaders’ Questions - 06.0.wav
/Users/cianan/Documents/College/GitHub/FYP/Data/DailData/roi_audio_processed/CPHu82wWe04_Deputy Danny Healy-Rae - Questions on Promised Leg.wav,CPHu82wWe04,1,30,60,danny healy,Independent,Kerry,Kilgarvan,Kerry,Munster,CPHu82wWe04_Deputy Danny Healy-Rae - Questions on Promised Leg.wav,parliament,,0.30-1.00,DAIL,/Users/cianan/Documents/College/GitHub/FYP/Data/DailData/roi_audio_processed/CPHu82wWe04_Deputy Danny Healy-Rae - Questions on Promised Leg.wav
/Users/cianan/Documents/College/GitHub/FYP/Data/DailData/roi_audio_processed/nVVXsAY288g_Deputy Dara Calleary - Leaders’ Questions - 11.04..wav,nVVXsAY288g,1,30,60,dara calleary,Fianna Fail,Mayo,Ballina,Mayo,Connacht,nVVXsAY288g_Deputy Dara Calleary - Leaders‚Äô Questions - 11.04..wav,parliament,,0.30-1.00,DAIL,/Users/cianan/Documents/College/GitHub/FYP/Data/DailData/roi_audio_processed/nVVXsAY288g_Deputy Dara Calleary - Leaders’ Questions - 11.04..wav
/Users/cianan/Documents/College/GitHub/FYP/Data/DailData/roi_audio_processed/n2gwtYMvYXs_Deputy Dara Calleary - Other Questions - 13.03.201.wav,n2gwtYMvYXs,1,30,60,dara calleary,Fianna Fail,Mayo,Ballina,Mayo,Connacht,n2gwtYMvYXs_Deputy Dara Calleary - Other Questions - 13.03.201.wav,parliament,,0.30-1.00,DAIL,/Users/cianan/Documents/College/GitHub/FYP/Data/DailData/roi_audio_processed/n2gwtYMvYXs_Deputy Dara Calleary - Other Questions - 13.03.201.wav
/Users/cianan/Documents/College/GitHub/FYP/Data/DailData/roi_audio_processed/EAIzbzqoiYA_Deputy Dara Calleary - Government Business - 12.03.wav,EAIzbzqoiYA,1,30,60,dara calleary,Fianna Fail,Mayo,Ballina,Mayo,Connacht,EAIzbzqoiYA_Deputy Dara Calleary - Government Business - 12.03.wav,parliament,,0.30-1.00,DAIL,/Users/cianan/Documents/College/GitHub/FYP/Data/DailData/roi_audio_processed/EAIzbzqoiYA_Deputy Dara Calleary - Government Business - 12.03.wav
/Users/cianan/Documents/College/GitHub/FYP/Data/DailData/roi_audio_processed/HbKt052-moM_Deputy Dara Calleary - Private Members’ Business -.wav,HbKt052-moM,1,30,60,dara calleary,Fianna Fail,Mayo,Ballina,Mayo,Connacht,HbKt052-moM_Deputy Dara Calleary - Private Members‚Äô Business -.wav,parliament,,0.30-1.00,DAIL,/Users/cianan/Documents/College/GitHub/FYP/Data/DailData/roi_audio_processed/HbKt052-moM_Deputy Dara Calleary - Private Members’ Business -.wav
/Users/cianan/Documents/College/GitHub/FYP/Data/DailData/roi_audio_processed/BXbqq5Uh5-0_Deputy Dara Calleary - Leaders’ Questions  - 16 Ma.wav,BXbqq5Uh5-0,1,30,60,dara calleary,Fianna Fail,Mayo,Ballina,Mayo,Connacht,BXbqq5Uh5-0_Deputy Dara Calleary - Leaders‚Äô Questions  - 16 Ma.wav,parliament,,0.30-1.00,DAIL,/Users/cianan/Documents/College/GitHub/FYP/Data/DailData/roi_audio_processed/BXbqq5Uh5-0_Deputy Dara Calleary - Leaders’ Questions  - 16 Ma.wav
/Users/cianan/Documents/College/GitHub/FYP/Data/DailData/roi_audio_processed/_xQd0K6t0s0_Deputy Dara Calleary - Private Members’ Business -.wav,_xQd0K6t0s0,1,30,60,dara calleary,Fianna Fail,Mayo,Ballina,Mayo,Connacht,_xQd0K6t0s0_Deputy Dara Calleary - Private Members‚Äô Business -.wav,parliament,,0.30-1.00,DAIL,/Users/cianan/Documents/College/GitHub/FYP/Data/DailData/roi_audio_processed/_xQd0K6t0s0_Deputy Dara Calleary - Private Members’ Business -.wav
/Users/cianan/Documents/College/GitHub/FYP/Data/DailData/roi_audio_processed/kvEtfr5IUcY_Deputy Dara Calleary - Topical Issues - 13.03.2019.wav,kvEtfr5IUcY,1,30,60,dara calleary,Fianna Fail,Mayo,Ballina,Mayo,Connacht,kvEtfr5IUcY_Deputy Dara Calleary - Topical Issues - 13.03.2019.wav,parliament,,0.30-1.00,DAIL,/Users/cianan/Documents/College/GitHub/FYP/Data/DailData/roi_audio_processed/kvEtfr5IUcY_Deputy Dara Calleary - Topical Issues - 13.03.2019.wav
/Users/cianan/Documents/College/GitHub/FYP/Data/DailData/roi_audio_processed/d6b_oS-xF7w_Deputy Dara Calleary - Leaders’ Questions - 20 Jun.wav,d6b_oS-xF7w,1,30,60,dara calleary,Fianna Fail,Mayo,Ballina,Mayo,Connacht,d6b_oS-xF7w_Deputy Dara Calleary - Leaders‚Äô Questions - 20 Jun.wav,parliament,,0.30-1.00,DAIL,/Users/cianan/Documents/College/GitHub/FYP/Data/DailData/roi_audio_processed/d6b_oS-xF7w_Deputy Dara Calleary - Leaders’ Questions - 20 Jun.wav
/Users/cianan/Documents/College/GitHub/FYP/Data/DailData/roi_audio_processed/6bhKka9GvNI_Deputy Dara Calleary - Leaders’ Questions - 07.03..wav,6bhKka9GvNI,1,30,60,dara calleary,Fianna Fail,Mayo,Ballina,Mayo,Connacht,6bhKka9GvNI_Deputy Dara Calleary - Leaders‚Äô Questions - 07.03..wav,parliament,,0.30-1.00,DAIL,/Users/cianan/Documents/College/GitHub/FYP/Data/DailData/roi_audio_processed/6bhKka9GvNI_Deputy Dara Calleary - Leaders’ Questions - 07.03..wav
/Users/cianan/Documents/College/GitHub/FYP/Data/DailData/roi_audio_processed/TtRvVsC21nA_Deputy Darragh O'Brien - Other Questions - 18 Sep .wav,TtRvVsC21nA,1,30,60,darragh o'brien,Fianna Fail,Dublin Fingal,Malahide,Dublin Fingal,Leinster,TtRvVsC21nA_Deputy Darragh O'Brien - Other Questions - 18 Sep .wav,parliament,,0.30-1.00,DAIL,/Users/cianan/Documents/College/GitHub/FYP/Data/DailData/roi_audio_processed/TtRvVsC21nA_Deputy Darragh O'Brien - Other Questions - 18 Sep .wav
/Users/cianan/Documents/College/GitHub/FYP/Data/DailData/roi_audio_processed/0u3XrhzdkwE_Deputy Darragh O'Brien - Private Members’ Business.wav,0u3XrhzdkwE,1,30,60,darragh o'brien,Fianna Fail,Dublin Fingal,Malahide,Dublin Fingal,Leinster,0u3XrhzdkwE_Deputy Darragh O'Brien - Private Members‚Äô Business.wav,parliament,,0.30-1.00,DAIL,/Users/cianan/Documents/College/GitHub/FYP/Data/DailData/roi_audio_processed/0u3XrhzdkwE_Deputy Darragh O'Brien - Private Members’ Business.wav
/Users/cianan/Documents/College/GitHub/FYP/Data/DailData/roi_audio_processed/5rDGAzXabMg_Deputy Darragh O'Brien - Government Business - 11 .wav,5rDGAzXabMg,1,30,60,darragh o'brien,Fianna Fail,Dublin Fingal,Malahide,Dublin Fingal,Leinster,5rDGAzXabMg_Deputy Darragh O'Brien - Government Business - 11 .wav,parliament,,0.30-1.00,DAIL,/Users/cianan/Documents/College/GitHub/FYP/Data/DailData/roi_audio_processed/5rDGAzXabMg_Deputy Darragh O'Brien - Government Business - 11 .wav
/Users/cianan/Documents/College/GitHub/FYP/Data/DailData/roi_audio_processed/hJTvvUHKmz4_Deputy Darragh O'Brien - Government Business - 15 .wav,hJTvvUHKmz4,1,30,60,darragh o'brien,Fianna Fail,Dublin Fingal,Malahide,Dublin Fingal,Leinster,hJTvvUHKmz4_Deputy Darragh O'Brien - Government Business - 15 .wav,parliament,,0.30-1.00,DAIL,/Users/cianan/Documents/College/GitHub/FYP/Data/DailData/roi_audio_processed/hJTvvUHKmz4_Deputy Darragh O'Brien - Government Business - 15 .wav
/Users/cianan/Documents/College/GitHub/FYP/Data/DailData/roi_audio_processed/UFxrLE7yNNI_Deputy David Cullinane - Government Business - 17..wav,UFxrLE7yNNI,1,30,60,david cullinane,Sinn Fein,Waterford,Waterford City,Waterford,Munster,UFxrLE7yNNI_Deputy David Cullinane - Government Business - 17..wav,parliament,,0.30-1.00,DAIL,/Users/cianan/Documents/College/GitHub/FYP/Data/DailData/roi_audio_processed/UFxrLE7yNNI_Deputy David Cullinane - Government Business - 17..wav
/Users/cianan/Documents/College/GitHub/FYP/Data/DailData/roi_audio_processed/uUQ_OzYat3M_Deputy David Cullinane - Leaders’ Questions - 12.0.wav,uUQ_OzYat3M,1,30,60,david cullinane,Sinn Fein,Waterford,Waterford City,Waterford,Munster,uUQ_OzYat3M_Deputy David Cullinane - Leaders‚Äô Questions - 12.0.wav,parliament,,0.30-1.00,DAIL,/Users/cianan/Documents/College/GitHub/FYP/Data/DailData/roi_audio_processed/uUQ_OzYat3M_Deputy David Cullinane - Leaders’ Questions - 12.0.wav
/Users/cianan/Documents/College/GitHub/FYP/Data/DailData/roi_audio_processed/Pmuo6dnxVe8_Deputy David Cullinane - Private Members’ Business.wav,Pmuo6dnxVe8,1,30,60,david cullinane,Sinn Fein,Waterford,Waterford City,Waterford,Munster,Pmuo6dnxVe8_Deputy David Cullinane - Private Members‚Äô Business.wav,parliament,,0.30-1.00,DAIL,/Users/cianan/Documents/College/GitHub/FYP/Data/DailData/roi_audio_processed/Pmuo6dnxVe8_Deputy David Cullinane - Private Members’ Business.wav
/Users/cianan/Documents/College/GitHub/FYP/Data/DailData/roi_audio_processed/8OSGuI0UhXw_Deputy David Cullinane - Leaders’ Questions - 4 Ju.wav,8OSGuI0UhXw,1,30,60,david cullinane,Sinn Fein,Waterford,Waterford City,Waterford,Munster,8OSGuI0UhXw_Deputy David Cullinane - Leaders‚Äô Questions - 4 Ju.wav,parliament,,0.30-1.00,DAIL,/Users/cianan/Documents/College/GitHub/FYP/Data/DailData/roi_audio_processed/8OSGuI0UhXw_Deputy David Cullinane - Leaders’ Questions - 4 Ju.wav
/Users/cianan/Documents/College/GitHub/FYP/Data/DailData/roi_audio_processed/QlSXb_eG6fQ_Deputy David Cullinane - Government Business - 17 .wav,QlSXb_eG6fQ,1,30,60,david cullinane,Sinn Fein,Waterford,Waterford City,Waterford,Munster,QlSXb_eG6fQ_Deputy David Cullinane - Government Business - 17 .wav,parliament,,0.30-1.00,DAIL,/Users/cianan/Documents/College/GitHub/FYP/Data/DailData/roi_audio_processed/QlSXb_eG6fQ_Deputy David Cullinane - Government Business - 17 .wav
/Users/cianan/Documents/College/GitHub/FYP/Data/DailData/roi_audio_processed/buya4JIU3H0_Deputy David Cullinane - Government Business - 05..wav,buya4JIU3H0,1,30,60,david cullinane,Sinn Fein,Waterford,Waterford City,Waterford,Munster,buya4JIU3H0_Deputy David Cullinane - Government Business - 05..wav,parliament,,0.30-1.00,DAIL,/Users/cianan/Documents/College/GitHub/FYP/Data/DailData/roi_audio_processed/buya4JIU3H0_Deputy David Cullinane - Government Business - 05..wav
/Users/cianan/Documents/College/GitHub/FYP/Data/DailData/roi_audio_processed/ppGNNzvoV7s_David P B  Norris - speech from  16 Apr 2019.wav,ppGNNzvoV7s,1,30,60,david p b norris,Independent,,Léopoldville,Belgian Congo,Other,ppGNNzvoV7s_David P B  Norris - speech from  16 Apr 2019.wav,parliament,,0.30-1.00,DAIL,/Users/cianan/Documents/College/GitHub/FYP/Data/DailData/roi_audio_processed/ppGNNzvoV7s_David P B  Norris - speech from  16 Apr 2019.wav
/Users/cianan/Documents/College/GitHub/FYP/Data/DailData/roi_audio_processed/iZqsHzwvJ1w_David P B  Norris - speech from  10 Apr 2019.wav,iZqsHzwvJ1w,1,30,60,david p b norris,Independent,,Léopoldville,Belgian Congo,Other,iZqsHzwvJ1w_David P B  Norris - speech from  10 Apr 2019.wav,parliament,,0.30-1.00,DAIL,/Users/cianan/Documents/College/GitHub/FYP/Data/DailData/roi_audio_processed/iZqsHzwvJ1w_David P B  Norris - speech from  10 Apr 2019.wav
/Users/cianan/Documents/College/GitHub/FYP/Data/DailData/roi_audio_processed/iuvGLcD9wPY_David P B  Norris - speech from  18 Apr 2019.wav,iuvGLcD9wPY,1,30,60,david p b norris,Independent,,Léopoldville,Belgian Congo,Other,iuvGLcD9wPY_David P B  Norris - speech from  18 Apr 2019.wav,parliament,,0.30-1.00,DAIL,/Users/cianan/Documents/College/GitHub/FYP/Data/DailData/roi_audio_processed/iuvGLcD9wPY_David P B  Norris - speech from  18 Apr 2019.wav
/Users/cianan/Documents/College/GitHub/FYP/Data/DailData/roi_audio_processed/tmzcG3KbVxE_David P B  Norris - speech from  10 Apr 2019.wav,tmzcG3KbVxE,1,30,60,david p b norris,Independent,,Léopoldville,Belgian Congo,Other,tmzcG3KbVxE_David P B  Norris - speech from  10 Apr 2019.wav,parliament,,0.30-1.00,DAIL,/Users/cianan/Documents/College/GitHub/FYP/Data/DailData/roi_audio_processed/tmzcG3KbVxE_David P B  Norris - speech from  10 Apr 2019.wav
/Users/cianan/Documents/College/GitHub/FYP/Data/DailData/roi_audio_processed/vY5XnwMlNfQ_David P B  Norris - speech from  10 Apr 2019.wav,vY5XnwMlNfQ,1,30,60,david p b norris,Independent,,Léopoldville,Belgian Congo,Other,vY5XnwMlNfQ_David P B  Norris - speech from  10 Apr 2019.wav,parliament,,0.30-1.00,DAIL,/Users/cianan/Documents/College/GitHub/FYP/Data/DailData/roi_audio_processed/vY5XnwMlNfQ_David P B  Norris - speech from  10 Apr 2019.wav
/Users/cianan/Documents/College/GitHub/FYP/Data/DailData/roi_audio_processed/MS1gMaz_SOI_David P B  Norris - speech from  10 Apr 2019.wav,MS1gMaz_SOI,1,30,60,david p b norris,Independent,,Léopoldville,Belgian Congo,Other,MS1gMaz_SOI_David P B  Norris - speech from  10 Apr 2019.wav,parliament,,0.30-1.00,DAIL,/Users/cianan/Documents/College/GitHub/FYP/Data/DailData/roi_audio_processed/MS1gMaz_SOI_David P B  Norris - speech from  10 Apr 2019.wav
/Users/cianan/Documents/College/GitHub/FYP/Data/DailData/roi_audio_processed/OK7tciFRBxw_David P B  Norris - speech from  17 Apr 2019.wav,OK7tciFRBxw,1,30,60,david p b norris,Independent,,Léopoldville,Belgian Congo,Other,OK7tciFRBxw_David P B  Norris - speech from  17 Apr 2019.wav,parliament,,0.30-1.00,DAIL,/Users/cianan/Documents/College/GitHub/FYP/Data/DailData/roi_audio_processed/OK7tciFRBxw_David P B  Norris - speech from  17 Apr 2019.wav
/Users/cianan/Documents/College/GitHub/FYP/Data/DailData/roi_audio_processed/L15F_v5nSs8_David P B  Norris - speech from  09 Apr 2019.wav,L15F_v5nSs8,1,30,60,david p b norris,Independent,,Léopoldville,Belgian Congo,Other,L15F_v5nSs8_David P B  Norris - speech from  09 Apr 2019.wav,parliament,,0.30-1.00,DAIL,/Users/cianan/Documents/College/GitHub/FYP/Data/DailData/roi_audio_processed/L15F_v5nSs8_David P B  Norris - speech from  09 Apr 2019.wav
/Users/cianan/Documents/College/GitHub/FYP/Data/DailData/roi_audio_processed/xxFRDsC-Uj4_David P B  Norris - speech from  10 Apr 2019.wav,xxFRDsC-Uj4,1,30,60,david p b norris,Independent,,Léopoldville,Belgian Congo,Other,xxFRDsC-Uj4_David P B  Norris - speech from  10 Apr 2019.wav,parliament,,0.30-1.00,DAIL,/Users/cianan/Documents/College/GitHub/FYP/Data/DailData/roi_audio_processed/xxFRDsC-Uj4_David P B  Norris - speech from  10 Apr 2019.wav
/Users/cianan/Documents/College/GitHub/FYP/Data/DailData/roi_audio_processed/Yf9OCupRpnw_David P B  Norris - speech from  17 Apr 2019.wav,Yf9OCupRpnw,1,30,60,david p b norris,Independent,,Léopoldville,Belgian Congo,Other,Yf9OCupRpnw_David P B  Norris - speech from  17 Apr 2019.wav,parliament,,0.30-1.00,DAIL,/Users/cianan/Documents/College/GitHub/FYP/Data/DailData/roi_audio_processed/Yf9OCupRpnw_David P B  Norris - speech from  17 Apr 2019.wav
/Users/cianan/Documents/College/GitHub/FYP/Data/DailData/roi_audio_processed/ByRp4T-pqjA_David P B  Norris - speech from  17 Apr 2019.wav,ByRp4T-pqjA,1,30,60,david p b norris,Independent,,Léopoldville,Belgian Congo,Other,ByRp4T-pqjA_David P B  Norris - speech from  17 Apr 2019.wav,parliament,,0.30-1.00,DAIL,/Users/cianan/Documents/College/GitHub/FYP/Data/DailData/roi_audio_processed/ByRp4T-pqjA_David P B  Norris - speech from  17 Apr 2019.wav
/Users/cianan/Documents/College/GitHub/FYP/Data/DailData/roi_audio_processed/JAZKsNZLD5I_David P B  Norris  - speech from  16 Apr 2019.wav,JAZKsNZLD5I,1,30,60,david p b norris,Independent,,Léopoldville,Belgian Congo,Other,JAZKsNZLD5I_David P B  Norris  - speech from  16 Apr 2019.wav,parliament,,0.30-1.00,DAIL,/Users/cianan/Documents/College/GitHub/FYP/Data/DailData/roi_audio_processed/JAZKsNZLD5I_David P B  Norris  - speech from  16 Apr 2019.wav
/Users/cianan/Documents/College/GitHub/FYP/Data/DailData/roi_audio_processed/sbmNTCX77FM_David P B  Norris  - speech from  16 Apr 2019.wav,sbmNTCX77FM,1,30,60,david p b norris,Independent,,Léopoldville,Belgian Congo,Other,sbmNTCX77FM_David P B  Norris  - speech from  16 Apr 2019.wav,parliament,,0.30-1.00,DAIL,/Users/cianan/Documents/College/GitHub/FYP/Data/DailData/roi_audio_processed/sbmNTCX77FM_David P B  Norris  - speech from  16 Apr 2019.wav
/Users/cianan/Documents/College/GitHub/FYP/Data/DailData/roi_audio_processed/bONT51SY9Aw_David P B  Norris - speech from  10 Apr 2019.wav,bONT51SY9Aw,1,30,60,david p b norris,Independent,,Léopoldville,Belgian Congo,Other,bONT51SY9Aw_David P B  Norris - speech from  10 Apr 2019.wav,parliament,,0.30-1.00,DAIL,/Users/cianan/Documents/College/GitHub/FYP/Data/DailData/roi_audio_processed/bONT51SY9Aw_David P B  Norris - speech from  10 Apr 2019.wav
/Users/cianan/Documents/College/GitHub/FYP/Data/DailData/roi_audio_processed/8M44THTe0JI_David P B  Norris - speech from  10 Apr 2019.wav,8M44THTe0JI,1,30,60,david p b norris,Independent,,Léopoldville,Belgian Congo,Other,8M44THTe0JI_David P B  Norris - speech from  10 Apr 2019.wav,parliament,,0.30-1.00,DAIL,/Users/cianan/Documents/College/GitHub/FYP/Data/DailData/roi_audio_processed/8M44THTe0JI_David P B  Norris - speech from  10 Apr 2019.wav
/Users/cianan/Documents/College/GitHub/FYP/Data/DailData/roi_audio_processed/dhSEtIZSsCQ_David P B  Norris - speech from  10 Apr 2019.wav,dhSEtIZSsCQ,1,30,60,david p b norris,Independent,,Léopoldville,Belgian Congo,Other,dhSEtIZSsCQ_David P B  Norris - speech from  10 Apr 2019.wav,parliament,,0.30-1.00,DAIL,/Users/cianan/Documents/College/GitHub/FYP/Data/DailData/roi_audio_processed/dhSEtIZSsCQ_David P B  Norris - speech from  10 Apr 2019.wav
/Users/cianan/Documents/College/GitHub/FYP/Data/DailData/roi_audio_processed/u587Rpi5tsM_David P B  Norris - speech from  10 Apr 2019.wav,u587Rpi5tsM,1,30,60,david p b norris,Independent,,Léopoldville,Belgian Congo,Other,u587Rpi5tsM_David P B  Norris - speech from  10 Apr 2019.wav,parliament,,0.30-1.00,DAIL,/Users/cianan/Documents/College/GitHub/FYP/Data/DailData/roi_audio_processed/u587Rpi5tsM_David P B  Norris - speech from  10 Apr 2019.wav
/Users/cianan/Documents/College/GitHub/FYP/Data/DailData/roi_audio_processed/SdqphTh2H_M_David P B  Norris - speech from  10 Apr 2019.wav,SdqphTh2H_M,1,30,60,david p b norris,Independent,,Léopoldville,Belgian Congo,Other,SdqphTh2H_M_David P B  Norris - speech from  10 Apr 2019.wav,parliament,,0.30-1.00,DAIL,/Users/cianan/Documents/College/GitHub/FYP/Data/DailData/roi_audio_processed/SdqphTh2H_M_David P B  Norris - speech from  10 Apr 2019.wav
/Users/cianan/Documents/College/GitHub/FYP/Data/DailData/roi_audio_processed/RPLUN5Wbj4I_David P B  Norris - speech from  10 Apr 2019.wav,RPLUN5Wbj4I,1,30,60,david p b norris,Independent,,Léopoldville,Belgian Congo,Other,RPLUN5Wbj4I_David P B  Norris - speech from  10 Apr 2019.wav,parliament,,0.30-1.00,DAIL,/Users/cianan/Documents/College/GitHub/FYP/Data/DailData/roi_audio_processed/RPLUN5Wbj4I_David P B  Norris - speech from  10 Apr 2019.wav
/Users/cianan/Documents/College/GitHub/FYP/Data/DailData/roi_audio_processed/XKw6hVfeOik_David P B  Norris  - speech from  11 Apr 2019.wav,XKw6hVfeOik,1,30,60,david p b norris,Independent,,Léopoldville,Belgian Congo,Other,XKw6hVfeOik_David P B  Norris  - speech from  11 Apr 2019.wav,parliament,,0.30-1.00,DAIL,/Users/cianan/Documents/College/GitHub/FYP/Data/DailData/roi_audio_processed/XKw6hVfeOik_David P B  Norris  - speech from  11 Apr 2019.wav
/Users/cianan/Documents/College/GitHub/FYP/Data/DailData/roi_audio_processed/XoSglRplbuo_David P B  Norris  - speech from  16 Apr 2019.wav,XoSglRplbuo,1,30,60,david p b norris,Independent,,Léopoldville,Belgian Congo,Other,XoSglRplbuo_David P B  Norris  - speech from  16 Apr 2019.wav,parliament,,0.30-1.00,DAIL,/Users/cianan/Documents/College/GitHub/FYP/Data/DailData/roi_audio_processed/XoSglRplbuo_David P B  Norris  - speech from  16 Apr 2019.wav
/Users/cianan/Documents/College/GitHub/FYP/Data/DailData/roi_audio_processed/S7jHJKO7uOw_David P B  Norris - speech from  18 Apr 2019.wav,S7jHJKO7uOw,1,30,60,david p b norris,Independent,,Léopoldville,Belgian Congo,Other,S7jHJKO7uOw_David P B  Norris - speech from  18 Apr 2019.wav,parliament,,0.30-1.00,DAIL,/Users/cianan/Documents/College/GitHub/FYP/Data/DailData/roi_audio_processed/S7jHJKO7uOw_David P B  Norris - speech from  18 Apr 2019.wav
/Users/cianan/Documents/College/GitHub/FYP/Data/DailData/roi_audio_processed/aQhho38p17Q_David P B  Norris - speech from  10 Apr 2019.wav,aQhho38p17Q,1,30,60,david p b norris,Independent,,Léopoldville,Belgian Congo,Other,aQhho38p17Q_David P B  Norris - speech from  10 Apr 2019.wav,parliament,,0.30-1.00,DAIL,/Users/cianan/Documents/College/GitHub/FYP/Data/DailData/roi_audio_processed/aQhho38p17Q_David P B  Norris - speech from  10 Apr 2019.wav
/Users/cianan/Documents/College/GitHub/FYP/Data/DailData/roi_audio_processed/qVGsHwblc6I_David P B  Norris  - speech from  16 Apr 2019.wav,qVGsHwblc6I,1,30,60,david p b norris,Independent,,Léopoldville,Belgian Congo,Other,qVGsHwblc6I_David P B  Norris  - speech from  16 Apr 2019.wav,parliament,,0.30-1.00,DAIL,/Users/cianan/Documents/College/GitHub/FYP/Data/DailData/roi_audio_processed/qVGsHwblc6I_David P B  Norris  - speech from  16 Apr 2019.wav
/Users/cianan/Documents/College/GitHub/FYP/Data/DailData/roi_audio_processed/v0eQEmZQOWU_David P B  Norris - speech from  17 Apr 2019.wav,v0eQEmZQOWU,1,30,60,david p b norris,Independent,,Léopoldville,Belgian Congo,Other,v0eQEmZQOWU_David P B  Norris - speech from  17 Apr 2019.wav,parliament,,0.30-1.00,DAIL,/Users/cianan/Documents/College/GitHub/FYP/Data/DailData/roi_audio_processed/v0eQEmZQOWU_David P B  Norris - speech from  17 Apr 2019.wav
/Users/cianan/Documents/College/GitHub/FYP/Data/DailData/roi_audio_processed/SK-XY0HHaHU_David P B  Norris  - speech from  16 Apr 2019.wav,SK-XY0HHaHU,1,30,60,david p b norris,Independent,,Léopoldville,Belgian Congo,Other,SK-XY0HHaHU_David P B  Norris  - speech from  16 Apr 2019.wav,parliament,,0.30-1.00,DAIL,/Users/cianan/Documents/College/GitHub/FYP/Data/DailData/roi_audio_processed/SK-XY0HHaHU_David P B  Norris  - speech from  16 Apr 2019.wav
/Users/cianan/Documents/College/GitHub/FYP/Data/DailData/roi_audio_processed/oRtIdOYGPPI_David P B  Norris  - speech from  16 Apr 2019.wav,oRtIdOYGPPI,1,30,60,david p b norris,Independent,,Léopoldville,Belgian Congo,Other,oRtIdOYGPPI_David P B  Norris  - speech from  16 Apr 2019.wav,parliament,,0.30-1.00,DAIL,/Users/cianan/Documents/College/GitHub/FYP/Data/DailData/roi_audio_processed/oRtIdOYGPPI_David P B  Norris  - speech from  16 Apr 2019.wav
/Users/cianan/Documents/College/GitHub/FYP/Data/DailData/roi_audio_processed/dXqSyjXosPY_David P B  Norris  - speech from  16 Apr 2019.wav,dXqSyjXosPY,1,30,60,david p b norris,Independent,,Léopoldville,Belgian Congo,Other,dXqSyjXosPY_David P B  Norris  - speech from  16 Apr 2019.wav,parliament,,0.30-1.00,DAIL,/Users/cianan/Documents/College/GitHub/FYP/Data/DailData/roi_audio_processed/dXqSyjXosPY_David P B  Norris  - speech from  16 Apr 2019.wav
/Users/cianan/Documents/College/GitHub/FYP/Data/DailData/roi_audio_processed/63Ff-Zd9kvM_David P B  Norris - speech from  17 Apr 2019.wav,63Ff-Zd9kvM,1,30,60,david p b norris,Independent,,Léopoldville,Belgian Congo,Other,63Ff-Zd9kvM_David P B  Norris - speech from  17 Apr 2019.wav,parliament,,0.30-1.00,DAIL,/Users/cianan/Documents/College/GitHub/FYP/Data/DailData/roi_audio_processed/63Ff-Zd9kvM_David P B  Norris - speech from  17 Apr 2019.wav
/Users/cianan/Documents/College/GitHub/FYP/Data/DailData/roi_audio_processed/P5uSuM7WTbw_David P B  Norris - speech from  17 Apr 2019.wav,P5uSuM7WTbw,1,30,60,david p b norris,Independent,,Léopoldville,Belgian Congo,Other,P5uSuM7WTbw_David P B  Norris - speech from  17 Apr 2019.wav,parliament,,0.30-1.00,DAIL,/Users/cianan/Documents/College/GitHub/FYP/Data/DailData/roi_audio_processed/P5uSuM7WTbw_David P B  Norris - speech from  17 Apr 2019.wav
/Users/cianan/Documents/College/GitHub/FYP/Data/DailData/roi_audio_processed/8Ccct70ww08_David P. B.  Norris - speech from  09 Apr 2019.wav,8Ccct70ww08,1,30,60,david p b norris,Independent,,Léopoldville,Belgian Congo,Other,8Ccct70ww08_David P. B.  Norris - speech from  09 Apr 2019.wav,parliament,,0.30-1.00,DAIL,/Users/cianan/Documents/College/GitHub/FYP/Data/DailData/roi_audio_processed/8Ccct70ww08_David P. B.  Norris - speech from  09 Apr 2019.wav
/Users/cianan/Documents/College/GitHub/FYP/Data/DailData/roi_audio_processed/l61Lv07AbFg_Senator David P.B. Norris - speech from 28 May 201.wav,l61Lv07AbFg,1,30,60,david p b norris,Independent,,Léopoldville,Belgian Congo,Other,l61Lv07AbFg_Senator David P.B. Norris - speech from 28 May 201.wav,parliament,,0.30-1.00,DAIL,/Users/cianan/Documents/College/GitHub/FYP/Data/DailData/roi_audio_processed/l61Lv07AbFg_Senator David P.B. Norris - speech from 28 May 201.wav
/Users/cianan/Documents/College/GitHub/FYP/Data/DailData/roi_audio_processed/EuuMTUHOkY8_Senator David P.B. Norris - speech from 21 May 201.wav,EuuMTUHOkY8,1,30,60,david p b norris,Independent,,Léopoldville,Belgian Congo,Other,EuuMTUHOkY8_Senator David P.B. Norris - speech from 21 May 201.wav,parliament,,0.30-1.00,DAIL,/Users/cianan/Documents/College/GitHub/FYP/Data/DailData/roi_audio_processed/EuuMTUHOkY8_Senator David P.B. Norris - speech from 21 May 201.wav
/Users/cianan/Documents/College/GitHub/FYP/Data/DailData/roi_audio_processed/GzkWv71FN98_Senator David P.B. Norris - speech from 18 Jun 201.wav,GzkWv71FN98,1,30,60,david p b norris,Independent,,Léopoldville,Belgian Congo,Other,GzkWv71FN98_Senator David P.B. Norris - speech from 18 Jun 201.wav,parliament,,0.30-1.00,DAIL,/Users/cianan/Documents/College/GitHub/FYP/Data/DailData/roi_audio_processed/GzkWv71FN98_Senator David P.B. Norris - speech from 18 Jun 201.wav
/Users/cianan/Documents/College/GitHub/FYP/Data/DailData/roi_audio_processed/4HDuDy4Q3q4_Senator David P.B. Norris - speech from 9 May 2019.wav,4HDuDy4Q3q4,1,30,60,david p b norris,Independent,,Léopoldville,Belgian Congo,Other,4HDuDy4Q3q4_Senator David P.B. Norris - speech from 9 May 2019.wav,parliament,,0.30-1.00,DAIL,/Users/cianan/Documents/College/GitHub/FYP/Data/DailData/roi_audio_processed/4HDuDy4Q3q4_Senator David P.B. Norris - speech from 9 May 2019.wav
/Users/cianan/Documents/College/GitHub/FYP/Data/DailData/roi_audio_processed/5TpAJ7tjFqI_Senator David P.B. Norris - speech from 24 Sep 201.wav,5TpAJ7tjFqI,1,30,60,david p b norris,Independent,,Léopoldville,Belgian Congo,Other,5TpAJ7tjFqI_Senator David P.B. Norris - speech from 24 Sep 201.wav,parliament,,0.30-1.00,DAIL,/Users/cianan/Documents/College/GitHub/FYP/Data/DailData/roi_audio_processed/5TpAJ7tjFqI_Senator David P.B. Norris - speech from 24 Sep 201.wav
/Users/cianan/Documents/College/GitHub/FYP/Data/DailData/roi_audio_processed/WfLmODrDdXw_Senator David P.B. Norris - speech from 9 May 2019.wav,WfLmODrDdXw,1,30,60,david p b norris,Independent,,Léopoldville,Belgian Congo,Other,WfLmODrDdXw_Senator David P.B. Norris - speech from 9 May 2019.wav,parliament,,0.30-1.00,DAIL,/Users/cianan/Documents/College/GitHub/FYP/Data/DailData/roi_audio_processed/WfLmODrDdXw_Senator David P.B. Norris - speech from 9 May 2019.wav
/Users/cianan/Documents/College/GitHub/FYP/Data/DailData/roi_audio_processed/oqn28GS8UFs_Senator David P.B. Norris - speech from 16 May 201.wav,oqn28GS8UFs,1,30,60,david p b norris,Independent,,Léopoldville,Belgian Congo,Other,oqn28GS8UFs_Senator David P.B. Norris - speech from 16 May 201.wav,parliament,,0.30-1.00,DAIL,/Users/cianan/Documents/College/GitHub/FYP/Data/DailData/roi_audio_processed/oqn28GS8UFs_Senator David P.B. Norris - speech from 16 May 201.wav
/Users/cianan/Documents/College/GitHub/FYP/Data/DailData/roi_audio_processed/dOp5j-17eIA_Senator David P.B. Norris - Order of Business - 14.wav,dOp5j-17eIA,1,30,60,david p b norris,Independent,,Léopoldville,Belgian Congo,Other,dOp5j-17eIA_Senator David P.B. Norris - Order of Business - 14.wav,parliament,,0.30-1.00,DAIL,/Users/cianan/Documents/College/GitHub/FYP/Data/DailData/roi_audio_processed/dOp5j-17eIA_Senator David P.B. Norris - Order of Business - 14.wav
/Users/cianan/Documents/College/GitHub/FYP/Data/DailData/roi_audio_processed/n3tvgSScQ2s_Senator David P.B. Norris - speech from 11 Jun 201.wav,n3tvgSScQ2s,1,30,60,david p b norris,Independent,,Léopoldville,Belgian Congo,Other,n3tvgSScQ2s_Senator David P.B. Norris - speech from 11 Jun 201.wav,parliament,,0.30-1.00,DAIL,/Users/cianan/Documents/College/GitHub/FYP/Data/DailData/roi_audio_processed/n3tvgSScQ2s_Senator David P.B. Norris - speech from 11 Jun 201.wav
/Users/cianan/Documents/College/GitHub/FYP/Data/DailData/roi_audio_processed/R9TDZ_NADSU_Senator David P.B. Norris - Order of Business - 8 .wav,R9TDZ_NADSU,1,30,60,david p b norris,Independent,,Léopoldville,Belgian Congo,Other,R9TDZ_NADSU_Senator David P.B. Norris - Order of Business - 8 .wav,parliament,,0.30-1.00,DAIL,/Users/cianan/Documents/College/GitHub/FYP/Data/DailData/roi_audio_processed/R9TDZ_NADSU_Senator David P.B. Norris - Order of Business - 8 .wav
/Users/cianan/Documents/College/GitHub/FYP/Data/DailData/roi_audio_processed/Lb4Vxow8WIw_Senator David P.B. Norris - speech from 15 May 201.wav,Lb4Vxow8WIw,1,30,60,david p b norris,Independent,,Léopoldville,Belgian Congo,Other,Lb4Vxow8WIw_Senator David P.B. Norris - speech from 15 May 201.wav,parliament,,0.30-1.00,DAIL,/Users/cianan/Documents/College/GitHub/FYP/Data/DailData/roi_audio_processed/Lb4Vxow8WIw_Senator David P.B. Norris - speech from 15 May 201.wav
/Users/cianan/Documents/College/GitHub/FYP/Data/DailData/roi_audio_processed/mYv8_CjqmzA_Senator David P.B. Norris - speech from 9 May 2019.wav,mYv8_CjqmzA,1,30,60,david p b norris,Independent,,Léopoldville,Belgian Congo,Other,mYv8_CjqmzA_Senator David P.B. Norris - speech from 9 May 2019.wav,parliament,,0.30-1.00,DAIL,/Users/cianan/Documents/College/GitHub/FYP/Data/DailData/roi_audio_processed/mYv8_CjqmzA_Senator David P.B. Norris - speech from 9 May 2019.wav
/Users/cianan/Documents/College/GitHub/FYP/Data/DailData/roi_audio_processed/MswHuG4WlqU_Deputy David Stanton - Government Business - 10.04.wav,MswHuG4WlqU,1,30,60,david stanton,Fine Gael,Cork East,Midleton,Cork,Munster,MswHuG4WlqU_Deputy David Stanton - Government Business - 10.04.wav,parliament,,0.30-1.00,DAIL,/Users/cianan/Documents/College/GitHub/FYP/Data/DailData/roi_audio_processed/MswHuG4WlqU_Deputy David Stanton - Government Business - 10.04.wav
/Users/cianan/Documents/College/GitHub/FYP/Data/DailData/roi_audio_processed/fdvjanF1U2Q_Deputy Declan Breathnach - Government Business - 1.wav,fdvjanF1U2Q,1,30,60,declan breathnach,Fianna Fail,Louth,Dundalk,Louth,Leinster,fdvjanF1U2Q_Deputy Declan Breathnach - Government Business - 1.wav,parliament,,0.30-1.00,DAIL,/Users/cianan/Documents/College/GitHub/FYP/Data/DailData/roi_audio_processed/fdvjanF1U2Q_Deputy Declan Breathnach - Government Business - 1.wav
/Users/cianan/Documents/College/GitHub/FYP/Data/DailData/roi_audio_processed/6-wmMd-_RQ4_Deputy Declan Breathnach - Government Business - 0.wav,6-wmMd-_RQ4,1,30,60,declan breathnach,Fianna Fail,Louth,Dundalk,Louth,Leinster,6-wmMd-_RQ4_Deputy Declan Breathnach - Government Business - 0.wav,parliament,,0.30-1.00,DAIL,/Users/cianan/Documents/College/GitHub/FYP/Data/DailData/roi_audio_processed/6-wmMd-_RQ4_Deputy Declan Breathnach - Government Business - 0.wav
/Users/cianan/Documents/College/GitHub/FYP/Data/DailData/roi_audio_processed/PCd6VZBax5Y_Deputy Declan Breathnach - Government Business - 1.wav,PCd6VZBax5Y,1,30,60,declan breathnach,Fianna Fail,Louth,Dundalk,Louth,Leinster,PCd6VZBax5Y_Deputy Declan Breathnach - Government Business - 1.wav,parliament,,0.30-1.00,DAIL,/Users/cianan/Documents/College/GitHub/FYP/Data/DailData/roi_audio_processed/PCd6VZBax5Y_Deputy Declan Breathnach - Government Business - 1.wav
/Users/cianan/Documents/College/GitHub/FYP/Data/DailData/roi_audio_processed/m9hUJKfhqwA_Deputy Declan Breathnach - Topical Issues - 9 Jul .wav,m9hUJKfhqwA,1,30,60,declan breathnach,Fianna Fail,Louth,Dundalk,Louth,Leinster,m9hUJKfhqwA_Deputy Declan Breathnach - Topical Issues - 9 Jul .wav,parliament,,0.30-1.00,DAIL,/Users/cianan/Documents/College/GitHub/FYP/Data/DailData/roi_audio_processed/m9hUJKfhqwA_Deputy Declan Breathnach - Topical Issues - 9 Jul .wav
/Users/cianan/Documents/College/GitHub/FYP/Data/DailData/roi_audio_processed/PNtLuqlodM8_Deputy Denis Naughten - Order of Business - 05.03..wav,PNtLuqlodM8,1,30,60,denis naughten,Independent,Roscommon-Galway,Drum,Roscommon,Connacht,PNtLuqlodM8_Deputy Denis Naughten - Order of Business - 05.03..wav,parliament,,0.30-1.00,DAIL,/Users/cianan/Documents/College/GitHub/FYP/Data/DailData/roi_audio_processed/PNtLuqlodM8_Deputy Denis Naughten - Order of Business - 05.03..wav
/Users/cianan/Documents/College/GitHub/FYP/Data/DailData/roi_audio_processed/xr_M6U_nWOg_Deputy Denis Naughten - Government Business - 17 S.wav,xr_M6U_nWOg,1,30,60,denis naughten,Independent,Roscommon-Galway,Drum,Roscommon,Connacht,xr_M6U_nWOg_Deputy Denis Naughten - Government Business - 17 S.wav,parliament,,0.30-1.00,DAIL,/Users/cianan/Documents/College/GitHub/FYP/Data/DailData/roi_audio_processed/xr_M6U_nWOg_Deputy Denis Naughten - Government Business - 17 S.wav
/Users/cianan/Documents/College/GitHub/FYP/Data/DailData/roi_audio_processed/2sOoE4wMWi0_Deputy Denis Naughten - Questions on Promised Legi.wav,2sOoE4wMWi0,1,30,60,denis naughten,Independent,Roscommon-Galway,Drum,Roscommon,Connacht,2sOoE4wMWi0_Deputy Denis Naughten - Questions on Promised Legi.wav,parliament,,0.30-1.00,DAIL,/Users/cianan/Documents/College/GitHub/FYP/Data/DailData/roi_audio_processed/2sOoE4wMWi0_Deputy Denis Naughten - Questions on Promised Legi.wav
/Users/cianan/Documents/College/GitHub/FYP/Data/DailData/roi_audio_processed/Nkwc-lCh9O8_Deputy Denise Mitchell - Priority Questions - 10 J.wav,Nkwc-lCh9O8,1,30,60,denise mitchell,Sinn Fein,Dublin Bay North,Coolock,Dublin North,Leinster,Nkwc-lCh9O8_Deputy Denise Mitchell - Priority Questions - 10 J.wav,parliament,,0.30-1.00,DAIL,/Users/cianan/Documents/College/GitHub/FYP/Data/DailData/roi_audio_processed/Nkwc-lCh9O8_Deputy Denise Mitchell - Priority Questions - 10 J.wav
/Users/cianan/Documents/College/GitHub/FYP/Data/DailData/roi_audio_processed/NgdWjqm2WDc_Deputy Denise Mitchell - Government Business - 13..wav,NgdWjqm2WDc,1,30,60,denise mitchell,Sinn Fein,Dublin Bay North,Coolock,Dublin North,Leinster,NgdWjqm2WDc_Deputy Denise Mitchell - Government Business - 13..wav,parliament,,0.30-1.00,DAIL,/Users/cianan/Documents/College/GitHub/FYP/Data/DailData/roi_audio_processed/NgdWjqm2WDc_Deputy Denise Mitchell - Government Business - 13..wav
/Users/cianan/Documents/College/GitHub/FYP/Data/DailData/roi_audio_processed/u-6gxcXBveE_Deputy Denise Mitchell - Private Members’ Business.wav,u-6gxcXBveE,1,30,60,denise mitchell,Sinn Fein,Dublin Bay North,Coolock,Dublin North,Leinster,u-6gxcXBveE_Deputy Denise Mitchell - Private Members‚Äô Business.wav,parliament,,0.30-1.00,DAIL,/Users/cianan/Documents/College/GitHub/FYP/Data/DailData/roi_audio_processed/u-6gxcXBveE_Deputy Denise Mitchell - Private Members’ Business.wav
/Users/cianan/Documents/College/GitHub/FYP/Data/DailData/roi_audio_processed/uZFTSecOZik_Deputy Denise Mitchell - Private Members’ Business.wav,uZFTSecOZik,1,30,60,denise mitchell,Sinn Fein,Dublin Bay North,Coolock,Dublin North,Leinster,uZFTSecOZik_Deputy Denise Mitchell - Private Members‚Äô Business.wav,parliament,,0.30-1.00,DAIL,/Users/cianan/Documents/College/GitHub/FYP/Data/DailData/roi_audio_processed/uZFTSecOZik_Deputy Denise Mitchell - Private Members’ Business.wav
/Users/cianan/Documents/College/GitHub/FYP/Data/DailData/roi_audio_processed/M-TqG2thtB0_Deputy Dessie Ellis - Private Members’ Business - .wav,M-TqG2thtB0,1,30,60,dessie ellis,Sinn Fein,Dublin North-West,Finglas,Dublin North,Leinster,M-TqG2thtB0_Deputy Dessie Ellis - Private Members‚Äô Business - .wav,parliament,,0.30-1.00,DAIL,/Users/cianan/Documents/College/GitHub/FYP/Data/DailData/roi_audio_processed/M-TqG2thtB0_Deputy Dessie Ellis - Private Members’ Business - .wav
/Users/cianan/Documents/College/GitHub/FYP/Data/DailData/roi_audio_processed/k7kgRwoUWDE_Deputy Dessie Ellis - Government Business  - 8 May.wav,k7kgRwoUWDE,1,30,60,dessie ellis,Sinn Fein,Dublin North-West,Finglas,Dublin North,Leinster,k7kgRwoUWDE_Deputy Dessie Ellis - Government Business  - 8 May.wav,parliament,,0.30-1.00,DAIL,/Users/cianan/Documents/College/GitHub/FYP/Data/DailData/roi_audio_processed/k7kgRwoUWDE_Deputy Dessie Ellis - Government Business  - 8 May.wav
/Users/cianan/Documents/College/GitHub/FYP/Data/DailData/roi_audio_processed/2OCVmhbspmM_Deputy Dessie Ellis - Topical Issues - 18 Sep 2019.wav,2OCVmhbspmM,1,30,60,dessie ellis,Sinn Fein,Dublin North-West,Finglas,Dublin North,Leinster,2OCVmhbspmM_Deputy Dessie Ellis - Topical Issues - 18 Sep 2019.wav,parliament,,0.30-1.00,DAIL,/Users/cianan/Documents/College/GitHub/FYP/Data/DailData/roi_audio_processed/2OCVmhbspmM_Deputy Dessie Ellis - Topical Issues - 18 Sep 2019.wav
/Users/cianan/Documents/College/GitHub/FYP/Data/DailData/roi_audio_processed/ke6sqr8-jdo_Deputy Dessie Ellis - Topical Issues - 11 Jun 2019.wav,ke6sqr8-jdo,1,30,60,dessie ellis,Sinn Fein,Dublin North-West,Finglas,Dublin North,Leinster,ke6sqr8-jdo_Deputy Dessie Ellis - Topical Issues - 11 Jun 2019.wav,parliament,,0.30-1.00,DAIL,/Users/cianan/Documents/College/GitHub/FYP/Data/DailData/roi_audio_processed/ke6sqr8-jdo_Deputy Dessie Ellis - Topical Issues - 11 Jun 2019.wav
/Users/cianan/Documents/College/GitHub/FYP/Data/DailData/roi_audio_processed/ht2x0LGt35s_Senator Diarmuid Wilson - speech from 3 Oct 2019.wav,ht2x0LGt35s,1,30,60,diarmuid wilson,Fianna Fail,,Cavan Town,Cavan,Ulster,ht2x0LGt35s_Senator Diarmuid Wilson - speech from 3 Oct 2019.wav,parliament,,0.30-1.00,DAIL,/Users/cianan/Documents/College/GitHub/FYP/Data/DailData/roi_audio_processed/ht2x0LGt35s_Senator Diarmuid Wilson - speech from 3 Oct 2019.wav
/Users/cianan/Documents/College/GitHub/FYP/Data/DailData/roi_audio_processed/VNog2FsqBcU_Senator Diarmuid Wilson - speech from 25 Jun 2019.wav,VNog2FsqBcU,1,30,60,diarmuid wilson,Fianna Fail,,Cavan Town,Cavan,Ulster,VNog2FsqBcU_Senator Diarmuid Wilson - speech from 25 Jun 2019.wav,parliament,,0.30-1.00,DAIL,/Users/cianan/Documents/College/GitHub/FYP/Data/DailData/roi_audio_processed/VNog2FsqBcU_Senator Diarmuid Wilson - speech from 25 Jun 2019.wav
/Users/cianan/Documents/College/GitHub/FYP/Data/DailData/roi_audio_processed/XvKLE8H0sJA_Deputy Donnchadh Ó Laoghaire - Private Members’ Bu.wav,XvKLE8H0sJA,1,30,60,donnchadh o laoghaire,Sinn Fein,Cork South-Central,Togher,Cork,Munster,XvKLE8H0sJA_Deputy Donnchadh √ì Laoghaire - Private Members‚Äô Bu.wav,parliament,,0.30-1.00,DAIL,/Users/cianan/Documents/College/GitHub/FYP/Data/DailData/roi_audio_processed/XvKLE8H0sJA_Deputy Donnchadh Ó Laoghaire - Private Members’ Bu.wav
/Users/cianan/Documents/College/GitHub/FYP/Data/DailData/roi_audio_processed/ZhBVCEp9wPs_Deputy Donnchadh Ó Laoghaire - Government Business.wav,ZhBVCEp9wPs,1,30,60,donnchadh o laoghaire,Sinn Fein,Cork South-Central,Togher,Cork,Munster,ZhBVCEp9wPs_Deputy Donnchadh √ì Laoghaire - Government Business.wav,parliament,,0.30-1.00,DAIL,/Users/cianan/Documents/College/GitHub/FYP/Data/DailData/roi_audio_processed/ZhBVCEp9wPs_Deputy Donnchadh Ó Laoghaire - Government Business.wav
/Users/cianan/Documents/College/GitHub/FYP/Data/DailData/roi_audio_processed/dYC5UqKigoA_Deputy Donnchadh Ó Laoghaire - Private Members’ Bu.wav,dYC5UqKigoA,1,30,60,donnchadh o laoghaire,Sinn Fein,Cork South-Central,Togher,Cork,Munster,dYC5UqKigoA_Deputy Donnchadh √ì Laoghaire - Private Members‚Äô Bu.wav,parliament,,0.30-1.00,DAIL,/Users/cianan/Documents/College/GitHub/FYP/Data/DailData/roi_audio_processed/dYC5UqKigoA_Deputy Donnchadh Ó Laoghaire - Private Members’ Bu.wav
/Users/cianan/Documents/College/GitHub/FYP/Data/DailData/roi_audio_processed/XOpkxyW1PyE_Deputy Donnchadh Ó Laoghaire - Government Business.wav,XOpkxyW1PyE,1,30,60,donnchadh o laoghaire,Sinn Fein,Cork South-Central,Togher,Cork,Munster,XOpkxyW1PyE_Deputy Donnchadh √ì Laoghaire - Government Business.wav,parliament,,0.30-1.00,DAIL,/Users/cianan/Documents/College/GitHub/FYP/Data/DailData/roi_audio_processed/XOpkxyW1PyE_Deputy Donnchadh Ó Laoghaire - Government Business.wav
/Users/cianan/Documents/College/GitHub/FYP/Data/DailData/roi_audio_processed/zZzzSGf8EZ4_Deputy Éamon Ó Cuív - Government Business - 19 Jun.wav,zZzzSGf8EZ4,1,30,60,eamon o cuiv,Fianna Fail,Galway West,Blackrock,Dublin Dun Laoghaire,Leinster,zZzzSGf8EZ4_Deputy √âamon √ì Cu√≠v - Government Business - 19 Jun.wav,parliament,,0.30-1.00,DAIL,/Users/cianan/Documents/College/GitHub/FYP/Data/DailData/roi_audio_processed/zZzzSGf8EZ4_Deputy Éamon Ó Cuív - Government Business - 19 Jun.wav
/Users/cianan/Documents/College/GitHub/FYP/Data/DailData/roi_audio_processed/a_1BGECCSzE_Deputy Éamon Ó Cuív - Topical Issues - 4 Jul 2019.wav,a_1BGECCSzE,1,30,60,eamon o cuiv,Fianna Fail,Galway West,Blackrock,Dublin Dun Laoghaire,Leinster,a_1BGECCSzE_Deputy √âamon √ì Cu√≠v - Topical Issues - 4 Jul 2019.wav,parliament,,0.30-1.00,DAIL,/Users/cianan/Documents/College/GitHub/FYP/Data/DailData/roi_audio_processed/a_1BGECCSzE_Deputy Éamon Ó Cuív - Topical Issues - 4 Jul 2019.wav
/Users/cianan/Documents/College/GitHub/FYP/Data/DailData/roi_audio_processed/4q017p6vaJQ_Deputy Éamon Ó Cuív - Other Questions - 10 Jul 201.wav,4q017p6vaJQ,1,30,60,eamon o cuiv,Fianna Fail,Galway West,Blackrock,Dublin Dun Laoghaire,Leinster,4q017p6vaJQ_Deputy √âamon √ì Cu√≠v - Other Questions - 10 Jul 201.wav,parliament,,0.30-1.00,DAIL,/Users/cianan/Documents/College/GitHub/FYP/Data/DailData/roi_audio_processed/4q017p6vaJQ_Deputy Éamon Ó Cuív - Other Questions - 10 Jul 201.wav
/Users/cianan/Documents/College/GitHub/FYP/Data/DailData/roi_audio_processed/TWjeqCqt-m0_Deputy Éamon Ó Cuív - Private Members’ Business - .wav,TWjeqCqt-m0,1,30,60,eamon o cuiv,Fianna Fail,Galway West,Blackrock,Dublin Dun Laoghaire,Leinster,TWjeqCqt-m0_Deputy √âamon √ì Cu√≠v - Private Members‚Äô Business - .wav,parliament,,0.30-1.00,DAIL,/Users/cianan/Documents/College/GitHub/FYP/Data/DailData/roi_audio_processed/TWjeqCqt-m0_Deputy Éamon Ó Cuív - Private Members’ Business - .wav
/Users/cianan/Documents/College/GitHub/FYP/Data/DailData/roi_audio_processed/tUngm9j8E3U_Deputy Éamon Ó Cuív - Government Business - 3 Oct .wav,tUngm9j8E3U,1,30,60,eamon o cuiv,Fianna Fail,Galway West,Blackrock,Dublin Dun Laoghaire,Leinster,tUngm9j8E3U_Deputy √âamon √ì Cu√≠v - Government Business - 3 Oct .wav,parliament,,0.30-1.00,DAIL,/Users/cianan/Documents/College/GitHub/FYP/Data/DailData/roi_audio_processed/tUngm9j8E3U_Deputy Éamon Ó Cuív - Government Business - 3 Oct .wav
/Users/cianan/Documents/College/GitHub/FYP/Data/DailData/roi_audio_processed/8ERyZJM_1Bc_Deputy Éamon Ó Cuív - Private Members’ Business - .wav,8ERyZJM_1Bc,1,30,60,eamon o cuiv,Fianna Fail,Galway West,Blackrock,Dublin Dun Laoghaire,Leinster,8ERyZJM_1Bc_Deputy √âamon √ì Cu√≠v - Private Members‚Äô Business - .wav,parliament,,0.30-1.00,DAIL,/Users/cianan/Documents/College/GitHub/FYP/Data/DailData/roi_audio_processed/8ERyZJM_1Bc_Deputy Éamon Ó Cuív - Private Members’ Business - .wav
/Users/cianan/Documents/College/GitHub/FYP/Data/DailData/roi_audio_processed/4rfAlyhCLk8_Deputy Éamon Ó Cuív - Private Members’ Business - .wav,4rfAlyhCLk8,1,30,60,eamon o cuiv,Fianna Fail,Galway West,Blackrock,Dublin Dun Laoghaire,Leinster,4rfAlyhCLk8_Deputy √âamon √ì Cu√≠v - Private Members‚Äô Business - .wav,parliament,,0.30-1.00,DAIL,/Users/cianan/Documents/College/GitHub/FYP/Data/DailData/roi_audio_processed/4rfAlyhCLk8_Deputy Éamon Ó Cuív - Private Members’ Business - .wav
/Users/cianan/Documents/College/GitHub/FYP/Data/DailData/roi_audio_processed/QhRwcL0C_FM_Deputy Éamon Ó Cuív - Topical Issues - 8 May 2019.wav,QhRwcL0C_FM,1,30,60,eamon o cuiv,Fianna Fail,Galway West,Blackrock,Dublin Dun Laoghaire,Leinster,QhRwcL0C_FM_Deputy √âamon √ì Cu√≠v - Topical Issues - 8 May 2019.wav,parliament,,0.30-1.00,DAIL,/Users/cianan/Documents/College/GitHub/FYP/Data/DailData/roi_audio_processed/QhRwcL0C_FM_Deputy Éamon Ó Cuív - Topical Issues - 8 May 2019.wav
/Users/cianan/Documents/College/GitHub/FYP/Data/DailData/roi_audio_processed/UyHjvCKbpmU_Deputy Éamon Ó Cuív - Government Business - 29 May.wav,UyHjvCKbpmU,1,30,60,eamon o cuiv,Fianna Fail,Galway West,Blackrock,Dublin Dun Laoghaire,Leinster,UyHjvCKbpmU_Deputy √âamon √ì Cu√≠v - Government Business - 29 May.wav,parliament,,0.30-1.00,DAIL,/Users/cianan/Documents/College/GitHub/FYP/Data/DailData/roi_audio_processed/UyHjvCKbpmU_Deputy Éamon Ó Cuív - Government Business - 29 May.wav
/Users/cianan/Documents/College/GitHub/FYP/Data/DailData/roi_audio_processed/5Ig4ZEoxKlU_Deputy Éamon Ó Cuív   - speech from 16 Oct 2019.wav,5Ig4ZEoxKlU,1,30,60,eamon o cuiv,Fianna Fail,Galway West,Blackrock,Dublin Dun Laoghaire,Leinster,5Ig4ZEoxKlU_Deputy √âamon √ì Cu√≠v   - speech from 16 Oct 2019.wav,parliament,,0.30-1.00,DAIL,/Users/cianan/Documents/College/GitHub/FYP/Data/DailData/roi_audio_processed/5Ig4ZEoxKlU_Deputy Éamon Ó Cuív   - speech from 16 Oct 2019.wav
/Users/cianan/Documents/College/GitHub/FYP/Data/DailData/roi_audio_processed/Nv1IbytO02Y_Deputy Éamon Ó Cuív - Private Members’ Business - .wav,Nv1IbytO02Y,1,30,60,eamon o cuiv,Fianna Fail,Galway West,Blackrock,Dublin Dun Laoghaire,Leinster,Nv1IbytO02Y_Deputy √âamon √ì Cu√≠v - Private Members‚Äô Business - .wav,parliament,,0.30-1.00,DAIL,/Users/cianan/Documents/College/GitHub/FYP/Data/DailData/roi_audio_processed/Nv1IbytO02Y_Deputy Éamon Ó Cuív - Private Members’ Business - .wav
/Users/cianan/Documents/College/GitHub/FYP/Data/DailData/roi_audio_processed/eKi8Sh0Yl2Y_Deputy Éamon Ó Cuív - Government Business - 28 May.wav,eKi8Sh0Yl2Y,1,30,60,eamon o cuiv,Fianna Fail,Galway West,Blackrock,Dublin Dun Laoghaire,Leinster,eKi8Sh0Yl2Y_Deputy √âamon √ì Cu√≠v - Government Business - 28 May.wav,parliament,,0.30-1.00,DAIL,/Users/cianan/Documents/College/GitHub/FYP/Data/DailData/roi_audio_processed/eKi8Sh0Yl2Y_Deputy Éamon Ó Cuív - Government Business - 28 May.wav
/Users/cianan/Documents/College/GitHub/FYP/Data/DailData/roi_audio_processed/2TcskN-2a5I_Deputy Éamon Ó Cuív - Private Members’ Business - .wav,2TcskN-2a5I,1,30,60,eamon o cuiv,Fianna Fail,Galway West,Blackrock,Dublin Dun Laoghaire,Leinster,2TcskN-2a5I_Deputy √âamon √ì Cu√≠v - Private Members‚Äô Business - .wav,parliament,,0.30-1.00,DAIL,/Users/cianan/Documents/College/GitHub/FYP/Data/DailData/roi_audio_processed/2TcskN-2a5I_Deputy Éamon Ó Cuív - Private Members’ Business - .wav
/Users/cianan/Documents/College/GitHub/FYP/Data/DailData/roi_audio_processed/yrGRgVyLoos_Deputy Éamon Ó Cuív - Other Questions - 22 May 201.wav,yrGRgVyLoos,1,30,60,eamon o cuiv,Fianna Fail,Galway West,Blackrock,Dublin Dun Laoghaire,Leinster,yrGRgVyLoos_Deputy √âamon √ì Cu√≠v - Other Questions - 22 May 201.wav,parliament,,0.30-1.00,DAIL,/Users/cianan/Documents/College/GitHub/FYP/Data/DailData/roi_audio_processed/yrGRgVyLoos_Deputy Éamon Ó Cuív - Other Questions - 22 May 201.wav
/Users/cianan/Documents/College/GitHub/FYP/Data/DailData/roi_audio_processed/C5_5e2yIVIw_Deputy Éamon Ó Cuív - Private Members’ Business - .wav,C5_5e2yIVIw,1,30,60,eamon o cuiv,Fianna Fail,Galway West,Blackrock,Dublin Dun Laoghaire,Leinster,C5_5e2yIVIw_Deputy √âamon √ì Cu√≠v - Private Members‚Äô Business - .wav,parliament,,0.30-1.00,DAIL,/Users/cianan/Documents/College/GitHub/FYP/Data/DailData/roi_audio_processed/C5_5e2yIVIw_Deputy Éamon Ó Cuív - Private Members’ Business - .wav
/Users/cianan/Documents/College/GitHub/FYP/Data/DailData/roi_audio_processed/a1PBR9CFSsE_Deputy Éamon Ó Cuív - Other Questions - 26 Jun 201.wav,a1PBR9CFSsE,1,30,60,eamon o cuiv,Fianna Fail,Galway West,Blackrock,Dublin Dun Laoghaire,Leinster,a1PBR9CFSsE_Deputy √âamon √ì Cu√≠v - Other Questions - 26 Jun 201.wav,parliament,,0.30-1.00,DAIL,/Users/cianan/Documents/College/GitHub/FYP/Data/DailData/roi_audio_processed/a1PBR9CFSsE_Deputy Éamon Ó Cuív - Other Questions - 26 Jun 201.wav
/Users/cianan/Documents/College/GitHub/FYP/Data/DailData/roi_audio_processed/SA8marVKtvQ_Deputy Éamon Ó Cuív - Priority Questions - 07.03.2.wav,SA8marVKtvQ,1,30,60,eamon o cuiv,Fianna Fail,Galway West,Blackrock,Dublin Dun Laoghaire,Leinster,SA8marVKtvQ_Deputy √âamon √ì Cu√≠v - Priority Questions - 07.03.2.wav,parliament,,0.30-1.00,DAIL,/Users/cianan/Documents/College/GitHub/FYP/Data/DailData/roi_audio_processed/SA8marVKtvQ_Deputy Éamon Ó Cuív - Priority Questions - 07.03.2.wav
/Users/cianan/Documents/College/GitHub/FYP/Data/DailData/roi_audio_processed/rixHpC41_jM_Deputy Éamon Ó Cuív - Government Business - 29 May.wav,rixHpC41_jM,1,30,60,eamon o cuiv,Fianna Fail,Galway West,Blackrock,Dublin Dun Laoghaire,Leinster,rixHpC41_jM_Deputy √âamon √ì Cu√≠v - Government Business - 29 May.wav,parliament,,0.30-1.00,DAIL,/Users/cianan/Documents/College/GitHub/FYP/Data/DailData/roi_audio_processed/rixHpC41_jM_Deputy Éamon Ó Cuív - Government Business - 29 May.wav
/Users/cianan/Documents/College/GitHub/FYP/Data/DailData/roi_audio_processed/Qerxc2u95dg_Deputy Éamon Ó Cuív - Priority Questions - 3 Jul 2.wav,Qerxc2u95dg,1,30,60,eamon o cuiv,Fianna Fail,Galway West,Blackrock,Dublin Dun Laoghaire,Leinster,Qerxc2u95dg_Deputy √âamon √ì Cu√≠v - Priority Questions - 3 Jul 2.wav,parliament,,0.30-1.00,DAIL,/Users/cianan/Documents/College/GitHub/FYP/Data/DailData/roi_audio_processed/Qerxc2u95dg_Deputy Éamon Ó Cuív - Priority Questions - 3 Jul 2.wav
/Users/cianan/Documents/College/GitHub/FYP/Data/DailData/roi_audio_processed/BCzicEISqoA_Deputy Éamon Ó Cuív - Questions on Promised Legisl.wav,BCzicEISqoA,1,30,60,eamon o cuiv,Fianna Fail,Galway West,Blackrock,Dublin Dun Laoghaire,Leinster,BCzicEISqoA_Deputy √âamon √ì Cu√≠v - Questions on Promised Legisl.wav,parliament,,0.30-1.00,DAIL,/Users/cianan/Documents/College/GitHub/FYP/Data/DailData/roi_audio_processed/BCzicEISqoA_Deputy Éamon Ó Cuív - Questions on Promised Legisl.wav
/Users/cianan/Documents/College/GitHub/FYP/Data/DailData/roi_audio_processed/_Fxeu3c-MiQ_Deputy Éamon Ó Cuív - Government Business - 25 Sep.wav,_Fxeu3c-MiQ,1,30,60,eamon o cuiv,Fianna Fail,Galway West,Blackrock,Dublin Dun Laoghaire,Leinster,_Fxeu3c-MiQ_Deputy √âamon √ì Cu√≠v - Government Business - 25 Sep.wav,parliament,,0.30-1.00,DAIL,/Users/cianan/Documents/College/GitHub/FYP/Data/DailData/roi_audio_processed/_Fxeu3c-MiQ_Deputy Éamon Ó Cuív - Government Business - 25 Sep.wav
/Users/cianan/Documents/College/GitHub/FYP/Data/DailData/roi_audio_processed/VY9goVVRKdA_Deputy Éamon Ó Cuív - Expressions of Sympathy - 3 .wav,VY9goVVRKdA,1,30,60,eamon o cuiv,Fianna Fail,Galway West,Blackrock,Dublin Dun Laoghaire,Leinster,VY9goVVRKdA_Deputy √âamon √ì Cu√≠v - Expressions of Sympathy - 3 .wav,parliament,,0.30-1.00,DAIL,/Users/cianan/Documents/College/GitHub/FYP/Data/DailData/roi_audio_processed/VY9goVVRKdA_Deputy Éamon Ó Cuív - Expressions of Sympathy - 3 .wav
/Users/cianan/Documents/College/GitHub/FYP/Data/DailData/roi_audio_processed/1DT0VYsX0jw_Deputy Éamon Ó Cuív - Questions on Promised Legisl.wav,1DT0VYsX0jw,1,30,60,eamon o cuiv,Fianna Fail,Galway West,Blackrock,Dublin Dun Laoghaire,Leinster,1DT0VYsX0jw_Deputy √âamon √ì Cu√≠v - Questions on Promised Legisl.wav,parliament,,0.30-1.00,DAIL,/Users/cianan/Documents/College/GitHub/FYP/Data/DailData/roi_audio_processed/1DT0VYsX0jw_Deputy Éamon Ó Cuív - Questions on Promised Legisl.wav
/Users/cianan/Documents/College/GitHub/FYP/Data/DailData/roi_audio_processed/6tXJyil6AlU_Deputy Éamon Ó Cuív - Topical Issues - 26.03.2019.wav,6tXJyil6AlU,1,30,60,eamon o cuiv,Fianna Fail,Galway West,Blackrock,Dublin Dun Laoghaire,Leinster,6tXJyil6AlU_Deputy √âamon √ì Cu√≠v - Topical Issues - 26.03.2019.wav,parliament,,0.30-1.00,DAIL,/Users/cianan/Documents/College/GitHub/FYP/Data/DailData/roi_audio_processed/6tXJyil6AlU_Deputy Éamon Ó Cuív - Topical Issues - 26.03.2019.wav
/Users/cianan/Documents/College/GitHub/FYP/Data/DailData/roi_audio_processed/SzV8fJI44Jc_Deputy Eamon Ryan - Government Business - 17 Sep 2.wav,SzV8fJI44Jc,1,30,60,eamon ryan,Green Party,Dublin Bay North,Dundrum,Dublin Dun Laoghaire,Leinster,SzV8fJI44Jc_Deputy Eamon Ryan - Government Business - 17 Sep 2.wav,parliament,,0.30-1.00,DAIL,/Users/cianan/Documents/College/GitHub/FYP/Data/DailData/roi_audio_processed/SzV8fJI44Jc_Deputy Eamon Ryan - Government Business - 17 Sep 2.wav
/Users/cianan/Documents/College/GitHub/FYP/Data/DailData/roi_audio_processed/ERt4h_RDFTc_Deputy Eamon Ryan - Priority Questions - 07.03.201.wav,ERt4h_RDFTc,1,30,60,eamon ryan,Green Party,Dublin Bay North,Dundrum,Dublin Dun Laoghaire,Leinster,ERt4h_RDFTc_Deputy Eamon Ryan - Priority Questions - 07.03.201.wav,parliament,,0.30-1.00,DAIL,/Users/cianan/Documents/College/GitHub/FYP/Data/DailData/roi_audio_processed/ERt4h_RDFTc_Deputy Eamon Ryan - Priority Questions - 07.03.201.wav
/Users/cianan/Documents/College/GitHub/FYP/Data/DailData/roi_audio_processed/cPa5LPUyTQI_Deputy Eamon Ryan - Priority Questions  - 14 May 2.wav,cPa5LPUyTQI,1,30,60,eamon ryan,Green Party,Dublin Bay North,Dundrum,Dublin Dun Laoghaire,Leinster,cPa5LPUyTQI_Deputy Eamon Ryan - Priority Questions  - 14 May 2.wav,parliament,,0.30-1.00,DAIL,/Users/cianan/Documents/College/GitHub/FYP/Data/DailData/roi_audio_processed/cPa5LPUyTQI_Deputy Eamon Ryan - Priority Questions  - 14 May 2.wav
/Users/cianan/Documents/College/GitHub/FYP/Data/DailData/roi_audio_processed/O3mPXN2B2_o_Deputy Eamon Ryan - Private Members’ Business - 10.wav,O3mPXN2B2_o,1,30,60,eamon ryan,Green Party,Dublin Bay North,Dundrum,Dublin Dun Laoghaire,Leinster,O3mPXN2B2_o_Deputy Eamon Ryan - Private Members‚Äô Business - 10.wav,parliament,,0.30-1.00,DAIL,/Users/cianan/Documents/College/GitHub/FYP/Data/DailData/roi_audio_processed/O3mPXN2B2_o_Deputy Eamon Ryan - Private Members’ Business - 10.wav
/Users/cianan/Documents/College/GitHub/FYP/Data/DailData/roi_audio_processed/8Q4fsWt5gNc_Deputy Eamon Ryan - Government Business - 20 Jun 2.wav,8Q4fsWt5gNc,1,30,60,eamon ryan,Green Party,Dublin Bay North,Dundrum,Dublin Dun Laoghaire,Leinster,8Q4fsWt5gNc_Deputy Eamon Ryan - Government Business - 20 Jun 2.wav,parliament,,0.30-1.00,DAIL,/Users/cianan/Documents/College/GitHub/FYP/Data/DailData/roi_audio_processed/8Q4fsWt5gNc_Deputy Eamon Ryan - Government Business - 20 Jun 2.wav
/Users/cianan/Documents/College/GitHub/FYP/Data/DailData/roi_audio_processed/tj4DifUXk2k_Deputy Eamon Scanlon - Private Members’ Business -.wav,tj4DifUXk2k,1,30,60,eamon scanlon,Fianna Fail,Sligo-Leitrim,Ballymote,Sligo,Connacht,tj4DifUXk2k_Deputy Eamon Scanlon - Private Members‚Äô Business -.wav,parliament,,0.30-1.00,DAIL,/Users/cianan/Documents/College/GitHub/FYP/Data/DailData/roi_audio_processed/tj4DifUXk2k_Deputy Eamon Scanlon - Private Members’ Business -.wav
/Users/cianan/Documents/College/GitHub/FYP/Data/DailData/roi_audio_processed/q-nAzvqAuVo_Deputy Eamon Scanlon - Questions on Promised Legis.wav,q-nAzvqAuVo,1,30,60,eamon scanlon,Fianna Fail,Sligo-Leitrim,Ballymote,Sligo,Connacht,q-nAzvqAuVo_Deputy Eamon Scanlon - Questions on Promised Legis.wav,parliament,,0.30-1.00,DAIL,/Users/cianan/Documents/College/GitHub/FYP/Data/DailData/roi_audio_processed/q-nAzvqAuVo_Deputy Eamon Scanlon - Questions on Promised Legis.wav
/Users/cianan/Documents/College/GitHub/FYP/Data/DailData/roi_audio_processed/UO1ppwk-Y4Q_Deputy Eamon Scanlon - Topical Issues - 14 May 201.wav,UO1ppwk-Y4Q,1,30,60,eamon scanlon,Fianna Fail,Sligo-Leitrim,Ballymote,Sligo,Connacht,UO1ppwk-Y4Q_Deputy Eamon Scanlon - Topical Issues - 14 May 201.wav,parliament,,0.30-1.00,DAIL,/Users/cianan/Documents/College/GitHub/FYP/Data/DailData/roi_audio_processed/UO1ppwk-Y4Q_Deputy Eamon Scanlon - Topical Issues - 14 May 201.wav
/Users/cianan/Documents/College/GitHub/FYP/Data/DailData/roi_audio_processed/lalF-HA5zBQ_Deputy Eamon Scanlon - Government Business - 19 Ju.wav,lalF-HA5zBQ,1,30,60,eamon scanlon,Fianna Fail,Sligo-Leitrim,Ballymote,Sligo,Connacht,lalF-HA5zBQ_Deputy Eamon Scanlon - Government Business - 19 Ju.wav,parliament,,0.30-1.00,DAIL,/Users/cianan/Documents/College/GitHub/FYP/Data/DailData/roi_audio_processed/lalF-HA5zBQ_Deputy Eamon Scanlon - Government Business - 19 Ju.wav
/Users/cianan/Documents/College/GitHub/FYP/Data/DailData/roi_audio_processed/D4NdN62N4Ek_Deputy Eoin Ó Broin - Private Members’ Business - .wav,D4NdN62N4Ek,1,30,60,eoin o broin,Sinn Fein,Dublin Mid-West,Cabinteely,Dublin Dun Laoghaire,Leinster,D4NdN62N4Ek_Deputy Eoin √ì Broin - Private Members‚Äô Business - .wav,parliament,,0.30-1.00,DAIL,/Users/cianan/Documents/College/GitHub/FYP/Data/DailData/roi_audio_processed/D4NdN62N4Ek_Deputy Eoin Ó Broin - Private Members’ Business - .wav
/Users/cianan/Documents/College/GitHub/FYP/Data/DailData/roi_audio_processed/RTXzSwBl6f4_Deputy Eoin Ó Broin - Topical Issues - 06.03.2019.wav,RTXzSwBl6f4,1,30,60,eoin o broin,Sinn Fein,Dublin Mid-West,Cabinteely,Dublin Dun Laoghaire,Leinster,RTXzSwBl6f4_Deputy Eoin √ì Broin - Topical Issues - 06.03.2019.wav,parliament,,0.30-1.00,DAIL,/Users/cianan/Documents/College/GitHub/FYP/Data/DailData/roi_audio_processed/RTXzSwBl6f4_Deputy Eoin Ó Broin - Topical Issues - 06.03.2019.wav
/Users/cianan/Documents/College/GitHub/FYP/Data/DailData/roi_audio_processed/NTtGZdp4ZvY_Deputy Eoin Ó Broin - Priority Questions - 18 Sep .wav,NTtGZdp4ZvY,1,30,60,eoin o broin,Sinn Fein,Dublin Mid-West,Cabinteely,Dublin Dun Laoghaire,Leinster,NTtGZdp4ZvY_Deputy Eoin √ì Broin - Priority Questions - 18 Sep .wav,parliament,,0.30-1.00,DAIL,/Users/cianan/Documents/College/GitHub/FYP/Data/DailData/roi_audio_processed/NTtGZdp4ZvY_Deputy Eoin Ó Broin - Priority Questions - 18 Sep .wav
/Users/cianan/Documents/College/GitHub/FYP/Data/DailData/roi_audio_processed/UTsP1AYOTLQ_Deputy Eoin Ó Broin - Government Business - 20 Jun.wav,UTsP1AYOTLQ,1,30,60,eoin o broin,Sinn Fein,Dublin Mid-West,Cabinteely,Dublin Dun Laoghaire,Leinster,UTsP1AYOTLQ_Deputy Eoin √ì Broin - Government Business - 20 Jun.wav,parliament,,0.30-1.00,DAIL,/Users/cianan/Documents/College/GitHub/FYP/Data/DailData/roi_audio_processed/UTsP1AYOTLQ_Deputy Eoin Ó Broin - Government Business - 20 Jun.wav
/Users/cianan/Documents/College/GitHub/FYP/Data/DailData/roi_audio_processed/nQZ-1iKnlaE_Deputy Eugene Murphy - Government Business - 17 Se.wav,nQZ-1iKnlaE,1,30,60,eugene murphy,Independent,Roscommon-Galway,Strokestown,Roscommon,Connacht,nQZ-1iKnlaE_Deputy Eugene Murphy - Government Business - 17 Se.wav,parliament,,0.30-1.00,DAIL,/Users/cianan/Documents/College/GitHub/FYP/Data/DailData/roi_audio_processed/nQZ-1iKnlaE_Deputy Eugene Murphy - Government Business - 17 Se.wav
/Users/cianan/Documents/College/GitHub/FYP/Data/DailData/roi_audio_processed/7E7baKA1md8_Deputy Eugene Murphy - Government Business - 10.04.wav,7E7baKA1md8,1,30,60,eugene murphy,Independent,Roscommon-Galway,Strokestown,Roscommon,Connacht,7E7baKA1md8_Deputy Eugene Murphy - Government Business - 10.04.wav,parliament,,0.30-1.00,DAIL,/Users/cianan/Documents/College/GitHub/FYP/Data/DailData/roi_audio_processed/7E7baKA1md8_Deputy Eugene Murphy - Government Business - 10.04.wav
/Users/cianan/Documents/College/GitHub/FYP/Data/DailData/roi_audio_processed/AZ3aV-uJmMU_Deputy Eugene Murphy - Other Questions - 15 May 20.wav,AZ3aV-uJmMU,1,30,60,eugene murphy,Independent,Roscommon-Galway,Strokestown,Roscommon,Connacht,AZ3aV-uJmMU_Deputy Eugene Murphy - Other Questions - 15 May 20.wav,parliament,,0.30-1.00,DAIL,/Users/cianan/Documents/College/GitHub/FYP/Data/DailData/roi_audio_processed/AZ3aV-uJmMU_Deputy Eugene Murphy - Other Questions - 15 May 20.wav
/Users/cianan/Documents/College/GitHub/FYP/Data/DailData/roi_audio_processed/h9uDyPZlAiI_Deputy Eugene Murphy - Topical Issues - 06.03.2019.wav,h9uDyPZlAiI,1,30,60,eugene murphy,Independent,Roscommon-Galway,Strokestown,Roscommon,Connacht,h9uDyPZlAiI_Deputy Eugene Murphy - Topical Issues - 06.03.2019.wav,parliament,,0.30-1.00,DAIL,/Users/cianan/Documents/College/GitHub/FYP/Data/DailData/roi_audio_processed/h9uDyPZlAiI_Deputy Eugene Murphy - Topical Issues - 06.03.2019.wav
/Users/cianan/Documents/College/GitHub/FYP/Data/DailData/roi_audio_processed/xxAogi7XfSs_Deputy Eugene Murphy - Private Members’ Business -.wav,xxAogi7XfSs,1,30,60,eugene murphy,Independent,Roscommon-Galway,Strokestown,Roscommon,Connacht,xxAogi7XfSs_Deputy Eugene Murphy - Private Members‚Äô Business -.wav,parliament,,0.30-1.00,DAIL,/Users/cianan/Documents/College/GitHub/FYP/Data/DailData/roi_audio_processed/xxAogi7XfSs_Deputy Eugene Murphy - Private Members’ Business -.wav
/Users/cianan/Documents/College/GitHub/FYP/Data/DailData/roi_audio_processed/0VZinYVtifU_Deputy Fergus O'Dowd - Topical Issues - 19 Sep 201.wav,0VZinYVtifU,1,30,60,fergus o'dowd,Fine Gael,Louth,Thurles,Tipperary,Munster,0VZinYVtifU_Deputy Fergus O'Dowd - Topical Issues - 19 Sep 201.wav,parliament,,0.30-1.00,DAIL,/Users/cianan/Documents/College/GitHub/FYP/Data/DailData/roi_audio_processed/0VZinYVtifU_Deputy Fergus O'Dowd - Topical Issues - 19 Sep 201.wav
/Users/cianan/Documents/College/GitHub/FYP/Data/DailData/roi_audio_processed/bxj5dKYYhCE_Deputy Fergus O'Dowd - Oral Questions - 07.03.2019.wav,bxj5dKYYhCE,1,30,60,fergus o'dowd,Fine Gael,Louth,Thurles,Tipperary,Munster,bxj5dKYYhCE_Deputy Fergus O'Dowd - Oral Questions - 07.03.2019.wav,parliament,,0.30-1.00,DAIL,/Users/cianan/Documents/College/GitHub/FYP/Data/DailData/roi_audio_processed/bxj5dKYYhCE_Deputy Fergus O'Dowd - Oral Questions - 07.03.2019.wav
/Users/cianan/Documents/College/GitHub/FYP/Data/DailData/roi_audio_processed/VdOkOk7pyB0_Deputy Fergus O'Dowd - Topical Issues - 9 May 2019.wav,VdOkOk7pyB0,1,30,60,fergus o'dowd,Fine Gael,Louth,Thurles,Tipperary,Munster,VdOkOk7pyB0_Deputy Fergus O'Dowd - Topical Issues - 9 May 2019.wav,parliament,,0.30-1.00,DAIL,/Users/cianan/Documents/College/GitHub/FYP/Data/DailData/roi_audio_processed/VdOkOk7pyB0_Deputy Fergus O'Dowd - Topical Issues - 9 May 2019.wav
/Users/cianan/Documents/College/GitHub/FYP/Data/DailData/roi_audio_processed/Exga27Fiv4c_Deputy Fergus O'Dowd - Government Business - 05.03.wav,Exga27Fiv4c,1,30,60,fergus o'dowd,Fine Gael,Louth,Thurles,Tipperary,Munster,Exga27Fiv4c_Deputy Fergus O'Dowd - Government Business - 05.03.wav,parliament,,0.30-1.00,DAIL,/Users/cianan/Documents/College/GitHub/FYP/Data/DailData/roi_audio_processed/Exga27Fiv4c_Deputy Fergus O'Dowd - Government Business - 05.03.wav
/Users/cianan/Documents/College/GitHub/FYP/Data/DailData/roi_audio_processed/X1WLuhjWQHc_Deputy Fergus O'Dowd - Government Business - 27 Ju.wav,X1WLuhjWQHc,1,30,60,fergus o'dowd,Fine Gael,Louth,Thurles,Tipperary,Munster,X1WLuhjWQHc_Deputy Fergus O'Dowd - Government Business - 27 Ju.wav,parliament,,0.30-1.00,DAIL,/Users/cianan/Documents/College/GitHub/FYP/Data/DailData/roi_audio_processed/X1WLuhjWQHc_Deputy Fergus O'Dowd - Government Business - 27 Ju.wav
/Users/cianan/Documents/College/GitHub/FYP/Data/DailData/roi_audio_processed/Vdt9Ad9kKrw_Fintan Warfield - speech from  10 Apr 2019.wav,Vdt9Ad9kKrw,1,30,60,fintan warfield,Sinn Fein,,Harold's Cross,Dublin South,Leinster,Vdt9Ad9kKrw_Fintan Warfield - speech from  10 Apr 2019.wav,parliament,,0.30-1.00,DAIL,/Users/cianan/Documents/College/GitHub/FYP/Data/DailData/roi_audio_processed/Vdt9Ad9kKrw_Fintan Warfield - speech from  10 Apr 2019.wav
/Users/cianan/Documents/College/GitHub/FYP/Data/DailData/roi_audio_processed/IPGjLG29wS4_Fintan Warfield - speech from  18 Apr 2019.wav,IPGjLG29wS4,1,30,60,fintan warfield,Sinn Fein,,Harold's Cross,Dublin South,Leinster,IPGjLG29wS4_Fintan Warfield - speech from  18 Apr 2019.wav,parliament,,0.30-1.00,DAIL,/Users/cianan/Documents/College/GitHub/FYP/Data/DailData/roi_audio_processed/IPGjLG29wS4_Fintan Warfield - speech from  18 Apr 2019.wav
/Users/cianan/Documents/College/GitHub/FYP/Data/DailData/roi_audio_processed/pO4cNTUiCk8_Senator Fintan Warfield - speech from 1 Dec 2020.wav,pO4cNTUiCk8,1,30,60,fintan warfield,Sinn Fein,,Harold's Cross,Dublin South,Leinster,pO4cNTUiCk8_Senator Fintan Warfield - speech from 1 Dec 2020.wav,parliament,,0.30-1.00,DAIL,/Users/cianan/Documents/College/GitHub/FYP/Data/DailData/roi_audio_processed/pO4cNTUiCk8_Senator Fintan Warfield - speech from 1 Dec 2020.wav
/Users/cianan/Documents/College/GitHub/FYP/Data/DailData/roi_audio_processed/QWshkeaju1Y_Fintan Warfield - speech from  18 Apr 2019.wav,QWshkeaju1Y,1,30,60,fintan warfield,Sinn Fein,,Harold's Cross,Dublin South,Leinster,QWshkeaju1Y_Fintan Warfield - speech from  18 Apr 2019.wav,parliament,,0.30-1.00,DAIL,/Users/cianan/Documents/College/GitHub/FYP/Data/DailData/roi_audio_processed/QWshkeaju1Y_Fintan Warfield - speech from  18 Apr 2019.wav
/Users/cianan/Documents/College/GitHub/FYP/Data/DailData/roi_audio_processed/pJ7Ly3tpqyE_Senator Fintan Warfield - speech from 24 Sep 2019.wav,pJ7Ly3tpqyE,1,30,60,fintan warfield,Sinn Fein,,Harold's Cross,Dublin South,Leinster,pJ7Ly3tpqyE_Senator Fintan Warfield - speech from 24 Sep 2019.wav,parliament,,0.30-1.00,DAIL,/Users/cianan/Documents/College/GitHub/FYP/Data/DailData/roi_audio_processed/pJ7Ly3tpqyE_Senator Fintan Warfield - speech from 24 Sep 2019.wav
/Users/cianan/Documents/College/GitHub/FYP/Data/DailData/roi_audio_processed/UoQ_B206r58_Senator Fintan Warfield - speech from 23 Oct 2020.wav,UoQ_B206r58,1,30,60,fintan warfield,Sinn Fein,,Harold's Cross,Dublin South,Leinster,UoQ_B206r58_Senator Fintan Warfield - speech from 23 Oct 2020.wav,parliament,,0.30-1.00,DAIL,/Users/cianan/Documents/College/GitHub/FYP/Data/DailData/roi_audio_processed/UoQ_B206r58_Senator Fintan Warfield - speech from 23 Oct 2020.wav
/Users/cianan/Documents/College/GitHub/FYP/Data/DailData/roi_audio_processed/w8upNw94JZg_Senator Fintan Warfield - speech from 29 Jun 2020.wav,w8upNw94JZg,1,30,60,fintan warfield,Sinn Fein,,Harold's Cross,Dublin South,Leinster,w8upNw94JZg_Senator Fintan Warfield - speech from 29 Jun 2020.wav,parliament,,0.30-1.00,DAIL,/Users/cianan/Documents/College/GitHub/FYP/Data/DailData/roi_audio_processed/w8upNw94JZg_Senator Fintan Warfield - speech from 29 Jun 2020.wav
/Users/cianan/Documents/College/GitHub/FYP/Data/DailData/roi_audio_processed/PzsZxchuaQw_Fintan Warfield - speech from  09 Apr 2019.wav,PzsZxchuaQw,1,30,60,fintan warfield,Sinn Fein,,Harold's Cross,Dublin South,Leinster,PzsZxchuaQw_Fintan Warfield - speech from  09 Apr 2019.wav,parliament,,0.30-1.00,DAIL,/Users/cianan/Documents/College/GitHub/FYP/Data/DailData/roi_audio_processed/PzsZxchuaQw_Fintan Warfield - speech from  09 Apr 2019.wav
/Users/cianan/Documents/College/GitHub/FYP/Data/DailData/roi_audio_processed/ZRad6NrTpUE_Fintan Warfield - speech from  09 Apr 2019.wav,ZRad6NrTpUE,1,30,60,fintan warfield,Sinn Fein,,Harold's Cross,Dublin South,Leinster,ZRad6NrTpUE_Fintan Warfield - speech from  09 Apr 2019.wav,parliament,,0.30-1.00,DAIL,/Users/cianan/Documents/College/GitHub/FYP/Data/DailData/roi_audio_processed/ZRad6NrTpUE_Fintan Warfield - speech from  09 Apr 2019.wav
/Users/cianan/Documents/College/GitHub/FYP/Data/DailData/roi_audio_processed/NLLB4N73NjQ_Senator Fintan Warfield - speech from 21 May 2019.wav,NLLB4N73NjQ,1,30,60,fintan warfield,Sinn Fein,,Harold's Cross,Dublin South,Leinster,NLLB4N73NjQ_Senator Fintan Warfield - speech from 21 May 2019.wav,parliament,,0.30-1.00,DAIL,/Users/cianan/Documents/College/GitHub/FYP/Data/DailData/roi_audio_processed/NLLB4N73NjQ_Senator Fintan Warfield - speech from 21 May 2019.wav
/Users/cianan/Documents/College/GitHub/FYP/Data/DailData/roi_audio_processed/G1LTOsgVRYo_Fintan Warfield - speech from  10 Apr 2019.wav,G1LTOsgVRYo,1,30,60,fintan warfield,Sinn Fein,,Harold's Cross,Dublin South,Leinster,G1LTOsgVRYo_Fintan Warfield - speech from  10 Apr 2019.wav,parliament,,0.30-1.00,DAIL,/Users/cianan/Documents/College/GitHub/FYP/Data/DailData/roi_audio_processed/G1LTOsgVRYo_Fintan Warfield - speech from  10 Apr 2019.wav
/Users/cianan/Documents/College/GitHub/FYP/Data/DailData/roi_audio_processed/MOaiWILDL1A_Senator Fintan Warfield - speech from 12 Jun 2019.wav,MOaiWILDL1A,1,30,60,fintan warfield,Sinn Fein,,Harold's Cross,Dublin South,Leinster,MOaiWILDL1A_Senator Fintan Warfield - speech from 12 Jun 2019.wav,parliament,,0.30-1.00,DAIL,/Users/cianan/Documents/College/GitHub/FYP/Data/DailData/roi_audio_processed/MOaiWILDL1A_Senator Fintan Warfield - speech from 12 Jun 2019.wav
/Users/cianan/Documents/College/GitHub/FYP/Data/DailData/roi_audio_processed/sdiHoef9H-c_Senator Fintan Warfield - speech from 30 May 2019.wav,sdiHoef9H-c,1,30,60,fintan warfield,Sinn Fein,,Harold's Cross,Dublin South,Leinster,sdiHoef9H-c_Senator Fintan Warfield - speech from 30 May 2019.wav,parliament,,0.30-1.00,DAIL,/Users/cianan/Documents/College/GitHub/FYP/Data/DailData/roi_audio_processed/sdiHoef9H-c_Senator Fintan Warfield - speech from 30 May 2019.wav
/Users/cianan/Documents/College/GitHub/FYP/Data/DailData/roi_audio_processed/4wF66I19S-0_Senator Fintan Warfield - speech from - 14 May 201.wav,4wF66I19S-0,1,30,60,fintan warfield,Sinn Fein,,Harold's Cross,Dublin South,Leinster,4wF66I19S-0_Senator Fintan Warfield - speech from - 14 May 201.wav,parliament,,0.30-1.00,DAIL,/Users/cianan/Documents/College/GitHub/FYP/Data/DailData/roi_audio_processed/4wF66I19S-0_Senator Fintan Warfield - speech from - 14 May 201.wav
/Users/cianan/Documents/College/GitHub/FYP/Data/DailData/roi_audio_processed/z81H1aDMbw8_Deputy Fiona O'Loughlin - Questions on Promised Le.wav,z81H1aDMbw8,1,30,60,fiona o'loughlin,Fianna Fail,Kildare South,Kildare Town,Kildare,Leinster,z81H1aDMbw8_Deputy Fiona O'Loughlin - Questions on Promised Le.wav,parliament,,0.30-1.00,DAIL,/Users/cianan/Documents/College/GitHub/FYP/Data/DailData/roi_audio_processed/z81H1aDMbw8_Deputy Fiona O'Loughlin - Questions on Promised Le.wav
/Users/cianan/Documents/College/GitHub/FYP/Data/DailData/roi_audio_processed/OF_2KbYvdFI_Deputy Fiona O'Loughlin - Private Members’ Busines.wav,OF_2KbYvdFI,1,30,60,fiona o'loughlin,Fianna Fail,Kildare South,Kildare Town,Kildare,Leinster,OF_2KbYvdFI_Deputy Fiona O'Loughlin - Private Members‚Äô Busines.wav,parliament,,0.30-1.00,DAIL,/Users/cianan/Documents/College/GitHub/FYP/Data/DailData/roi_audio_processed/OF_2KbYvdFI_Deputy Fiona O'Loughlin - Private Members’ Busines.wav
/Users/cianan/Documents/College/GitHub/FYP/Data/DailData/roi_audio_processed/mPoR80oumD4_Deputy Fiona O'Loughlin - Private Members’ Busines.wav,mPoR80oumD4,1,30,60,fiona o'loughlin,Fianna Fail,Kildare South,Kildare Town,Kildare,Leinster,mPoR80oumD4_Deputy Fiona O'Loughlin - Private Members‚Äô Busines.wav,parliament,,0.30-1.00,DAIL,/Users/cianan/Documents/College/GitHub/FYP/Data/DailData/roi_audio_processed/mPoR80oumD4_Deputy Fiona O'Loughlin - Private Members’ Busines.wav
/Users/cianan/Documents/College/GitHub/FYP/Data/DailData/roi_audio_processed/YQUqmdI7pXw_Deputy Fiona O'Loughlin - Order of Business - 12.0.wav,YQUqmdI7pXw,1,30,60,fiona o'loughlin,Fianna Fail,Kildare South,Kildare Town,Kildare,Leinster,YQUqmdI7pXw_Deputy Fiona O'Loughlin - Order of Business - 12.0.wav,parliament,,0.30-1.00,DAIL,/Users/cianan/Documents/College/GitHub/FYP/Data/DailData/roi_audio_processed/YQUqmdI7pXw_Deputy Fiona O'Loughlin - Order of Business - 12.0.wav
/Users/cianan/Documents/College/GitHub/FYP/Data/DailData/roi_audio_processed/WXV6UtJiXaQ_Deputy Fiona O'Loughlin - Order of Business - 8 Ma.wav,WXV6UtJiXaQ,1,30,60,fiona o'loughlin,Fianna Fail,Kildare South,Kildare Town,Kildare,Leinster,WXV6UtJiXaQ_Deputy Fiona O'Loughlin - Order of Business - 8 Ma.wav,parliament,,0.30-1.00,DAIL,/Users/cianan/Documents/College/GitHub/FYP/Data/DailData/roi_audio_processed/WXV6UtJiXaQ_Deputy Fiona O'Loughlin - Order of Business - 8 Ma.wav
/Users/cianan/Documents/College/GitHub/FYP/Data/DailData/roi_audio_processed/VweM_LAhRSw_Senator Frances Black - speech from - 14 May 2019.wav,VweM_LAhRSw,1,30,60,frances black,Independent,,Rathmines,Dublin South,Leinster,VweM_LAhRSw_Senator Frances Black - speech from - 14 May 2019.wav,parliament,,0.30-1.00,DAIL,/Users/cianan/Documents/College/GitHub/FYP/Data/DailData/roi_audio_processed/VweM_LAhRSw_Senator Frances Black - speech from - 14 May 2019.wav
/Users/cianan/Documents/College/GitHub/FYP/Data/DailData/roi_audio_processed/69uXfBttg0A_Senator Frances Black - speech from 25 Sep 2019.wav,69uXfBttg0A,1,30,60,frances black,Independent,,Rathmines,Dublin South,Leinster,69uXfBttg0A_Senator Frances Black - speech from 25 Sep 2019.wav,parliament,,0.30-1.00,DAIL,/Users/cianan/Documents/College/GitHub/FYP/Data/DailData/roi_audio_processed/69uXfBttg0A_Senator Frances Black - speech from 25 Sep 2019.wav
/Users/cianan/Documents/College/GitHub/FYP/Data/DailData/roi_audio_processed/J1ur53sk6A4_Frances Black - speech from  10 Apr 2019.wav,J1ur53sk6A4,1,30,60,frances black,Independent,,Rathmines,Dublin South,Leinster,J1ur53sk6A4_Frances Black - speech from  10 Apr 2019.wav,parliament,,0.30-1.00,DAIL,/Users/cianan/Documents/College/GitHub/FYP/Data/DailData/roi_audio_processed/J1ur53sk6A4_Frances Black - speech from  10 Apr 2019.wav
/Users/cianan/Documents/College/GitHub/FYP/Data/DailData/roi_audio_processed/T4m1fPRl8qI_Senator Frances Black - speech from 28 May 2019.wav,T4m1fPRl8qI,1,30,60,frances black,Independent,,Rathmines,Dublin South,Leinster,T4m1fPRl8qI_Senator Frances Black - speech from 28 May 2019.wav,parliament,,0.30-1.00,DAIL,/Users/cianan/Documents/College/GitHub/FYP/Data/DailData/roi_audio_processed/T4m1fPRl8qI_Senator Frances Black - speech from 28 May 2019.wav
/Users/cianan/Documents/College/GitHub/FYP/Data/DailData/roi_audio_processed/pQmi49p2u8s_Senator Frances Black - speech from 12 Jun 2019.wav,pQmi49p2u8s,1,30,60,frances black,Independent,,Rathmines,Dublin South,Leinster,pQmi49p2u8s_Senator Frances Black - speech from 12 Jun 2019.wav,parliament,,0.30-1.00,DAIL,/Users/cianan/Documents/College/GitHub/FYP/Data/DailData/roi_audio_processed/pQmi49p2u8s_Senator Frances Black - speech from 12 Jun 2019.wav
/Users/cianan/Documents/College/GitHub/FYP/Data/DailData/roi_audio_processed/65NrGTgWpfo_Senator Frank Feighan - speech from 16 May 2019.wav,65NrGTgWpfo,1,30,60,frank feighan,Fine Gael,Sligo-Leitrim,Boyle,Roscommon,Connacht,65NrGTgWpfo_Senator Frank Feighan - speech from 16 May 2019.wav,parliament,,0.30-1.00,DAIL,/Users/cianan/Documents/College/GitHub/FYP/Data/DailData/roi_audio_processed/65NrGTgWpfo_Senator Frank Feighan - speech from 16 May 2019.wav
/Users/cianan/Documents/College/GitHub/FYP/Data/DailData/roi_audio_processed/Cu6vBrp3KXo_Senator Frank Feighan - speech from 11 Jun 2019.wav,Cu6vBrp3KXo,1,30,60,frank feighan,Fine Gael,Sligo-Leitrim,Boyle,Roscommon,Connacht,Cu6vBrp3KXo_Senator Frank Feighan - speech from 11 Jun 2019.wav,parliament,,0.30-1.00,DAIL,/Users/cianan/Documents/College/GitHub/FYP/Data/DailData/roi_audio_processed/Cu6vBrp3KXo_Senator Frank Feighan - speech from 11 Jun 2019.wav
/Users/cianan/Documents/College/GitHub/FYP/Data/DailData/roi_audio_processed/9JzGMmZe1DI_Frank Feighan - speech from  17 Apr 2019.wav,9JzGMmZe1DI,1,30,60,frank feighan,Fine Gael,Sligo-Leitrim,Boyle,Roscommon,Connacht,9JzGMmZe1DI_Frank Feighan - speech from  17 Apr 2019.wav,parliament,,0.30-1.00,DAIL,/Users/cianan/Documents/College/GitHub/FYP/Data/DailData/roi_audio_processed/9JzGMmZe1DI_Frank Feighan - speech from  17 Apr 2019.wav
/Users/cianan/Documents/College/GitHub/FYP/Data/DailData/roi_audio_processed/eyT0rJ6Dpxg_Senator Frank Feighan - Order of Business - 15 May.wav,eyT0rJ6Dpxg,1,30,60,frank feighan,Fine Gael,Sligo-Leitrim,Boyle,Roscommon,Connacht,eyT0rJ6Dpxg_Senator Frank Feighan - Order of Business - 15 May.wav,parliament,,0.30-1.00,DAIL,/Users/cianan/Documents/College/GitHub/FYP/Data/DailData/roi_audio_processed/eyT0rJ6Dpxg_Senator Frank Feighan - Order of Business - 15 May.wav
/Users/cianan/Documents/College/GitHub/FYP/Data/DailData/roi_audio_processed/3h9r7bTyyyM_Senator Frank Feighan - speech from 26 Jun 2019.wav,3h9r7bTyyyM,1,30,60,frank feighan,Fine Gael,Sligo-Leitrim,Boyle,Roscommon,Connacht,3h9r7bTyyyM_Senator Frank Feighan - speech from 26 Jun 2019.wav,parliament,,0.30-1.00,DAIL,/Users/cianan/Documents/College/GitHub/FYP/Data/DailData/roi_audio_processed/3h9r7bTyyyM_Senator Frank Feighan - speech from 26 Jun 2019.wav
/Users/cianan/Documents/College/GitHub/FYP/Data/DailData/roi_audio_processed/PcCBWT0Q2GQ_Senator Frank Feighan - speech from 1 Oct 2019.wav,PcCBWT0Q2GQ,1,30,60,frank feighan,Fine Gael,Sligo-Leitrim,Boyle,Roscommon,Connacht,PcCBWT0Q2GQ_Senator Frank Feighan - speech from 1 Oct 2019.wav,parliament,,0.30-1.00,DAIL,/Users/cianan/Documents/College/GitHub/FYP/Data/DailData/roi_audio_processed/PcCBWT0Q2GQ_Senator Frank Feighan - speech from 1 Oct 2019.wav
/Users/cianan/Documents/College/GitHub/FYP/Data/DailData/roi_audio_processed/Rp7v19WfgAc_Senator Frank Feighan - Order of Business - 8 May .wav,Rp7v19WfgAc,1,30,60,frank feighan,Fine Gael,Sligo-Leitrim,Boyle,Roscommon,Connacht,Rp7v19WfgAc_Senator Frank Feighan - Order of Business - 8 May .wav,parliament,,0.30-1.00,DAIL,/Users/cianan/Documents/College/GitHub/FYP/Data/DailData/roi_audio_processed/Rp7v19WfgAc_Senator Frank Feighan - Order of Business - 8 May .wav
/Users/cianan/Documents/College/GitHub/FYP/Data/DailData/roi_audio_processed/voXdcf03P00_Frank Feighan  - speech from  11 Apr 2019.wav,voXdcf03P00,1,30,60,frank feighan,Fine Gael,Sligo-Leitrim,Boyle,Roscommon,Connacht,voXdcf03P00_Frank Feighan  - speech from  11 Apr 2019.wav,parliament,,0.30-1.00,DAIL,/Users/cianan/Documents/College/GitHub/FYP/Data/DailData/roi_audio_processed/voXdcf03P00_Frank Feighan  - speech from  11 Apr 2019.wav
/Users/cianan/Documents/College/GitHub/FYP/Data/DailData/roi_audio_processed/G4N-6rV2aHM_Deputy Frank O'Rourke - Private Members’ Business .wav,G4N-6rV2aHM,1,30,60,frank o'rourke,Fianna Fail,Kildare North,Leitrim Town,Leitrim,Connacht,G4N-6rV2aHM_Deputy Frank O'Rourke - Private Members‚Äô Business .wav,parliament,,0.30-1.00,DAIL,/Users/cianan/Documents/College/GitHub/FYP/Data/DailData/roi_audio_processed/G4N-6rV2aHM_Deputy Frank O'Rourke - Private Members’ Business .wav
/Users/cianan/Documents/College/GitHub/FYP/Data/DailData/roi_audio_processed/VXMtkOTcIY0_Deputy Frank O'Rourke - Private Members’ Business .wav,VXMtkOTcIY0,1,30,60,frank o'rourke,Fianna Fail,Kildare North,Leitrim Town,Leitrim,Connacht,VXMtkOTcIY0_Deputy Frank O'Rourke - Private Members‚Äô Business .wav,parliament,,0.30-1.00,DAIL,/Users/cianan/Documents/College/GitHub/FYP/Data/DailData/roi_audio_processed/VXMtkOTcIY0_Deputy Frank O'Rourke - Private Members’ Business .wav
/Users/cianan/Documents/College/GitHub/FYP/Data/DailData/roi_audio_processed/R7Km0RcVEPg_Gabrielle McFadden - speech from  09 Apr 2019.wav,R7Km0RcVEPg,1,30,60,gabrielle mcfadden,Fine Gael,Longford-Westmeath,Athlone,Westmeath,Leinster,R7Km0RcVEPg_Gabrielle McFadden - speech from  09 Apr 2019.wav,parliament,,0.30-1.00,DAIL,/Users/cianan/Documents/College/GitHub/FYP/Data/DailData/roi_audio_processed/R7Km0RcVEPg_Gabrielle McFadden - speech from  09 Apr 2019.wav
/Users/cianan/Documents/College/GitHub/FYP/Data/DailData/roi_audio_processed/vAM6xt9ahr0_Gabrielle McFadden  - speech from  16 Apr 2019.wav,vAM6xt9ahr0,1,30,60,gabrielle mcfadden,Fine Gael,Longford-Westmeath,Athlone,Westmeath,Leinster,vAM6xt9ahr0_Gabrielle McFadden  - speech from  16 Apr 2019.wav,parliament,,0.30-1.00,DAIL,/Users/cianan/Documents/College/GitHub/FYP/Data/DailData/roi_audio_processed/vAM6xt9ahr0_Gabrielle McFadden  - speech from  16 Apr 2019.wav
/Users/cianan/Documents/College/GitHub/FYP/Data/DailData/roi_audio_processed/nspS_vIwDvQ_Senator Gabrielle McFadden - speech from 21 May 20.wav,nspS_vIwDvQ,1,30,60,gabrielle mcfadden,Fine Gael,Longford-Westmeath,Athlone,Westmeath,Leinster,nspS_vIwDvQ_Senator Gabrielle McFadden - speech from 21 May 20.wav,parliament,,0.30-1.00,DAIL,/Users/cianan/Documents/College/GitHub/FYP/Data/DailData/roi_audio_processed/nspS_vIwDvQ_Senator Gabrielle McFadden - speech from 21 May 20.wav
/Users/cianan/Documents/College/GitHub/FYP/Data/DailData/roi_audio_processed/FblLmhcXrLU_Senator Gabrielle McFadden - speech from 12 Jun 20.wav,FblLmhcXrLU,1,30,60,gabrielle mcfadden,Fine Gael,Longford-Westmeath,Athlone,Westmeath,Leinster,FblLmhcXrLU_Senator Gabrielle McFadden - speech from 12 Jun 20.wav,parliament,,0.30-1.00,DAIL,/Users/cianan/Documents/College/GitHub/FYP/Data/DailData/roi_audio_processed/FblLmhcXrLU_Senator Gabrielle McFadden - speech from 12 Jun 20.wav
/Users/cianan/Documents/College/GitHub/FYP/Data/DailData/roi_audio_processed/hfrjSlQ0mA0_Gabrielle McFadden - speech from  17 Apr 2019.wav,hfrjSlQ0mA0,1,30,60,gabrielle mcfadden,Fine Gael,Longford-Westmeath,Athlone,Westmeath,Leinster,hfrjSlQ0mA0_Gabrielle McFadden - speech from  17 Apr 2019.wav,parliament,,0.30-1.00,DAIL,/Users/cianan/Documents/College/GitHub/FYP/Data/DailData/roi_audio_processed/hfrjSlQ0mA0_Gabrielle McFadden - speech from  17 Apr 2019.wav
/Users/cianan/Documents/College/GitHub/FYP/Data/DailData/roi_audio_processed/QzGI42QGkJ0_Senator Gabrielle McFadden - speech from 29 May 20.wav,QzGI42QGkJ0,1,30,60,gabrielle mcfadden,Fine Gael,Longford-Westmeath,Athlone,Westmeath,Leinster,QzGI42QGkJ0_Senator Gabrielle McFadden - speech from 29 May 20.wav,parliament,,0.30-1.00,DAIL,/Users/cianan/Documents/College/GitHub/FYP/Data/DailData/roi_audio_processed/QzGI42QGkJ0_Senator Gabrielle McFadden - speech from 29 May 20.wav
/Users/cianan/Documents/College/GitHub/FYP/Data/DailData/roi_audio_processed/2uuV1w7FkzA_Gabrielle McFadden - speech from  11 Apr 2019.wav,2uuV1w7FkzA,1,30,60,gabrielle mcfadden,Fine Gael,Longford-Westmeath,Athlone,Westmeath,Leinster,2uuV1w7FkzA_Gabrielle McFadden - speech from  11 Apr 2019.wav,parliament,,0.30-1.00,DAIL,/Users/cianan/Documents/College/GitHub/FYP/Data/DailData/roi_audio_processed/2uuV1w7FkzA_Gabrielle McFadden - speech from  11 Apr 2019.wav
/Users/cianan/Documents/College/GitHub/FYP/Data/DailData/roi_audio_processed/HldUCUY8Byc_Senator Gabrielle McFadden - speech from 28 May 20.wav,HldUCUY8Byc,1,30,60,gabrielle mcfadden,Fine Gael,Longford-Westmeath,Athlone,Westmeath,Leinster,HldUCUY8Byc_Senator Gabrielle McFadden - speech from 28 May 20.wav,parliament,,0.30-1.00,DAIL,/Users/cianan/Documents/College/GitHub/FYP/Data/DailData/roi_audio_processed/HldUCUY8Byc_Senator Gabrielle McFadden - speech from 28 May 20.wav
/Users/cianan/Documents/College/GitHub/FYP/Data/DailData/roi_audio_processed/TXLZcdN4gac_Senator Gabrielle McFadden - speech from 25 Sep 20.wav,TXLZcdN4gac,1,30,60,gabrielle mcfadden,Fine Gael,Longford-Westmeath,Athlone,Westmeath,Leinster,TXLZcdN4gac_Senator Gabrielle McFadden - speech from 25 Sep 20.wav,parliament,,0.30-1.00,DAIL,/Users/cianan/Documents/College/GitHub/FYP/Data/DailData/roi_audio_processed/TXLZcdN4gac_Senator Gabrielle McFadden - speech from 25 Sep 20.wav
/Users/cianan/Documents/College/GitHub/FYP/Data/DailData/roi_audio_processed/Mjrv8-c2sOg_Senator Gabrielle McFadden - speech from 20 Jun 20.wav,Mjrv8-c2sOg,1,30,60,gabrielle mcfadden,Fine Gael,Longford-Westmeath,Athlone,Westmeath,Leinster,Mjrv8-c2sOg_Senator Gabrielle McFadden - speech from 20 Jun 20.wav,parliament,,0.30-1.00,DAIL,/Users/cianan/Documents/College/GitHub/FYP/Data/DailData/roi_audio_processed/Mjrv8-c2sOg_Senator Gabrielle McFadden - speech from 20 Jun 20.wav
/Users/cianan/Documents/College/GitHub/FYP/Data/DailData/roi_audio_processed/JFJqh0iVNYk_Senator Gerald Nash - speech from 26 Jun 2019.wav,JFJqh0iVNYk,1,30,60,gerald nash,Labour,Louth,Drogheda,Louth,Leinster,JFJqh0iVNYk_Senator Gerald Nash - speech from 26 Jun 2019.wav,parliament,,0.30-1.00,DAIL,/Users/cianan/Documents/College/GitHub/FYP/Data/DailData/roi_audio_processed/JFJqh0iVNYk_Senator Gerald Nash - speech from 26 Jun 2019.wav
/Users/cianan/Documents/College/GitHub/FYP/Data/DailData/roi_audio_processed/MDRJyz2X6Ng_Senator Gerald Nash - speech from 12 Jul 2019.wav,MDRJyz2X6Ng,1,30,60,gerald nash,Labour,Louth,Drogheda,Louth,Leinster,MDRJyz2X6Ng_Senator Gerald Nash - speech from 12 Jul 2019.wav,parliament,,0.30-1.00,DAIL,/Users/cianan/Documents/College/GitHub/FYP/Data/DailData/roi_audio_processed/MDRJyz2X6Ng_Senator Gerald Nash - speech from 12 Jul 2019.wav
/Users/cianan/Documents/College/GitHub/FYP/Data/DailData/roi_audio_processed/CFyyE3U7zbo_Gerald Nash - speech from  17 Apr 2019.wav,CFyyE3U7zbo,1,30,60,gerald nash,Labour,Louth,Drogheda,Louth,Leinster,CFyyE3U7zbo_Gerald Nash - speech from  17 Apr 2019.wav,parliament,,0.30-1.00,DAIL,/Users/cianan/Documents/College/GitHub/FYP/Data/DailData/roi_audio_processed/CFyyE3U7zbo_Gerald Nash - speech from  17 Apr 2019.wav
/Users/cianan/Documents/College/GitHub/FYP/Data/DailData/roi_audio_processed/IzfnQ9vYdyA_Senator Gerald Nash - speech from 18 Jun 2019.wav,IzfnQ9vYdyA,1,30,60,gerald nash,Labour,Louth,Drogheda,Louth,Leinster,IzfnQ9vYdyA_Senator Gerald Nash - speech from 18 Jun 2019.wav,parliament,,0.30-1.00,DAIL,/Users/cianan/Documents/College/GitHub/FYP/Data/DailData/roi_audio_processed/IzfnQ9vYdyA_Senator Gerald Nash - speech from 18 Jun 2019.wav
/Users/cianan/Documents/College/GitHub/FYP/Data/DailData/roi_audio_processed/j_lq-6gFk2Q_Gerard P  Craughwell  - speech from  16 Apr 2019.wav,j_lq-6gFk2Q,1,30,60,gerard p. craughwell,Fine Gael,,Salthill,Galway,Connacht,j_lq-6gFk2Q_Gerard P  Craughwell  - speech from  16 Apr 2019.wav,parliament,,0.30-1.00,DAIL,/Users/cianan/Documents/College/GitHub/FYP/Data/DailData/roi_audio_processed/j_lq-6gFk2Q_Gerard P  Craughwell  - speech from  16 Apr 2019.wav
/Users/cianan/Documents/College/GitHub/FYP/Data/DailData/roi_audio_processed/Xu9rBX8UTWY_Gerard P  Craughwell  - speech from  16 Apr 2019.wav,Xu9rBX8UTWY,1,30,60,gerard p. craughwell,Fine Gael,,Salthill,Galway,Connacht,Xu9rBX8UTWY_Gerard P  Craughwell  - speech from  16 Apr 2019.wav,parliament,,0.30-1.00,DAIL,/Users/cianan/Documents/College/GitHub/FYP/Data/DailData/roi_audio_processed/Xu9rBX8UTWY_Gerard P  Craughwell  - speech from  16 Apr 2019.wav
/Users/cianan/Documents/College/GitHub/FYP/Data/DailData/roi_audio_processed/WrJhx2iKJrU_Gerard P  Craughwell - speech from  18 Apr 2019.wav,WrJhx2iKJrU,1,30,60,gerard p. craughwell,Fine Gael,,Salthill,Galway,Connacht,WrJhx2iKJrU_Gerard P  Craughwell - speech from  18 Apr 2019.wav,parliament,,0.30-1.00,DAIL,/Users/cianan/Documents/College/GitHub/FYP/Data/DailData/roi_audio_processed/WrJhx2iKJrU_Gerard P  Craughwell - speech from  18 Apr 2019.wav
/Users/cianan/Documents/College/GitHub/FYP/Data/DailData/roi_audio_processed/CICJUrIGoUA_Gerard P  Craughwell - speech from  17 Apr 2019.wav,CICJUrIGoUA,1,30,60,gerard p. craughwell,Fine Gael,,Salthill,Galway,Connacht,CICJUrIGoUA_Gerard P  Craughwell - speech from  17 Apr 2019.wav,parliament,,0.30-1.00,DAIL,/Users/cianan/Documents/College/GitHub/FYP/Data/DailData/roi_audio_processed/CICJUrIGoUA_Gerard P  Craughwell - speech from  17 Apr 2019.wav
/Users/cianan/Documents/College/GitHub/FYP/Data/DailData/roi_audio_processed/_w-dMtcgCHA_Senator Gerard P. Craughwell - speech from 11 Jun .wav,_w-dMtcgCHA,1,30,60,gerard p. craughwell,Fine Gael,,Salthill,Galway,Connacht,_w-dMtcgCHA_Senator Gerard P. Craughwell - speech from 11 Jun .wav,parliament,,0.30-1.00,DAIL,/Users/cianan/Documents/College/GitHub/FYP/Data/DailData/roi_audio_processed/_w-dMtcgCHA_Senator Gerard P. Craughwell - speech from 11 Jun .wav
/Users/cianan/Documents/College/GitHub/FYP/Data/DailData/roi_audio_processed/8enFwPg9HR4_Senator Gerard P. Craughwell - speech from 10 Jul .wav,8enFwPg9HR4,1,30,60,gerard p. craughwell,Fine Gael,,Salthill,Galway,Connacht,8enFwPg9HR4_Senator Gerard P. Craughwell - speech from 10 Jul .wav,parliament,,0.30-1.00,DAIL,/Users/cianan/Documents/College/GitHub/FYP/Data/DailData/roi_audio_processed/8enFwPg9HR4_Senator Gerard P. Craughwell - speech from 10 Jul .wav
/Users/cianan/Documents/College/GitHub/FYP/Data/DailData/roi_audio_processed/wE2BtycZEW4_Senator Gerard P. Craughwell - speech from 18 Jun .wav,wE2BtycZEW4,1,30,60,gerard p. craughwell,Fine Gael,,Salthill,Galway,Connacht,wE2BtycZEW4_Senator Gerard P. Craughwell - speech from 18 Jun .wav,parliament,,0.30-1.00,DAIL,/Users/cianan/Documents/College/GitHub/FYP/Data/DailData/roi_audio_processed/wE2BtycZEW4_Senator Gerard P. Craughwell - speech from 18 Jun .wav
/Users/cianan/Documents/College/GitHub/FYP/Data/DailData/roi_audio_processed/TcftkX36UpQ_Senator Gerard P. Craughwell - speech from 19 Jun .wav,TcftkX36UpQ,1,30,60,gerard p. craughwell,Fine Gael,,Salthill,Galway,Connacht,TcftkX36UpQ_Senator Gerard P. Craughwell - speech from 19 Jun .wav,parliament,,0.30-1.00,DAIL,/Users/cianan/Documents/College/GitHub/FYP/Data/DailData/roi_audio_processed/TcftkX36UpQ_Senator Gerard P. Craughwell - speech from 19 Jun .wav
/Users/cianan/Documents/College/GitHub/FYP/Data/DailData/roi_audio_processed/3quFCAUhvxk_Senator Gerard P. Craughwell - speech from 8 Oct 2.wav,3quFCAUhvxk,1,30,60,gerard p. craughwell,Fine Gael,,Salthill,Galway,Connacht,3quFCAUhvxk_Senator Gerard P. Craughwell - speech from 8 Oct 2.wav,parliament,,0.30-1.00,DAIL,/Users/cianan/Documents/College/GitHub/FYP/Data/DailData/roi_audio_processed/3quFCAUhvxk_Senator Gerard P. Craughwell - speech from 8 Oct 2.wav
/Users/cianan/Documents/College/GitHub/FYP/Data/DailData/roi_audio_processed/KcAoATgS8f4_Senator Gerard P. Craughwell - speech from 11 Jun .wav,KcAoATgS8f4,1,30,60,gerard p. craughwell,Fine Gael,,Salthill,Galway,Connacht,KcAoATgS8f4_Senator Gerard P. Craughwell - speech from 11 Jun .wav,parliament,,0.30-1.00,DAIL,/Users/cianan/Documents/College/GitHub/FYP/Data/DailData/roi_audio_processed/KcAoATgS8f4_Senator Gerard P. Craughwell - speech from 11 Jun .wav
/Users/cianan/Documents/College/GitHub/FYP/Data/DailData/roi_audio_processed/BN7NtaBUeS4_Senator Gerard P. Craughwell - speech from 11 Jun .wav,BN7NtaBUeS4,1,30,60,gerard p. craughwell,Fine Gael,,Salthill,Galway,Connacht,BN7NtaBUeS4_Senator Gerard P. Craughwell - speech from 11 Jun .wav,parliament,,0.30-1.00,DAIL,/Users/cianan/Documents/College/GitHub/FYP/Data/DailData/roi_audio_processed/BN7NtaBUeS4_Senator Gerard P. Craughwell - speech from 11 Jun .wav
/Users/cianan/Documents/College/GitHub/FYP/Data/DailData/roi_audio_processed/E4TuD_mewKU_Senator Gerard P. Craughwell - speech from 11 Jul .wav,E4TuD_mewKU,1,30,60,gerard p. craughwell,Fine Gael,,Salthill,Galway,Connacht,E4TuD_mewKU_Senator Gerard P. Craughwell - speech from 11 Jul .wav,parliament,,0.30-1.00,DAIL,/Users/cianan/Documents/College/GitHub/FYP/Data/DailData/roi_audio_processed/E4TuD_mewKU_Senator Gerard P. Craughwell - speech from 11 Jul .wav
/Users/cianan/Documents/College/GitHub/FYP/Data/DailData/roi_audio_processed/-0tFaqS-cJ4_Senator Gerard P. Craughwell - speech from 24 Sep .wav,-0tFaqS-cJ4,1,30,60,gerard p. craughwell,Fine Gael,,Salthill,Galway,Connacht,-0tFaqS-cJ4_Senator Gerard P. Craughwell - speech from 24 Sep .wav,parliament,,0.30-1.00,DAIL,/Users/cianan/Documents/College/GitHub/FYP/Data/DailData/roi_audio_processed/-0tFaqS-cJ4_Senator Gerard P. Craughwell - speech from 24 Sep .wav
/Users/cianan/Documents/College/GitHub/FYP/Data/DailData/roi_audio_processed/pHqp3uXLFCs_Senator Gerard P. Craughwell - speech from 26 Sep .wav,pHqp3uXLFCs,1,30,60,gerard p. craughwell,Fine Gael,,Salthill,Galway,Connacht,pHqp3uXLFCs_Senator Gerard P. Craughwell - speech from 26 Sep .wav,parliament,,0.30-1.00,DAIL,/Users/cianan/Documents/College/GitHub/FYP/Data/DailData/roi_audio_processed/pHqp3uXLFCs_Senator Gerard P. Craughwell - speech from 26 Sep .wav
/Users/cianan/Documents/College/GitHub/FYP/Data/DailData/roi_audio_processed/7Uw7L6TRH7M_Senator Gerard P. Craughwell - speech from 4 Jul 2.wav,7Uw7L6TRH7M,1,30,60,gerard p. craughwell,Fine Gael,,Salthill,Galway,Connacht,7Uw7L6TRH7M_Senator Gerard P. Craughwell - speech from 4 Jul 2.wav,parliament,,0.30-1.00,DAIL,/Users/cianan/Documents/College/GitHub/FYP/Data/DailData/roi_audio_processed/7Uw7L6TRH7M_Senator Gerard P. Craughwell - speech from 4 Jul 2.wav
/Users/cianan/Documents/College/GitHub/FYP/Data/DailData/roi_audio_processed/iAaIIm_b5AY_Senator Gerard P. Craughwell - speech from 16 Oct .wav,iAaIIm_b5AY,1,30,60,gerard p. craughwell,Fine Gael,,Salthill,Galway,Connacht,iAaIIm_b5AY_Senator Gerard P. Craughwell - speech from 16 Oct .wav,parliament,,0.30-1.00,DAIL,/Users/cianan/Documents/College/GitHub/FYP/Data/DailData/roi_audio_processed/iAaIIm_b5AY_Senator Gerard P. Craughwell - speech from 16 Oct .wav
/Users/cianan/Documents/College/GitHub/FYP/Data/DailData/roi_audio_processed/uZRHvL_Z9JE_Senator Gerard P. Craughwell - speech from 10 Jul .wav,uZRHvL_Z9JE,1,30,60,gerard p. craughwell,Fine Gael,,Salthill,Galway,Connacht,uZRHvL_Z9JE_Senator Gerard P. Craughwell - speech from 10 Jul .wav,parliament,,0.30-1.00,DAIL,/Users/cianan/Documents/College/GitHub/FYP/Data/DailData/roi_audio_processed/uZRHvL_Z9JE_Senator Gerard P. Craughwell - speech from 10 Jul .wav
/Users/cianan/Documents/College/GitHub/FYP/Data/DailData/roi_audio_processed/EdH_bz0VQpc_Senator Gerard P. Craughwell - speech from 11 Jun .wav,EdH_bz0VQpc,1,30,60,gerard p. craughwell,Fine Gael,,Salthill,Galway,Connacht,EdH_bz0VQpc_Senator Gerard P. Craughwell - speech from 11 Jun .wav,parliament,,0.30-1.00,DAIL,/Users/cianan/Documents/College/GitHub/FYP/Data/DailData/roi_audio_processed/EdH_bz0VQpc_Senator Gerard P. Craughwell - speech from 11 Jun .wav
/Users/cianan/Documents/College/GitHub/FYP/Data/DailData/roi_audio_processed/e3ldx7nqJsM_Senator Gerard P. Craughwell - speech from 28 May .wav,e3ldx7nqJsM,1,30,60,gerard p. craughwell,Fine Gael,,Salthill,Galway,Connacht,e3ldx7nqJsM_Senator Gerard P. Craughwell - speech from 28 May .wav,parliament,,0.30-1.00,DAIL,/Users/cianan/Documents/College/GitHub/FYP/Data/DailData/roi_audio_processed/e3ldx7nqJsM_Senator Gerard P. Craughwell - speech from 28 May .wav
/Users/cianan/Documents/College/GitHub/FYP/Data/DailData/roi_audio_processed/kBtWyayXgXM_Senator Gerard P. Craughwell - speech from 28 May .wav,kBtWyayXgXM,1,30,60,gerard p. craughwell,Fine Gael,,Salthill,Galway,Connacht,kBtWyayXgXM_Senator Gerard P. Craughwell - speech from 28 May .wav,parliament,,0.30-1.00,DAIL,/Users/cianan/Documents/College/GitHub/FYP/Data/DailData/roi_audio_processed/kBtWyayXgXM_Senator Gerard P. Craughwell - speech from 28 May .wav
/Users/cianan/Documents/College/GitHub/FYP/Data/DailData/roi_audio_processed/9hUWLCVSFoo_Senator Gerard P. Craughwell - Order of Business -.wav,9hUWLCVSFoo,1,30,60,gerard p. craughwell,Fine Gael,,Salthill,Galway,Connacht,9hUWLCVSFoo_Senator Gerard P. Craughwell - Order of Business -.wav,parliament,,0.30-1.00,DAIL,/Users/cianan/Documents/College/GitHub/FYP/Data/DailData/roi_audio_processed/9hUWLCVSFoo_Senator Gerard P. Craughwell - Order of Business -.wav
/Users/cianan/Documents/College/GitHub/FYP/Data/DailData/roi_audio_processed/3L7XEol-h80_Senator Gerard P. Craughwell - speech from 28 May .wav,3L7XEol-h80,1,30,60,gerard p. craughwell,Fine Gael,,Salthill,Galway,Connacht,3L7XEol-h80_Senator Gerard P. Craughwell - speech from 28 May .wav,parliament,,0.30-1.00,DAIL,/Users/cianan/Documents/College/GitHub/FYP/Data/DailData/roi_audio_processed/3L7XEol-h80_Senator Gerard P. Craughwell - speech from 28 May .wav
/Users/cianan/Documents/College/GitHub/FYP/Data/DailData/roi_audio_processed/kzTkxOMxj-w_Senator Gerard P. Craughwell - speech from 5 Nov 2.wav,kzTkxOMxj-w,1,30,60,gerard p. craughwell,Fine Gael,,Salthill,Galway,Connacht,kzTkxOMxj-w_Senator Gerard P. Craughwell - speech from 5 Nov 2.wav,parliament,,0.30-1.00,DAIL,/Users/cianan/Documents/College/GitHub/FYP/Data/DailData/roi_audio_processed/kzTkxOMxj-w_Senator Gerard P. Craughwell - speech from 5 Nov 2.wav
/Users/cianan/Documents/College/GitHub/FYP/Data/DailData/roi_audio_processed/atRzho6uzGM_Senator Gerard P. Craughwell - speech from 29 May .wav,atRzho6uzGM,1,30,60,gerard p. craughwell,Fine Gael,,Salthill,Galway,Connacht,atRzho6uzGM_Senator Gerard P. Craughwell - speech from 29 May .wav,parliament,,0.30-1.00,DAIL,/Users/cianan/Documents/College/GitHub/FYP/Data/DailData/roi_audio_processed/atRzho6uzGM_Senator Gerard P. Craughwell - speech from 29 May .wav
/Users/cianan/Documents/College/GitHub/FYP/Data/DailData/roi_audio_processed/YUrAr57IZzM_Senator Gerard P. Craughwell - speech from 15 May .wav,YUrAr57IZzM,1,30,60,gerard p. craughwell,Fine Gael,,Salthill,Galway,Connacht,YUrAr57IZzM_Senator Gerard P. Craughwell - speech from 15 May .wav,parliament,,0.30-1.00,DAIL,/Users/cianan/Documents/College/GitHub/FYP/Data/DailData/roi_audio_processed/YUrAr57IZzM_Senator Gerard P. Craughwell - speech from 15 May .wav
/Users/cianan/Documents/College/GitHub/FYP/Data/DailData/roi_audio_processed/CKzLklTf6Tg_Senator Gerard P. Craughwell - speech from 10 Jul .wav,CKzLklTf6Tg,1,30,60,gerard p. craughwell,Fine Gael,,Salthill,Galway,Connacht,CKzLklTf6Tg_Senator Gerard P. Craughwell - speech from 10 Jul .wav,parliament,,0.30-1.00,DAIL,/Users/cianan/Documents/College/GitHub/FYP/Data/DailData/roi_audio_processed/CKzLklTf6Tg_Senator Gerard P. Craughwell - speech from 10 Jul .wav
/Users/cianan/Documents/College/GitHub/FYP/Data/DailData/roi_audio_processed/ztM3_LxaQ_8_Senator Gerard P. Craughwell - speech from 28 May .wav,ztM3_LxaQ_8,1,30,60,gerard p. craughwell,Fine Gael,,Salthill,Galway,Connacht,ztM3_LxaQ_8_Senator Gerard P. Craughwell - speech from 28 May .wav,parliament,,0.30-1.00,DAIL,/Users/cianan/Documents/College/GitHub/FYP/Data/DailData/roi_audio_processed/ztM3_LxaQ_8_Senator Gerard P. Craughwell - speech from 28 May .wav
/Users/cianan/Documents/College/GitHub/FYP/Data/DailData/roi_audio_processed/h0OHdqDLXPY_Senator Gerard P. Craughwell - speech from 26 Jun .wav,h0OHdqDLXPY,1,30,60,gerard p. craughwell,Fine Gael,,Salthill,Galway,Connacht,h0OHdqDLXPY_Senator Gerard P. Craughwell - speech from 26 Jun .wav,parliament,,0.30-1.00,DAIL,/Users/cianan/Documents/College/GitHub/FYP/Data/DailData/roi_audio_processed/h0OHdqDLXPY_Senator Gerard P. Craughwell - speech from 26 Jun .wav
/Users/cianan/Documents/College/GitHub/FYP/Data/DailData/roi_audio_processed/ETN5AdnNJ4o_Senator Gerard P. Craughwell - speech from 13 Jun .wav,ETN5AdnNJ4o,1,30,60,gerard p. craughwell,Fine Gael,,Salthill,Galway,Connacht,ETN5AdnNJ4o_Senator Gerard P. Craughwell - speech from 13 Jun .wav,parliament,,0.30-1.00,DAIL,/Users/cianan/Documents/College/GitHub/FYP/Data/DailData/roi_audio_processed/ETN5AdnNJ4o_Senator Gerard P. Craughwell - speech from 13 Jun .wav
/Users/cianan/Documents/College/GitHub/FYP/Data/DailData/roi_audio_processed/e5q6FfuVpNo_Senator Gerard P. Craughwell - speech from 13 Jun .wav,e5q6FfuVpNo,1,30,60,gerard p. craughwell,Fine Gael,,Salthill,Galway,Connacht,e5q6FfuVpNo_Senator Gerard P. Craughwell - speech from 13 Jun .wav,parliament,,0.30-1.00,DAIL,/Users/cianan/Documents/College/GitHub/FYP/Data/DailData/roi_audio_processed/e5q6FfuVpNo_Senator Gerard P. Craughwell - speech from 13 Jun .wav
/Users/cianan/Documents/College/GitHub/FYP/Data/DailData/roi_audio_processed/iErKiGxqwpI_Senator Gerard P. Craughwell - speech from 26 Jun .wav,iErKiGxqwpI,1,30,60,gerard p. craughwell,Fine Gael,,Salthill,Galway,Connacht,iErKiGxqwpI_Senator Gerard P. Craughwell - speech from 26 Jun .wav,parliament,,0.30-1.00,DAIL,/Users/cianan/Documents/College/GitHub/FYP/Data/DailData/roi_audio_processed/iErKiGxqwpI_Senator Gerard P. Craughwell - speech from 26 Jun .wav
/Users/cianan/Documents/College/GitHub/FYP/Data/DailData/roi_audio_processed/0FniqhnHgBc_Senator Gerard P. Craughwell - speech from 3 Oct 2.wav,0FniqhnHgBc,1,30,60,gerard p. craughwell,Fine Gael,,Salthill,Galway,Connacht,0FniqhnHgBc_Senator Gerard P. Craughwell - speech from 3 Oct 2.wav,parliament,,0.30-1.00,DAIL,/Users/cianan/Documents/College/GitHub/FYP/Data/DailData/roi_audio_processed/0FniqhnHgBc_Senator Gerard P. Craughwell - speech from 3 Oct 2.wav
/Users/cianan/Documents/College/GitHub/FYP/Data/DailData/roi_audio_processed/FsUSML1mdXk_Senator Gerard P. Craughwell - speech from 9 Jul 2.wav,FsUSML1mdXk,1,30,60,gerard p. craughwell,Fine Gael,,Salthill,Galway,Connacht,FsUSML1mdXk_Senator Gerard P. Craughwell - speech from 9 Jul 2.wav,parliament,,0.30-1.00,DAIL,/Users/cianan/Documents/College/GitHub/FYP/Data/DailData/roi_audio_processed/FsUSML1mdXk_Senator Gerard P. Craughwell - speech from 9 Jul 2.wav
/Users/cianan/Documents/College/GitHub/FYP/Data/DailData/roi_audio_processed/_vYOJdLm11M_Senator Gerard P. Craughwell - speech from 3 Jul 2.wav,_vYOJdLm11M,1,30,60,gerard p. craughwell,Fine Gael,,Salthill,Galway,Connacht,_vYOJdLm11M_Senator Gerard P. Craughwell - speech from 3 Jul 2.wav,parliament,,0.30-1.00,DAIL,/Users/cianan/Documents/College/GitHub/FYP/Data/DailData/roi_audio_processed/_vYOJdLm11M_Senator Gerard P. Craughwell - speech from 3 Jul 2.wav
/Users/cianan/Documents/College/GitHub/FYP/Data/DailData/roi_audio_processed/AbmDSVc6_wE_Senator Gerard P. Craughwell - speech from 24 Sep .wav,AbmDSVc6_wE,1,30,60,gerard p. craughwell,Fine Gael,,Salthill,Galway,Connacht,AbmDSVc6_wE_Senator Gerard P. Craughwell - speech from 24 Sep .wav,parliament,,0.30-1.00,DAIL,/Users/cianan/Documents/College/GitHub/FYP/Data/DailData/roi_audio_processed/AbmDSVc6_wE_Senator Gerard P. Craughwell - speech from 24 Sep .wav
/Users/cianan/Documents/College/GitHub/FYP/Data/DailData/roi_audio_processed/SXCEDynxSwo_Senator Gerard P. Craughwell - speech from 11 Jun .wav,SXCEDynxSwo,1,30,60,gerard p. craughwell,Fine Gael,,Salthill,Galway,Connacht,SXCEDynxSwo_Senator Gerard P. Craughwell - speech from 11 Jun .wav,parliament,,0.30-1.00,DAIL,/Users/cianan/Documents/College/GitHub/FYP/Data/DailData/roi_audio_processed/SXCEDynxSwo_Senator Gerard P. Craughwell - speech from 11 Jun .wav
/Users/cianan/Documents/College/GitHub/FYP/Data/DailData/roi_audio_processed/fIclmkXllzA_Senator Gerard P. Craughwell - Order of Business -.wav,fIclmkXllzA,1,30,60,gerard p. craughwell,Fine Gael,,Salthill,Galway,Connacht,fIclmkXllzA_Senator Gerard P. Craughwell - Order of Business -.wav,parliament,,0.30-1.00,DAIL,/Users/cianan/Documents/College/GitHub/FYP/Data/DailData/roi_audio_processed/fIclmkXllzA_Senator Gerard P. Craughwell - Order of Business -.wav
/Users/cianan/Documents/College/GitHub/FYP/Data/DailData/roi_audio_processed/G9IhFeBwSF8_Senator Gerard P. Craughwell - speech from 9 Jul 2.wav,G9IhFeBwSF8,1,30,60,gerard p. craughwell,Fine Gael,,Salthill,Galway,Connacht,G9IhFeBwSF8_Senator Gerard P. Craughwell - speech from 9 Jul 2.wav,parliament,,0.30-1.00,DAIL,/Users/cianan/Documents/College/GitHub/FYP/Data/DailData/roi_audio_processed/G9IhFeBwSF8_Senator Gerard P. Craughwell - speech from 9 Jul 2.wav
/Users/cianan/Documents/College/GitHub/FYP/Data/DailData/roi_audio_processed/cS4PChfmjM4_Senator Gerard P. Craughwell - speech from 26 Jun .wav,cS4PChfmjM4,1,30,60,gerard p. craughwell,Fine Gael,,Salthill,Galway,Connacht,cS4PChfmjM4_Senator Gerard P. Craughwell - speech from 26 Jun .wav,parliament,,0.30-1.00,DAIL,/Users/cianan/Documents/College/GitHub/FYP/Data/DailData/roi_audio_processed/cS4PChfmjM4_Senator Gerard P. Craughwell - speech from 26 Jun .wav
/Users/cianan/Documents/College/GitHub/FYP/Data/DailData/roi_audio_processed/TEOKDDfnivs_Senator Gerard P. Craughwell - speech from 9 Oct 2.wav,TEOKDDfnivs,1,30,60,gerard p. craughwell,Fine Gael,,Salthill,Galway,Connacht,TEOKDDfnivs_Senator Gerard P. Craughwell - speech from 9 Oct 2.wav,parliament,,0.30-1.00,DAIL,/Users/cianan/Documents/College/GitHub/FYP/Data/DailData/roi_audio_processed/TEOKDDfnivs_Senator Gerard P. Craughwell - speech from 9 Oct 2.wav
/Users/cianan/Documents/College/GitHub/FYP/Data/DailData/roi_audio_processed/K74AKv8JA0c_Senator Gerard P. Craughwell - speech from 26 Sep .wav,K74AKv8JA0c,1,30,60,gerard p. craughwell,Fine Gael,,Salthill,Galway,Connacht,K74AKv8JA0c_Senator Gerard P. Craughwell - speech from 26 Sep .wav,parliament,,0.30-1.00,DAIL,/Users/cianan/Documents/College/GitHub/FYP/Data/DailData/roi_audio_processed/K74AKv8JA0c_Senator Gerard P. Craughwell - speech from 26 Sep .wav
/Users/cianan/Documents/College/GitHub/FYP/Data/DailData/roi_audio_processed/ZEzoNkjVMBs_Senator Gerard P. Craughwell - speech from 10 Jul .wav,ZEzoNkjVMBs,1,30,60,gerard p. craughwell,Fine Gael,,Salthill,Galway,Connacht,ZEzoNkjVMBs_Senator Gerard P. Craughwell - speech from 10 Jul .wav,parliament,,0.30-1.00,DAIL,/Users/cianan/Documents/College/GitHub/FYP/Data/DailData/roi_audio_processed/ZEzoNkjVMBs_Senator Gerard P. Craughwell - speech from 10 Jul .wav
/Users/cianan/Documents/College/GitHub/FYP/Data/DailData/roi_audio_processed/X-wZ8c69Vaw_Senator Gerard P. Craughwell - speech from 22 May .wav,X-wZ8c69Vaw,1,30,60,gerard p. craughwell,Fine Gael,,Salthill,Galway,Connacht,X-wZ8c69Vaw_Senator Gerard P. Craughwell - speech from 22 May .wav,parliament,,0.30-1.00,DAIL,/Users/cianan/Documents/College/GitHub/FYP/Data/DailData/roi_audio_processed/X-wZ8c69Vaw_Senator Gerard P. Craughwell - speech from 22 May .wav
/Users/cianan/Documents/College/GitHub/FYP/Data/DailData/roi_audio_processed/5k9zZI9Ful8_Senator Gerard P. Craughwell - speech from 15 Oct .wav,5k9zZI9Ful8,1,30,60,gerard p. craughwell,Fine Gael,,Salthill,Galway,Connacht,5k9zZI9Ful8_Senator Gerard P. Craughwell - speech from 15 Oct .wav,parliament,,0.30-1.00,DAIL,/Users/cianan/Documents/College/GitHub/FYP/Data/DailData/roi_audio_processed/5k9zZI9Ful8_Senator Gerard P. Craughwell - speech from 15 Oct .wav
/Users/cianan/Documents/College/GitHub/FYP/Data/DailData/roi_audio_processed/n-7BbZK-PUo_Senator Gerard P. Craughwell - speech from 19 Jun .wav,n-7BbZK-PUo,1,30,60,gerard p. craughwell,Fine Gael,,Salthill,Galway,Connacht,n-7BbZK-PUo_Senator Gerard P. Craughwell - speech from 19 Jun .wav,parliament,,0.30-1.00,DAIL,/Users/cianan/Documents/College/GitHub/FYP/Data/DailData/roi_audio_processed/n-7BbZK-PUo_Senator Gerard P. Craughwell - speech from 19 Jun .wav
/Users/cianan/Documents/College/GitHub/FYP/Data/DailData/roi_audio_processed/DxB90g9LLK8_Senator Gerard P. Craughwell - speech from 10 Jul .wav,DxB90g9LLK8,1,30,60,gerard p. craughwell,Fine Gael,,Salthill,Galway,Connacht,DxB90g9LLK8_Senator Gerard P. Craughwell - speech from 10 Jul .wav,parliament,,0.30-1.00,DAIL,/Users/cianan/Documents/College/GitHub/FYP/Data/DailData/roi_audio_processed/DxB90g9LLK8_Senator Gerard P. Craughwell - speech from 10 Jul .wav
/Users/cianan/Documents/College/GitHub/FYP/Data/DailData/roi_audio_processed/5GLfBY_SizU_Senator Gerard P. Craughwell - speech from 26 Jun .wav,5GLfBY_SizU,1,30,60,gerard p. craughwell,Fine Gael,,Salthill,Galway,Connacht,5GLfBY_SizU_Senator Gerard P. Craughwell - speech from 26 Jun .wav,parliament,,0.30-1.00,DAIL,/Users/cianan/Documents/College/GitHub/FYP/Data/DailData/roi_audio_processed/5GLfBY_SizU_Senator Gerard P. Craughwell - speech from 26 Jun .wav
/Users/cianan/Documents/College/GitHub/FYP/Data/DailData/roi_audio_processed/6XGiSJucyBY_Senator Gerard P. Craughwell - speech from 10 Oct .wav,6XGiSJucyBY,1,30,60,gerard p. craughwell,Fine Gael,,Salthill,Galway,Connacht,6XGiSJucyBY_Senator Gerard P. Craughwell - speech from 10 Oct .wav,parliament,,0.30-1.00,DAIL,/Users/cianan/Documents/College/GitHub/FYP/Data/DailData/roi_audio_processed/6XGiSJucyBY_Senator Gerard P. Craughwell - speech from 10 Oct .wav
/Users/cianan/Documents/College/GitHub/FYP/Data/DailData/roi_audio_processed/scSzO9rzEF0_Senator Gerard P. Craughwell - speech from 2 Oct 2.wav,scSzO9rzEF0,1,30,60,gerard p. craughwell,Fine Gael,,Salthill,Galway,Connacht,scSzO9rzEF0_Senator Gerard P. Craughwell - speech from 2 Oct 2.wav,parliament,,0.30-1.00,DAIL,/Users/cianan/Documents/College/GitHub/FYP/Data/DailData/roi_audio_processed/scSzO9rzEF0_Senator Gerard P. Craughwell - speech from 2 Oct 2.wav
/Users/cianan/Documents/College/GitHub/FYP/Data/DailData/roi_audio_processed/20GeP6Gv6xQ_Senator Gerard P. Craughwell - speech from 16 May .wav,20GeP6Gv6xQ,1,30,60,gerard p. craughwell,Fine Gael,,Salthill,Galway,Connacht,20GeP6Gv6xQ_Senator Gerard P. Craughwell - speech from 16 May .wav,parliament,,0.30-1.00,DAIL,/Users/cianan/Documents/College/GitHub/FYP/Data/DailData/roi_audio_processed/20GeP6Gv6xQ_Senator Gerard P. Craughwell - speech from 16 May .wav
/Users/cianan/Documents/College/GitHub/FYP/Data/DailData/roi_audio_processed/sPBLoxKekfQ_Senator Gerard P. Craughwell - speech from 11 Jun .wav,sPBLoxKekfQ,1,30,60,gerard p. craughwell,Fine Gael,,Salthill,Galway,Connacht,sPBLoxKekfQ_Senator Gerard P. Craughwell - speech from 11 Jun .wav,parliament,,0.30-1.00,DAIL,/Users/cianan/Documents/College/GitHub/FYP/Data/DailData/roi_audio_processed/sPBLoxKekfQ_Senator Gerard P. Craughwell - speech from 11 Jun .wav
/Users/cianan/Documents/College/GitHub/FYP/Data/DailData/roi_audio_processed/4LZmAF6pDfQ_Senator Gerard P. Craughwell - speech from 21 May .wav,4LZmAF6pDfQ,1,30,60,gerard p. craughwell,Fine Gael,,Salthill,Galway,Connacht,4LZmAF6pDfQ_Senator Gerard P. Craughwell - speech from 21 May .wav,parliament,,0.30-1.00,DAIL,/Users/cianan/Documents/College/GitHub/FYP/Data/DailData/roi_audio_processed/4LZmAF6pDfQ_Senator Gerard P. Craughwell - speech from 21 May .wav
/Users/cianan/Documents/College/GitHub/FYP/Data/DailData/roi_audio_processed/OX3Kq4AKhYA_Senator Gerard P. Craughwell - speech from 10 Jul .wav,OX3Kq4AKhYA,1,30,60,gerard p. craughwell,Fine Gael,,Salthill,Galway,Connacht,OX3Kq4AKhYA_Senator Gerard P. Craughwell - speech from 10 Jul .wav,parliament,,0.30-1.00,DAIL,/Users/cianan/Documents/College/GitHub/FYP/Data/DailData/roi_audio_processed/OX3Kq4AKhYA_Senator Gerard P. Craughwell - speech from 10 Jul .wav
/Users/cianan/Documents/College/GitHub/FYP/Data/DailData/roi_audio_processed/92Vy6ISLSHo_Senator Gerard P. Craughwell - speech from 3 Jul 2.wav,92Vy6ISLSHo,1,30,60,gerard p. craughwell,Fine Gael,,Salthill,Galway,Connacht,92Vy6ISLSHo_Senator Gerard P. Craughwell - speech from 3 Jul 2.wav,parliament,,0.30-1.00,DAIL,/Users/cianan/Documents/College/GitHub/FYP/Data/DailData/roi_audio_processed/92Vy6ISLSHo_Senator Gerard P. Craughwell - speech from 3 Jul 2.wav
/Users/cianan/Documents/College/GitHub/FYP/Data/DailData/roi_audio_processed/Gu0Qras11PE_Senator Gerard P. Craughwell - speech from 23 Oct .wav,Gu0Qras11PE,1,30,60,gerard p. craughwell,Fine Gael,,Salthill,Galway,Connacht,Gu0Qras11PE_Senator Gerard P. Craughwell - speech from 23 Oct .wav,parliament,,0.30-1.00,DAIL,/Users/cianan/Documents/College/GitHub/FYP/Data/DailData/roi_audio_processed/Gu0Qras11PE_Senator Gerard P. Craughwell - speech from 23 Oct .wav
/Users/cianan/Documents/College/GitHub/FYP/Data/DailData/roi_audio_processed/Cm6xJxsZBKo_Senator Gerard P. Craughwell - speech from 15 May .wav,Cm6xJxsZBKo,1,30,60,gerard p. craughwell,Fine Gael,,Salthill,Galway,Connacht,Cm6xJxsZBKo_Senator Gerard P. Craughwell - speech from 15 May .wav,parliament,,0.30-1.00,DAIL,/Users/cianan/Documents/College/GitHub/FYP/Data/DailData/roi_audio_processed/Cm6xJxsZBKo_Senator Gerard P. Craughwell - speech from 15 May .wav
/Users/cianan/Documents/College/GitHub/FYP/Data/DailData/roi_audio_processed/VXwnZ87lJU8_Senator Gerard P. Craughwell - speech from 11 Jul .wav,VXwnZ87lJU8,1,30,60,gerard p. craughwell,Fine Gael,,Salthill,Galway,Connacht,VXwnZ87lJU8_Senator Gerard P. Craughwell - speech from 11 Jul .wav,parliament,,0.30-1.00,DAIL,/Users/cianan/Documents/College/GitHub/FYP/Data/DailData/roi_audio_processed/VXwnZ87lJU8_Senator Gerard P. Craughwell - speech from 11 Jul .wav
/Users/cianan/Documents/College/GitHub/FYP/Data/DailData/roi_audio_processed/WqHXAjJPwiU_Senator Gerard P. Craughwell - speech from 18 Jun .wav,WqHXAjJPwiU,1,30,60,gerard p. craughwell,Fine Gael,,Salthill,Galway,Connacht,WqHXAjJPwiU_Senator Gerard P. Craughwell - speech from 18 Jun .wav,parliament,,0.30-1.00,DAIL,/Users/cianan/Documents/College/GitHub/FYP/Data/DailData/roi_audio_processed/WqHXAjJPwiU_Senator Gerard P. Craughwell - speech from 18 Jun .wav
/Users/cianan/Documents/College/GitHub/FYP/Data/DailData/roi_audio_processed/fKOEsscB1uU_Senator Gerard P. Craughwell - speech from 11 Jul .wav,fKOEsscB1uU,1,30,60,gerard p. craughwell,Fine Gael,,Salthill,Galway,Connacht,fKOEsscB1uU_Senator Gerard P. Craughwell - speech from 11 Jul .wav,parliament,,0.30-1.00,DAIL,/Users/cianan/Documents/College/GitHub/FYP/Data/DailData/roi_audio_processed/fKOEsscB1uU_Senator Gerard P. Craughwell - speech from 11 Jul .wav
/Users/cianan/Documents/College/GitHub/FYP/Data/DailData/roi_audio_processed/5iilJMtz5L0_Deputy Gerry Adams - Topical Issues - 19 Jun 2019.wav,5iilJMtz5L0,1,30,60,gerry adams,Sinn Fein,Louth,Belfast,Antrim,Ulster,5iilJMtz5L0_Deputy Gerry Adams - Topical Issues - 19 Jun 2019.wav,parliament,,0.30-1.00,DAIL,/Users/cianan/Documents/College/GitHub/FYP/Data/DailData/roi_audio_processed/5iilJMtz5L0_Deputy Gerry Adams - Topical Issues - 19 Jun 2019.wav
/Users/cianan/Documents/College/GitHub/FYP/Data/DailData/roi_audio_processed/gRkdIAyO0uE_Deputy Gerry Adams - Questions on Promised Legisla.wav,gRkdIAyO0uE,1,30,60,gerry adams,Sinn Fein,Louth,Belfast,Antrim,Ulster,gRkdIAyO0uE_Deputy Gerry Adams - Questions on Promised Legisla.wav,parliament,,0.30-1.00,DAIL,/Users/cianan/Documents/College/GitHub/FYP/Data/DailData/roi_audio_processed/gRkdIAyO0uE_Deputy Gerry Adams - Questions on Promised Legisla.wav
/Users/cianan/Documents/College/GitHub/FYP/Data/DailData/roi_audio_processed/shEwd-mgJ7Y_Deputy Gerry Adams - Topical Issues - 27.03.2019.wav,shEwd-mgJ7Y,1,30,60,gerry adams,Sinn Fein,Louth,Belfast,Antrim,Ulster,shEwd-mgJ7Y_Deputy Gerry Adams - Topical Issues - 27.03.2019.wav,parliament,,0.30-1.00,DAIL,/Users/cianan/Documents/College/GitHub/FYP/Data/DailData/roi_audio_processed/shEwd-mgJ7Y_Deputy Gerry Adams - Topical Issues - 27.03.2019.wav
/Users/cianan/Documents/College/GitHub/FYP/Data/DailData/roi_audio_processed/jdJuZnyCflQ_Deputy Gerry Adams - Questions on Promised Legisla.wav,jdJuZnyCflQ,1,30,60,gerry adams,Sinn Fein,Louth,Belfast,Antrim,Ulster,jdJuZnyCflQ_Deputy Gerry Adams - Questions on Promised Legisla.wav,parliament,,0.30-1.00,DAIL,/Users/cianan/Documents/College/GitHub/FYP/Data/DailData/roi_audio_processed/jdJuZnyCflQ_Deputy Gerry Adams - Questions on Promised Legisla.wav
/Users/cianan/Documents/College/GitHub/FYP/Data/DailData/roi_audio_processed/SKd0798uTvk_Gerry Horkan - speech from  10 Apr 2019.wav,SKd0798uTvk,1,30,60,gerry horkan,Fianna Fail,,Dublin City,Dublin City Centre,Leinster,SKd0798uTvk_Gerry Horkan - speech from  10 Apr 2019.wav,parliament,,0.30-1.00,DAIL,/Users/cianan/Documents/College/GitHub/FYP/Data/DailData/roi_audio_processed/SKd0798uTvk_Gerry Horkan - speech from  10 Apr 2019.wav
/Users/cianan/Documents/College/GitHub/FYP/Data/DailData/roi_audio_processed/bQO7tpQWlV4_Senator Gerry Horkan - Private Members’ Business -.wav,bQO7tpQWlV4,1,30,60,gerry horkan,Fianna Fail,,Dublin City,Dublin City Centre,Leinster,bQO7tpQWlV4_Senator Gerry Horkan - Private Members‚Äô Business -.wav,parliament,,0.30-1.00,DAIL,/Users/cianan/Documents/College/GitHub/FYP/Data/DailData/roi_audio_processed/bQO7tpQWlV4_Senator Gerry Horkan - Private Members’ Business -.wav
/Users/cianan/Documents/College/GitHub/FYP/Data/DailData/roi_audio_processed/r9eeUmQOyYU_Gerry Horkan - speech from  17 Apr 2019.wav,r9eeUmQOyYU,1,30,60,gerry horkan,Fianna Fail,,Dublin City,Dublin City Centre,Leinster,r9eeUmQOyYU_Gerry Horkan - speech from  17 Apr 2019.wav,parliament,,0.30-1.00,DAIL,/Users/cianan/Documents/College/GitHub/FYP/Data/DailData/roi_audio_processed/r9eeUmQOyYU_Gerry Horkan - speech from  17 Apr 2019.wav
/Users/cianan/Documents/College/GitHub/FYP/Data/DailData/roi_audio_processed/A307g9WKqic_Senator Gerry Horkan - speech from 11 Jun 2019.wav,A307g9WKqic,1,30,60,gerry horkan,Fianna Fail,,Dublin City,Dublin City Centre,Leinster,A307g9WKqic_Senator Gerry Horkan - speech from 11 Jun 2019.wav,parliament,,0.30-1.00,DAIL,/Users/cianan/Documents/College/GitHub/FYP/Data/DailData/roi_audio_processed/A307g9WKqic_Senator Gerry Horkan - speech from 11 Jun 2019.wav
/Users/cianan/Documents/College/GitHub/FYP/Data/DailData/roi_audio_processed/ZCDrQ5nBPzY_Senator Gerry Horkan - Order of Business - 8 May 2.wav,ZCDrQ5nBPzY,1,30,60,gerry horkan,Fianna Fail,,Dublin City,Dublin City Centre,Leinster,ZCDrQ5nBPzY_Senator Gerry Horkan - Order of Business - 8 May 2.wav,parliament,,0.30-1.00,DAIL,/Users/cianan/Documents/College/GitHub/FYP/Data/DailData/roi_audio_processed/ZCDrQ5nBPzY_Senator Gerry Horkan - Order of Business - 8 May 2.wav
/Users/cianan/Documents/College/GitHub/FYP/Data/DailData/roi_audio_processed/mm9IN1vHRYM_Gerry Horkan - speech from  18 Apr 2019.wav,mm9IN1vHRYM,1,30,60,gerry horkan,Fianna Fail,,Dublin City,Dublin City Centre,Leinster,mm9IN1vHRYM_Gerry Horkan - speech from  18 Apr 2019.wav,parliament,,0.30-1.00,DAIL,/Users/cianan/Documents/College/GitHub/FYP/Data/DailData/roi_audio_processed/mm9IN1vHRYM_Gerry Horkan - speech from  18 Apr 2019.wav
/Users/cianan/Documents/College/GitHub/FYP/Data/DailData/roi_audio_processed/KJUm8BlXUBo_Senator Gerry Horkan - speech from 26 Jun 2019.wav,KJUm8BlXUBo,1,30,60,gerry horkan,Fianna Fail,,Dublin City,Dublin City Centre,Leinster,KJUm8BlXUBo_Senator Gerry Horkan - speech from 26 Jun 2019.wav,parliament,,0.30-1.00,DAIL,/Users/cianan/Documents/College/GitHub/FYP/Data/DailData/roi_audio_processed/KJUm8BlXUBo_Senator Gerry Horkan - speech from 26 Jun 2019.wav
/Users/cianan/Documents/College/GitHub/FYP/Data/DailData/roi_audio_processed/-2PjYSUck-o_Senator Gerry Horkan - speech from 25 Sep 2019.wav,-2PjYSUck-o,1,30,60,gerry horkan,Fianna Fail,,Dublin City,Dublin City Centre,Leinster,-2PjYSUck-o_Senator Gerry Horkan - speech from 25 Sep 2019.wav,parliament,,0.30-1.00,DAIL,/Users/cianan/Documents/College/GitHub/FYP/Data/DailData/roi_audio_processed/-2PjYSUck-o_Senator Gerry Horkan - speech from 25 Sep 2019.wav
/Users/cianan/Documents/College/GitHub/FYP/Data/DailData/roi_audio_processed/hXYjcGaSHxo_Senator Gerry Horkan - speech from  09 Apr 2019.wav,hXYjcGaSHxo,1,30,60,gerry horkan,Fianna Fail,,Dublin City,Dublin City Centre,Leinster,hXYjcGaSHxo_Senator Gerry Horkan - speech from  09 Apr 2019.wav,parliament,,0.30-1.00,DAIL,/Users/cianan/Documents/College/GitHub/FYP/Data/DailData/roi_audio_processed/hXYjcGaSHxo_Senator Gerry Horkan - speech from  09 Apr 2019.wav
/Users/cianan/Documents/College/GitHub/FYP/Data/DailData/roi_audio_processed/keWfL8zLEJU_Senator Gerry Horkan - Order of Business - 15 May .wav,keWfL8zLEJU,1,30,60,gerry horkan,Fianna Fail,,Dublin City,Dublin City Centre,Leinster,keWfL8zLEJU_Senator Gerry Horkan - Order of Business - 15 May .wav,parliament,,0.30-1.00,DAIL,/Users/cianan/Documents/College/GitHub/FYP/Data/DailData/roi_audio_processed/keWfL8zLEJU_Senator Gerry Horkan - Order of Business - 15 May .wav
/Users/cianan/Documents/College/GitHub/FYP/Data/DailData/roi_audio_processed/5CphMvxGD2Q_Senator Gerry Horkan - speech from 16 May 2019.wav,5CphMvxGD2Q,1,30,60,gerry horkan,Fianna Fail,,Dublin City,Dublin City Centre,Leinster,5CphMvxGD2Q_Senator Gerry Horkan - speech from 16 May 2019.wav,parliament,,0.30-1.00,DAIL,/Users/cianan/Documents/College/GitHub/FYP/Data/DailData/roi_audio_processed/5CphMvxGD2Q_Senator Gerry Horkan - speech from 16 May 2019.wav
/Users/cianan/Documents/College/GitHub/FYP/Data/DailData/roi_audio_processed/Mldmiz_gaJo_Deputy Gino Kenny - Questions on Promised Legislat.wav,Mldmiz_gaJo,1,30,60,gino kenny,PBP-Solidarity,Dublin Mid-West,Clondalkin,Dublin West,Leinster,Mldmiz_gaJo_Deputy Gino Kenny - Questions on Promised Legislat.wav,parliament,,0.30-1.00,DAIL,/Users/cianan/Documents/College/GitHub/FYP/Data/DailData/roi_audio_processed/Mldmiz_gaJo_Deputy Gino Kenny - Questions on Promised Legislat.wav
/Users/cianan/Documents/College/GitHub/FYP/Data/DailData/roi_audio_processed/BKMhrhgDS8Y_Deputy Gino Kenny - Other Questions - 28 May 2019.wav,BKMhrhgDS8Y,1,30,60,gino kenny,PBP-Solidarity,Dublin Mid-West,Clondalkin,Dublin West,Leinster,BKMhrhgDS8Y_Deputy Gino Kenny - Other Questions - 28 May 2019.wav,parliament,,0.30-1.00,DAIL,/Users/cianan/Documents/College/GitHub/FYP/Data/DailData/roi_audio_processed/BKMhrhgDS8Y_Deputy Gino Kenny - Other Questions - 28 May 2019.wav
/Users/cianan/Documents/College/GitHub/FYP/Data/DailData/roi_audio_processed/NxUci0bzvIc_Deputy Gino Kenny - Priority Questions - 13.03.201.wav,NxUci0bzvIc,1,30,60,gino kenny,PBP-Solidarity,Dublin Mid-West,Clondalkin,Dublin West,Leinster,NxUci0bzvIc_Deputy Gino Kenny - Priority Questions - 13.03.201.wav,parliament,,0.30-1.00,DAIL,/Users/cianan/Documents/College/GitHub/FYP/Data/DailData/roi_audio_processed/NxUci0bzvIc_Deputy Gino Kenny - Priority Questions - 13.03.201.wav
/Users/cianan/Documents/College/GitHub/FYP/Data/DailData/roi_audio_processed/IA1lS4jNiDc_Deputy Gino Kenny - Government Business - 18.04.20.wav,IA1lS4jNiDc,1,30,60,gino kenny,PBP-Solidarity,Dublin Mid-West,Clondalkin,Dublin West,Leinster,IA1lS4jNiDc_Deputy Gino Kenny - Government Business - 18.04.20.wav,parliament,,0.30-1.00,DAIL,/Users/cianan/Documents/College/GitHub/FYP/Data/DailData/roi_audio_processed/IA1lS4jNiDc_Deputy Gino Kenny - Government Business - 18.04.20.wav
/Users/cianan/Documents/College/GitHub/FYP/Data/DailData/roi_audio_processed/pqdsrIbI_Tc_Deputy Gino Kenny - Private Members’ Business - 07.wav,pqdsrIbI_Tc,1,30,60,gino kenny,PBP-Solidarity,Dublin Mid-West,Clondalkin,Dublin West,Leinster,pqdsrIbI_Tc_Deputy Gino Kenny - Private Members‚Äô Business - 07.wav,parliament,,0.30-1.00,DAIL,/Users/cianan/Documents/College/GitHub/FYP/Data/DailData/roi_audio_processed/pqdsrIbI_Tc_Deputy Gino Kenny - Private Members’ Business - 07.wav
/Users/cianan/Documents/College/GitHub/FYP/Data/DailData/roi_audio_processed/fN75aCHdD3A_Deputy Gino Kenny - Questions on Promised Legislat.wav,fN75aCHdD3A,1,30,60,gino kenny,PBP-Solidarity,Dublin Mid-West,Clondalkin,Dublin West,Leinster,fN75aCHdD3A_Deputy Gino Kenny - Questions on Promised Legislat.wav,parliament,,0.30-1.00,DAIL,/Users/cianan/Documents/College/GitHub/FYP/Data/DailData/roi_audio_processed/fN75aCHdD3A_Deputy Gino Kenny - Questions on Promised Legislat.wav
/Users/cianan/Documents/College/GitHub/FYP/Data/DailData/roi_audio_processed/ZUqtJ2TIiHs_Grace O'Sullivan - speech from  09 Apr 2019.wav,ZUqtJ2TIiHs,1,30,60,grace o'sullivan,Green Party,,Tramore,Waterford,Munster,ZUqtJ2TIiHs_Grace O'Sullivan - speech from  09 Apr 2019.wav,parliament,,0.30-1.00,DAIL,/Users/cianan/Documents/College/GitHub/FYP/Data/DailData/roi_audio_processed/ZUqtJ2TIiHs_Grace O'Sullivan - speech from  09 Apr 2019.wav
/Users/cianan/Documents/College/GitHub/FYP/Data/DailData/roi_audio_processed/MWA2yRTNg28_Grace O'Sullivan - speech from  18 Apr 2019.wav,MWA2yRTNg28,1,30,60,grace o'sullivan,Green Party,,Tramore,Waterford,Munster,MWA2yRTNg28_Grace O'Sullivan - speech from  18 Apr 2019.wav,parliament,,0.30-1.00,DAIL,/Users/cianan/Documents/College/GitHub/FYP/Data/DailData/roi_audio_processed/MWA2yRTNg28_Grace O'Sullivan - speech from  18 Apr 2019.wav
/Users/cianan/Documents/College/GitHub/FYP/Data/DailData/roi_audio_processed/79LWep1rRkk_Grace O'Sullivan - speech from  09 Apr 2019.wav,79LWep1rRkk,1,30,60,grace o'sullivan,Green Party,,Tramore,Waterford,Munster,79LWep1rRkk_Grace O'Sullivan - speech from  09 Apr 2019.wav,parliament,,0.30-1.00,DAIL,/Users/cianan/Documents/College/GitHub/FYP/Data/DailData/roi_audio_processed/79LWep1rRkk_Grace O'Sullivan - speech from  09 Apr 2019.wav
/Users/cianan/Documents/College/GitHub/FYP/Data/DailData/roi_audio_processed/0RSrlVQWSvQ_Deputy Helen McEntee - Government Business - 18 Se.wav,0RSrlVQWSvQ,1,30,60,helen mcentee,Fine Gael,Meath East,Kells,Meath,Leinster,0RSrlVQWSvQ_Deputy Helen McEntee - Government Business - 18 Se.wav,parliament,,0.30-1.00,DAIL,/Users/cianan/Documents/College/GitHub/FYP/Data/DailData/roi_audio_processed/0RSrlVQWSvQ_Deputy Helen McEntee - Government Business - 18 Se.wav
/Users/cianan/Documents/College/GitHub/FYP/Data/DailData/roi_audio_processed/NIhVh5FOqNM_Deputy Helen McEntee - Government Business - 19 Ju.wav,NIhVh5FOqNM,1,30,60,helen mcentee,Fine Gael,Meath East,Kells,Meath,Leinster,NIhVh5FOqNM_Deputy Helen McEntee - Government Business - 19 Ju.wav,parliament,,0.30-1.00,DAIL,/Users/cianan/Documents/College/GitHub/FYP/Data/DailData/roi_audio_processed/NIhVh5FOqNM_Deputy Helen McEntee - Government Business - 19 Ju.wav
/Users/cianan/Documents/College/GitHub/FYP/Data/DailData/roi_audio_processed/v_IjCWhMbVo_Deputy Helen McEntee - Government Business - 17.04.wav,v_IjCWhMbVo,1,30,60,helen mcentee,Fine Gael,Meath East,Kells,Meath,Leinster,v_IjCWhMbVo_Deputy Helen McEntee - Government Business - 17.04.wav,parliament,,0.30-1.00,DAIL,/Users/cianan/Documents/College/GitHub/FYP/Data/DailData/roi_audio_processed/v_IjCWhMbVo_Deputy Helen McEntee - Government Business - 17.04.wav
/Users/cianan/Documents/College/GitHub/FYP/Data/DailData/roi_audio_processed/va3wMdpWTL8_Deputy Helen McEntee - Government Business - 27.03.wav,va3wMdpWTL8,1,30,60,helen mcentee,Fine Gael,Meath East,Kells,Meath,Leinster,va3wMdpWTL8_Deputy Helen McEntee - Government Business - 27.03.wav,parliament,,0.30-1.00,DAIL,/Users/cianan/Documents/College/GitHub/FYP/Data/DailData/roi_audio_processed/va3wMdpWTL8_Deputy Helen McEntee - Government Business - 27.03.wav
/Users/cianan/Documents/College/GitHub/FYP/Data/DailData/roi_audio_processed/AUwtAn9NL74_Deputy Helen McEntee - Government Business - 06.03.wav,AUwtAn9NL74,1,30,60,helen mcentee,Fine Gael,Meath East,Kells,Meath,Leinster,AUwtAn9NL74_Deputy Helen McEntee - Government Business - 06.03.wav,parliament,,0.30-1.00,DAIL,/Users/cianan/Documents/College/GitHub/FYP/Data/DailData/roi_audio_processed/AUwtAn9NL74_Deputy Helen McEntee - Government Business - 06.03.wav
/Users/cianan/Documents/College/GitHub/FYP/Data/DailData/roi_audio_processed/zeu_UN_EPTM_Senator Ian Marshall - speech from 16 May 2019.wav,zeu_UN_EPTM,1,30,60,ian marshall,Ulster Unionist Party,,Markethill,Armagh,Ulster,zeu_UN_EPTM_Senator Ian Marshall - speech from 16 May 2019.wav,parliament,,0.30-1.00,DAIL,/Users/cianan/Documents/College/GitHub/FYP/Data/DailData/roi_audio_processed/zeu_UN_EPTM_Senator Ian Marshall - speech from 16 May 2019.wav
/Users/cianan/Documents/College/GitHub/FYP/Data/DailData/roi_audio_processed/rQEqXUr3oX8_Ian Marshall - speech from  09 Apr 2019.wav,rQEqXUr3oX8,1,30,60,ian marshall,Ulster Unionist Party,,Markethill,Armagh,Ulster,rQEqXUr3oX8_Ian Marshall - speech from  09 Apr 2019.wav,parliament,,0.30-1.00,DAIL,/Users/cianan/Documents/College/GitHub/FYP/Data/DailData/roi_audio_processed/rQEqXUr3oX8_Ian Marshall - speech from  09 Apr 2019.wav
/Users/cianan/Documents/College/GitHub/FYP/Data/DailData/roi_audio_processed/VqckuVqWb6A_Senator Ian Marshall - speech from 1 Oct 2019.wav,VqckuVqWb6A,1,30,60,ian marshall,Ulster Unionist Party,,Markethill,Armagh,Ulster,VqckuVqWb6A_Senator Ian Marshall - speech from 1 Oct 2019.wav,parliament,,0.30-1.00,DAIL,/Users/cianan/Documents/College/GitHub/FYP/Data/DailData/roi_audio_processed/VqckuVqWb6A_Senator Ian Marshall - speech from 1 Oct 2019.wav
/Users/cianan/Documents/College/GitHub/FYP/Data/DailData/roi_audio_processed/fZbffevE5Ak_Senator Ian Marshall - speech from 11 Jun 2019.wav,fZbffevE5Ak,1,30,60,ian marshall,Ulster Unionist Party,,Markethill,Armagh,Ulster,fZbffevE5Ak_Senator Ian Marshall - speech from 11 Jun 2019.wav,parliament,,0.30-1.00,DAIL,/Users/cianan/Documents/College/GitHub/FYP/Data/DailData/roi_audio_processed/fZbffevE5Ak_Senator Ian Marshall - speech from 11 Jun 2019.wav
/Users/cianan/Documents/College/GitHub/FYP/Data/DailData/roi_audio_processed/mWuiTfPA2QY_Deputy Imelda Munster - Other Questions - 9 Jul 20.wav,mWuiTfPA2QY,1,30,60,imelda munster,Sinn Fein,Louth,Drogheda,Louth,Leinster,mWuiTfPA2QY_Deputy Imelda Munster - Other Questions - 9 Jul 20.wav,parliament,,0.30-1.00,DAIL,/Users/cianan/Documents/College/GitHub/FYP/Data/DailData/roi_audio_processed/mWuiTfPA2QY_Deputy Imelda Munster - Other Questions - 9 Jul 20.wav
/Users/cianan/Documents/College/GitHub/FYP/Data/DailData/roi_audio_processed/dggP023w4Tg_Deputy Imelda Munster - Order of Business - 05.03..wav,dggP023w4Tg,1,30,60,imelda munster,Sinn Fein,Louth,Drogheda,Louth,Leinster,dggP023w4Tg_Deputy Imelda Munster - Order of Business - 05.03..wav,parliament,,0.30-1.00,DAIL,/Users/cianan/Documents/College/GitHub/FYP/Data/DailData/roi_audio_processed/dggP023w4Tg_Deputy Imelda Munster - Order of Business - 05.03..wav
/Users/cianan/Documents/College/GitHub/FYP/Data/DailData/roi_audio_processed/5NUNrrm2wS4_Deputy Imelda Munster - Government Business - 16.0.wav,5NUNrrm2wS4,1,30,60,imelda munster,Sinn Fein,Louth,Drogheda,Louth,Leinster,5NUNrrm2wS4_Deputy Imelda Munster - Government Business - 16.0.wav,parliament,,0.30-1.00,DAIL,/Users/cianan/Documents/College/GitHub/FYP/Data/DailData/roi_audio_processed/5NUNrrm2wS4_Deputy Imelda Munster - Government Business - 16.0.wav
/Users/cianan/Documents/College/GitHub/FYP/Data/DailData/roi_audio_processed/HE38Ipl4Zys_Deputy Imelda Munster - Government Business - 18 S.wav,HE38Ipl4Zys,1,30,60,imelda munster,Sinn Fein,Louth,Drogheda,Louth,Leinster,HE38Ipl4Zys_Deputy Imelda Munster - Government Business - 18 S.wav,parliament,,0.30-1.00,DAIL,/Users/cianan/Documents/College/GitHub/FYP/Data/DailData/roi_audio_processed/HE38Ipl4Zys_Deputy Imelda Munster - Government Business - 18 S.wav
/Users/cianan/Documents/College/GitHub/FYP/Data/DailData/roi_audio_processed/YpfPKUIQg7c_Deputy Imelda Munster - Private Members’ Business .wav,YpfPKUIQg7c,1,30,60,imelda munster,Sinn Fein,Louth,Drogheda,Louth,Leinster,YpfPKUIQg7c_Deputy Imelda Munster - Private Members‚Äô Business .wav,parliament,,0.30-1.00,DAIL,/Users/cianan/Documents/College/GitHub/FYP/Data/DailData/roi_audio_processed/YpfPKUIQg7c_Deputy Imelda Munster - Private Members’ Business .wav
/Users/cianan/Documents/College/GitHub/FYP/Data/DailData/roi_audio_processed/j9ZDRN_P3rM_Deputy Imelda Munster - Private Members’ Business .wav,j9ZDRN_P3rM,1,30,60,imelda munster,Sinn Fein,Louth,Drogheda,Louth,Leinster,j9ZDRN_P3rM_Deputy Imelda Munster - Private Members‚Äô Business .wav,parliament,,0.30-1.00,DAIL,/Users/cianan/Documents/College/GitHub/FYP/Data/DailData/roi_audio_processed/j9ZDRN_P3rM_Deputy Imelda Munster - Private Members’ Business .wav
/Users/cianan/Documents/College/GitHub/FYP/Data/DailData/roi_audio_processed/PDRx5Y_bCNc_Senator Ivana Bacik - speech from 28 May 2019.wav,PDRx5Y_bCNc,1,30,60,ivana bacik,Labour,Dublin Bay South,Cork City,Cork,Munster,PDRx5Y_bCNc_Senator Ivana Bacik - speech from 28 May 2019.wav,parliament,,0.30-1.00,DAIL,/Users/cianan/Documents/College/GitHub/FYP/Data/DailData/roi_audio_processed/PDRx5Y_bCNc_Senator Ivana Bacik - speech from 28 May 2019.wav
/Users/cianan/Documents/College/GitHub/FYP/Data/DailData/roi_audio_processed/4vYh0zrY65g_Ivana Bacik - speech from  09 Apr 2019.wav,4vYh0zrY65g,1,30,60,ivana bacik,Labour,Dublin Bay South,Cork City,Cork,Munster,4vYh0zrY65g_Ivana Bacik - speech from  09 Apr 2019.wav,parliament,,0.30-1.00,DAIL,/Users/cianan/Documents/College/GitHub/FYP/Data/DailData/roi_audio_processed/4vYh0zrY65g_Ivana Bacik - speech from  09 Apr 2019.wav
/Users/cianan/Documents/College/GitHub/FYP/Data/DailData/roi_audio_processed/R8VrMystYlU_Senator Ivana Bacik - speech from 11 Jun 2019.wav,R8VrMystYlU,1,30,60,ivana bacik,Labour,Dublin Bay South,Cork City,Cork,Munster,R8VrMystYlU_Senator Ivana Bacik - speech from 11 Jun 2019.wav,parliament,,0.30-1.00,DAIL,/Users/cianan/Documents/College/GitHub/FYP/Data/DailData/roi_audio_processed/R8VrMystYlU_Senator Ivana Bacik - speech from 11 Jun 2019.wav
/Users/cianan/Documents/College/GitHub/FYP/Data/DailData/roi_audio_processed/Mn6Qz5lMGXM_Ivana Bacik - speech from  18 Apr 2019.wav,Mn6Qz5lMGXM,1,30,60,ivana bacik,Labour,Dublin Bay South,Cork City,Cork,Munster,Mn6Qz5lMGXM_Ivana Bacik - speech from  18 Apr 2019.wav,parliament,,0.30-1.00,DAIL,/Users/cianan/Documents/College/GitHub/FYP/Data/DailData/roi_audio_processed/Mn6Qz5lMGXM_Ivana Bacik - speech from  18 Apr 2019.wav
/Users/cianan/Documents/College/GitHub/FYP/Data/DailData/roi_audio_processed/O5H73ijkY5k_Ivana Bacik - speech from  09 Apr 2019.wav,O5H73ijkY5k,1,30,60,ivana bacik,Labour,Dublin Bay South,Cork City,Cork,Munster,O5H73ijkY5k_Ivana Bacik - speech from  09 Apr 2019.wav,parliament,,0.30-1.00,DAIL,/Users/cianan/Documents/College/GitHub/FYP/Data/DailData/roi_audio_processed/O5H73ijkY5k_Ivana Bacik - speech from  09 Apr 2019.wav
/Users/cianan/Documents/College/GitHub/FYP/Data/DailData/roi_audio_processed/4yiZhWwjAdc_Senator Ivana Bacik - Order of Business - 8 May 20.wav,4yiZhWwjAdc,1,30,60,ivana bacik,Labour,Dublin Bay South,Cork City,Cork,Munster,4yiZhWwjAdc_Senator Ivana Bacik - Order of Business - 8 May 20.wav,parliament,,0.30-1.00,DAIL,/Users/cianan/Documents/College/GitHub/FYP/Data/DailData/roi_audio_processed/4yiZhWwjAdc_Senator Ivana Bacik - Order of Business - 8 May 20.wav
/Users/cianan/Documents/College/GitHub/FYP/Data/DailData/roi_audio_processed/N4ZoQf0x0_M_Senator Ivana Bacik - speech from 18 Jun 2019.wav,N4ZoQf0x0_M,1,30,60,ivana bacik,Labour,Dublin Bay South,Cork City,Cork,Munster,N4ZoQf0x0_M_Senator Ivana Bacik - speech from 18 Jun 2019.wav,parliament,,0.30-1.00,DAIL,/Users/cianan/Documents/College/GitHub/FYP/Data/DailData/roi_audio_processed/N4ZoQf0x0_M_Senator Ivana Bacik - speech from 18 Jun 2019.wav
/Users/cianan/Documents/College/GitHub/FYP/Data/DailData/roi_audio_processed/DutOJJtjM-E_Ivana Bacik - speech from  10 Apr 2019.wav,DutOJJtjM-E,1,30,60,ivana bacik,Labour,Dublin Bay South,Cork City,Cork,Munster,DutOJJtjM-E_Ivana Bacik - speech from  10 Apr 2019.wav,parliament,,0.30-1.00,DAIL,/Users/cianan/Documents/College/GitHub/FYP/Data/DailData/roi_audio_processed/DutOJJtjM-E_Ivana Bacik - speech from  10 Apr 2019.wav
/Users/cianan/Documents/College/GitHub/FYP/Data/DailData/roi_audio_processed/FWwSjL4R0j8_Senator Ivana Bacik - Private Members’ Business - .wav,FWwSjL4R0j8,1,30,60,ivana bacik,Labour,Dublin Bay South,Cork City,Cork,Munster,FWwSjL4R0j8_Senator Ivana Bacik - Private Members‚Äô Business - .wav,parliament,,0.30-1.00,DAIL,/Users/cianan/Documents/College/GitHub/FYP/Data/DailData/roi_audio_processed/FWwSjL4R0j8_Senator Ivana Bacik - Private Members’ Business - .wav
/Users/cianan/Documents/College/GitHub/FYP/Data/DailData/roi_audio_processed/FLbhq5F-g_A_Senator Ivana Bacik - speech from 12 Jul 2019.wav,FLbhq5F-g_A,1,30,60,ivana bacik,Labour,Dublin Bay South,Cork City,Cork,Munster,FLbhq5F-g_A_Senator Ivana Bacik - speech from 12 Jul 2019.wav,parliament,,0.30-1.00,DAIL,/Users/cianan/Documents/College/GitHub/FYP/Data/DailData/roi_audio_processed/FLbhq5F-g_A_Senator Ivana Bacik - speech from 12 Jul 2019.wav
/Users/cianan/Documents/College/GitHub/FYP/Data/DailData/roi_audio_processed/ldMMvcyym2U_Ivana Bacik - speech from  18 Apr 2019.wav,ldMMvcyym2U,1,30,60,ivana bacik,Labour,Dublin Bay South,Cork City,Cork,Munster,ldMMvcyym2U_Ivana Bacik - speech from  18 Apr 2019.wav,parliament,,0.30-1.00,DAIL,/Users/cianan/Documents/College/GitHub/FYP/Data/DailData/roi_audio_processed/ldMMvcyym2U_Ivana Bacik - speech from  18 Apr 2019.wav
/Users/cianan/Documents/College/GitHub/FYP/Data/DailData/roi_audio_processed/g_Cb0krVUEA_Senator Ivana Bacik - speech from 25 Sep 2019.wav,g_Cb0krVUEA,1,30,60,ivana bacik,Labour,Dublin Bay South,Cork City,Cork,Munster,g_Cb0krVUEA_Senator Ivana Bacik - speech from 25 Sep 2019.wav,parliament,,0.30-1.00,DAIL,/Users/cianan/Documents/College/GitHub/FYP/Data/DailData/roi_audio_processed/g_Cb0krVUEA_Senator Ivana Bacik - speech from 25 Sep 2019.wav
/Users/cianan/Documents/College/GitHub/FYP/Data/DailData/roi_audio_processed/J-KH4rnnIgQ_Senator Ivana Bacik - speech from 8 May 2019.wav,J-KH4rnnIgQ,1,30,60,ivana bacik,Labour,Dublin Bay South,Cork City,Cork,Munster,J-KH4rnnIgQ_Senator Ivana Bacik - speech from 8 May 2019.wav,parliament,,0.30-1.00,DAIL,/Users/cianan/Documents/College/GitHub/FYP/Data/DailData/roi_audio_processed/J-KH4rnnIgQ_Senator Ivana Bacik - speech from 8 May 2019.wav
/Users/cianan/Documents/College/GitHub/FYP/Data/DailData/roi_audio_processed/u444nfOpONw_Deputy Jack Chambers - Other Questions - 13.03.201.wav,u444nfOpONw,1,30,60,jack chambers,Fianna Fail,Dublin West,Castleknock,Dublin West,Leinster,u444nfOpONw_Deputy Jack Chambers - Other Questions - 13.03.201.wav,parliament,,0.30-1.00,DAIL,/Users/cianan/Documents/College/GitHub/FYP/Data/DailData/roi_audio_processed/u444nfOpONw_Deputy Jack Chambers - Other Questions - 13.03.201.wav
/Users/cianan/Documents/College/GitHub/FYP/Data/DailData/roi_audio_processed/Yex98j2cewQ_Deputy Jack Chambers - Private Members’ Business -.wav,Yex98j2cewQ,1,30,60,jack chambers,Fianna Fail,Dublin West,Castleknock,Dublin West,Leinster,Yex98j2cewQ_Deputy Jack Chambers - Private Members‚Äô Business -.wav,parliament,,0.30-1.00,DAIL,/Users/cianan/Documents/College/GitHub/FYP/Data/DailData/roi_audio_processed/Yex98j2cewQ_Deputy Jack Chambers - Private Members’ Business -.wav
/Users/cianan/Documents/College/GitHub/FYP/Data/DailData/roi_audio_processed/dAgbtWquIug_Deputy Jack Chambers - Private Members’ Business -.wav,dAgbtWquIug,1,30,60,jack chambers,Fianna Fail,Dublin West,Castleknock,Dublin West,Leinster,dAgbtWquIug_Deputy Jack Chambers - Private Members‚Äô Business -.wav,parliament,,0.30-1.00,DAIL,/Users/cianan/Documents/College/GitHub/FYP/Data/DailData/roi_audio_processed/dAgbtWquIug_Deputy Jack Chambers - Private Members’ Business -.wav
/Users/cianan/Documents/College/GitHub/FYP/Data/DailData/roi_audio_processed/dojpm6Vvgow_Deputy Jackie Cahill  - Private Members’ Business .wav,dojpm6Vvgow,1,30,60,jackie cahill,Fianna Fail,Tipperary,Thurles,Tipperary,Munster,dojpm6Vvgow_Deputy Jackie Cahill  - Private Members‚Äô Business .wav,parliament,,0.30-1.00,DAIL,/Users/cianan/Documents/College/GitHub/FYP/Data/DailData/roi_audio_processed/dojpm6Vvgow_Deputy Jackie Cahill  - Private Members’ Business .wav
/Users/cianan/Documents/College/GitHub/FYP/Data/DailData/roi_audio_processed/uccVtwlpPn0_Deputy Jackie Cahill - Priority Questions - 9 May .wav,uccVtwlpPn0,1,30,60,jackie cahill,Fianna Fail,Tipperary,Thurles,Tipperary,Munster,uccVtwlpPn0_Deputy Jackie Cahill - Priority Questions - 9 May .wav,parliament,,0.30-1.00,DAIL,/Users/cianan/Documents/College/GitHub/FYP/Data/DailData/roi_audio_processed/uccVtwlpPn0_Deputy Jackie Cahill - Priority Questions - 9 May .wav
/Users/cianan/Documents/College/GitHub/FYP/Data/DailData/roi_audio_processed/SBBK2NS9iH8_Deputy Jackie Cahill - Government Business - 17 Se.wav,SBBK2NS9iH8,1,30,60,jackie cahill,Fianna Fail,Tipperary,Thurles,Tipperary,Munster,SBBK2NS9iH8_Deputy Jackie Cahill - Government Business - 17 Se.wav,parliament,,0.30-1.00,DAIL,/Users/cianan/Documents/College/GitHub/FYP/Data/DailData/roi_audio_processed/SBBK2NS9iH8_Deputy Jackie Cahill - Government Business - 17 Se.wav
/Users/cianan/Documents/College/GitHub/FYP/Data/DailData/roi_audio_processed/kOrytArzDWw_Deputy James Browne - Private Members’ Business - .wav,kOrytArzDWw,1,30,60,james browne,Fianna Fail,Wexford,Wexford Town,Wexford,Leinster,kOrytArzDWw_Deputy James Browne - Private Members‚Äô Business - .wav,parliament,,0.30-1.00,DAIL,/Users/cianan/Documents/College/GitHub/FYP/Data/DailData/roi_audio_processed/kOrytArzDWw_Deputy James Browne - Private Members’ Business - .wav
/Users/cianan/Documents/College/GitHub/FYP/Data/DailData/roi_audio_processed/Zd4FB1fcZr0_Deputy James Browne - Other Questions - 27 Jun 201.wav,Zd4FB1fcZr0,1,30,60,james browne,Fianna Fail,Wexford,Wexford Town,Wexford,Leinster,Zd4FB1fcZr0_Deputy James Browne - Other Questions - 27 Jun 201.wav,parliament,,0.30-1.00,DAIL,/Users/cianan/Documents/College/GitHub/FYP/Data/DailData/roi_audio_processed/Zd4FB1fcZr0_Deputy James Browne - Other Questions - 27 Jun 201.wav
/Users/cianan/Documents/College/GitHub/FYP/Data/DailData/roi_audio_processed/007PfoFOkv8_Deputy James Browne - Private Members’ Business - .wav,007PfoFOkv8,1,30,60,james browne,Fianna Fail,Wexford,Wexford Town,Wexford,Leinster,007PfoFOkv8_Deputy James Browne - Private Members‚Äô Business - .wav,parliament,,0.30-1.00,DAIL,/Users/cianan/Documents/College/GitHub/FYP/Data/DailData/roi_audio_processed/007PfoFOkv8_Deputy James Browne - Private Members’ Business - .wav
/Users/cianan/Documents/College/GitHub/FYP/Data/DailData/roi_audio_processed/YrcHF1rU2e4_Deputy James Lawless - Order of Business - 12.03.2.wav,YrcHF1rU2e4,1,30,60,james lawless,Fianna Fail,Kildare North,Wexford Town,Wexford,Leinster,YrcHF1rU2e4_Deputy James Lawless - Order of Business - 12.03.2.wav,parliament,,0.30-1.00,DAIL,/Users/cianan/Documents/College/GitHub/FYP/Data/DailData/roi_audio_processed/YrcHF1rU2e4_Deputy James Lawless - Order of Business - 12.03.2.wav
/Users/cianan/Documents/College/GitHub/FYP/Data/DailData/roi_audio_processed/JzM3xQ5-tqI_Deputy James Lawless - Government Business - 19 Se.wav,JzM3xQ5-tqI,1,30,60,james lawless,Fianna Fail,Kildare North,Wexford Town,Wexford,Leinster,JzM3xQ5-tqI_Deputy James Lawless - Government Business - 19 Se.wav,parliament,,0.30-1.00,DAIL,/Users/cianan/Documents/College/GitHub/FYP/Data/DailData/roi_audio_processed/JzM3xQ5-tqI_Deputy James Lawless - Government Business - 19 Se.wav
/Users/cianan/Documents/College/GitHub/FYP/Data/DailData/roi_audio_processed/6StilUKGgAE_Deputy James Lawless - Government Business - 19 Ju.wav,6StilUKGgAE,1,30,60,james lawless,Fianna Fail,Kildare North,Wexford Town,Wexford,Leinster,6StilUKGgAE_Deputy James Lawless - Government Business - 19 Ju.wav,parliament,,0.30-1.00,DAIL,/Users/cianan/Documents/College/GitHub/FYP/Data/DailData/roi_audio_processed/6StilUKGgAE_Deputy James Lawless - Government Business - 19 Ju.wav
/Users/cianan/Documents/College/GitHub/FYP/Data/DailData/roi_audio_processed/bJ_x3z20h-U_Deputy James Lawless - Private Members’ Business -.wav,bJ_x3z20h-U,1,30,60,james lawless,Fianna Fail,Kildare North,Wexford Town,Wexford,Leinster,bJ_x3z20h-U_Deputy James Lawless - Private Members‚Äô Business -.wav,parliament,,0.30-1.00,DAIL,/Users/cianan/Documents/College/GitHub/FYP/Data/DailData/roi_audio_processed/bJ_x3z20h-U_Deputy James Lawless - Private Members’ Business -.wav
/Users/cianan/Documents/College/GitHub/FYP/Data/DailData/roi_audio_processed/4QZeHGSBKm4_Deputy James Lawless - Private Members’ Business -.wav,4QZeHGSBKm4,1,30,60,james lawless,Fianna Fail,Kildare North,Wexford Town,Wexford,Leinster,4QZeHGSBKm4_Deputy James Lawless - Private Members‚Äô Business -.wav,parliament,,0.30-1.00,DAIL,/Users/cianan/Documents/College/GitHub/FYP/Data/DailData/roi_audio_processed/4QZeHGSBKm4_Deputy James Lawless - Private Members’ Business -.wav
/Users/cianan/Documents/College/GitHub/FYP/Data/DailData/roi_audio_processed/NefPxKEojP8_Senator James Reilly - speech from 18 Jun 2019.wav,NefPxKEojP8,1,30,60,james reilly,Fine Gael,Dublin Fingal,Lusk,Dublin Fingal,Leinster,NefPxKEojP8_Senator James Reilly - speech from 18 Jun 2019.wav,parliament,,0.30-1.00,DAIL,/Users/cianan/Documents/College/GitHub/FYP/Data/DailData/roi_audio_processed/NefPxKEojP8_Senator James Reilly - speech from 18 Jun 2019.wav
/Users/cianan/Documents/College/GitHub/FYP/Data/DailData/roi_audio_processed/FW7clWSXv3M_Senator James Reilly - speech from 26 Jun 2019.wav,FW7clWSXv3M,1,30,60,james reilly,Fine Gael,Dublin Fingal,Lusk,Dublin Fingal,Leinster,FW7clWSXv3M_Senator James Reilly - speech from 26 Jun 2019.wav,parliament,,0.30-1.00,DAIL,/Users/cianan/Documents/College/GitHub/FYP/Data/DailData/roi_audio_processed/FW7clWSXv3M_Senator James Reilly - speech from 26 Jun 2019.wav
/Users/cianan/Documents/College/GitHub/FYP/Data/DailData/roi_audio_processed/NM0ugzZpD-I_James Reilly - speech from  09 Apr 2019.wav,NM0ugzZpD-I,1,30,60,james reilly,Fine Gael,Dublin Fingal,Lusk,Dublin Fingal,Leinster,NM0ugzZpD-I_James Reilly - speech from  09 Apr 2019.wav,parliament,,0.30-1.00,DAIL,/Users/cianan/Documents/College/GitHub/FYP/Data/DailData/roi_audio_processed/NM0ugzZpD-I_James Reilly - speech from  09 Apr 2019.wav
/Users/cianan/Documents/College/GitHub/FYP/Data/DailData/roi_audio_processed/rzPH0Xpc5xw_Senator James Reilly - speech from 29 May 2019.wav,rzPH0Xpc5xw,1,30,60,james reilly,Fine Gael,Dublin Fingal,Lusk,Dublin Fingal,Leinster,rzPH0Xpc5xw_Senator James Reilly - speech from 29 May 2019.wav,parliament,,0.30-1.00,DAIL,/Users/cianan/Documents/College/GitHub/FYP/Data/DailData/roi_audio_processed/rzPH0Xpc5xw_Senator James Reilly - speech from 29 May 2019.wav
/Users/cianan/Documents/College/GitHub/FYP/Data/DailData/roi_audio_processed/LrqdRjxB0Bg_Senator James Reilly - speech from 22 May 2019.wav,LrqdRjxB0Bg,1,30,60,james reilly,Fine Gael,Dublin Fingal,Lusk,Dublin Fingal,Leinster,LrqdRjxB0Bg_Senator James Reilly - speech from 22 May 2019.wav,parliament,,0.30-1.00,DAIL,/Users/cianan/Documents/College/GitHub/FYP/Data/DailData/roi_audio_processed/LrqdRjxB0Bg_Senator James Reilly - speech from 22 May 2019.wav
/Users/cianan/Documents/College/GitHub/FYP/Data/DailData/roi_audio_processed/HLGsXYwbxF0_James Reilly - speech from  16 Apr 2019.wav,HLGsXYwbxF0,1,30,60,james reilly,Fine Gael,Dublin Fingal,Lusk,Dublin Fingal,Leinster,HLGsXYwbxF0_James Reilly - speech from  16 Apr 2019.wav,parliament,,0.30-1.00,DAIL,/Users/cianan/Documents/College/GitHub/FYP/Data/DailData/roi_audio_processed/HLGsXYwbxF0_James Reilly - speech from  16 Apr 2019.wav
/Users/cianan/Documents/College/GitHub/FYP/Data/DailData/roi_audio_processed/Qzi0yOMN_-g_Senator James Reilly - speech from 10 Oct 2019.wav,Qzi0yOMN_-g,1,30,60,james reilly,Fine Gael,Dublin Fingal,Lusk,Dublin Fingal,Leinster,Qzi0yOMN_-g_Senator James Reilly - speech from 10 Oct 2019.wav,parliament,,0.30-1.00,DAIL,/Users/cianan/Documents/College/GitHub/FYP/Data/DailData/roi_audio_processed/Qzi0yOMN_-g_Senator James Reilly - speech from 10 Oct 2019.wav
/Users/cianan/Documents/College/GitHub/FYP/Data/DailData/roi_audio_processed/pEyM2Icj3hE_James Reilly  - speech from  16 Apr 2019.wav,pEyM2Icj3hE,1,30,60,james reilly,Fine Gael,Dublin Fingal,Lusk,Dublin Fingal,Leinster,pEyM2Icj3hE_James Reilly  - speech from  16 Apr 2019.wav,parliament,,0.30-1.00,DAIL,/Users/cianan/Documents/College/GitHub/FYP/Data/DailData/roi_audio_processed/pEyM2Icj3hE_James Reilly  - speech from  16 Apr 2019.wav
/Users/cianan/Documents/College/GitHub/FYP/Data/DailData/roi_audio_processed/ghuoupQf57U_Deputy Jan O'Sullivan - Private Members’ Business .wav,ghuoupQf57U,1,30,60,jan o'sullivan,Labour,Limerick County,Clonlara,Clare,Munster,ghuoupQf57U_Deputy Jan O'Sullivan - Private Members‚Äô Business .wav,parliament,,0.30-1.00,DAIL,/Users/cianan/Documents/College/GitHub/FYP/Data/DailData/roi_audio_processed/ghuoupQf57U_Deputy Jan O'Sullivan - Private Members’ Business .wav
/Users/cianan/Documents/College/GitHub/FYP/Data/DailData/roi_audio_processed/NlGQa-4h7-s_Deputy Jan O'Sullivan - Government Business - 10 J.wav,NlGQa-4h7-s,1,30,60,jan o'sullivan,Labour,Limerick County,Clonlara,Clare,Munster,NlGQa-4h7-s_Deputy Jan O'Sullivan - Government Business - 10 J.wav,parliament,,0.30-1.00,DAIL,/Users/cianan/Documents/College/GitHub/FYP/Data/DailData/roi_audio_processed/NlGQa-4h7-s_Deputy Jan O'Sullivan - Government Business - 10 J.wav
/Users/cianan/Documents/College/GitHub/FYP/Data/DailData/roi_audio_processed/LSRR-e3Vgsk_Deputy Jan O'Sullivan - Private Members’ Business .wav,LSRR-e3Vgsk,1,30,60,jan o'sullivan,Labour,Limerick County,Clonlara,Clare,Munster,LSRR-e3Vgsk_Deputy Jan O'Sullivan - Private Members‚Äô Business .wav,parliament,,0.30-1.00,DAIL,/Users/cianan/Documents/College/GitHub/FYP/Data/DailData/roi_audio_processed/LSRR-e3Vgsk_Deputy Jan O'Sullivan - Private Members’ Business .wav
/Users/cianan/Documents/College/GitHub/FYP/Data/DailData/roi_audio_processed/hHa0sJbqse4_Deputy Jan O'Sullivan - Government Business - 24 S.wav,hHa0sJbqse4,1,30,60,jan o'sullivan,Labour,Limerick County,Clonlara,Clare,Munster,hHa0sJbqse4_Deputy Jan O'Sullivan - Government Business - 24 S.wav,parliament,,0.30-1.00,DAIL,/Users/cianan/Documents/College/GitHub/FYP/Data/DailData/roi_audio_processed/hHa0sJbqse4_Deputy Jan O'Sullivan - Government Business - 24 S.wav
/Users/cianan/Documents/College/GitHub/FYP/Data/DailData/roi_audio_processed/k6yfFGHBm0o_Deputy Jennifer Murnane O'Connor - speech from 1 M.wav,k6yfFGHBm0o,1,30,60,jennifer murnane o'connor,Fianna Fail,Carlow-Kilkenny,Waterford City,Waterford,Munster,k6yfFGHBm0o_Deputy Jennifer Murnane O'Connor - speech from 1 M.wav,parliament,,0.30-1.00,DAIL,/Users/cianan/Documents/College/GitHub/FYP/Data/DailData/roi_audio_processed/k6yfFGHBm0o_Deputy Jennifer Murnane O'Connor - speech from 1 M.wav
/Users/cianan/Documents/College/GitHub/FYP/Data/DailData/roi_audio_processed/3h_Pc2EJm0w_Deputy Jennifer Murnane O'Connor - speech from 30 .wav,3h_Pc2EJm0w,1,30,60,jennifer murnane o'connor,Fianna Fail,Carlow-Kilkenny,Waterford City,Waterford,Munster,3h_Pc2EJm0w_Deputy Jennifer Murnane O'Connor - speech from 30 .wav,parliament,,0.30-1.00,DAIL,/Users/cianan/Documents/College/GitHub/FYP/Data/DailData/roi_audio_processed/3h_Pc2EJm0w_Deputy Jennifer Murnane O'Connor - speech from 30 .wav
/Users/cianan/Documents/College/GitHub/FYP/Data/DailData/roi_audio_processed/M8GCfZ3sD6c_Deputy Jennifer Murnane O'Connor - speech from 2 M.wav,M8GCfZ3sD6c,1,30,60,jennifer murnane o'connor,Fianna Fail,Carlow-Kilkenny,Waterford City,Waterford,Munster,M8GCfZ3sD6c_Deputy Jennifer Murnane O'Connor - speech from 2 M.wav,parliament,,0.30-1.00,DAIL,/Users/cianan/Documents/College/GitHub/FYP/Data/DailData/roi_audio_processed/M8GCfZ3sD6c_Deputy Jennifer Murnane O'Connor - speech from 2 M.wav
/Users/cianan/Documents/College/GitHub/FYP/Data/DailData/roi_audio_processed/5rGsoGOu4Sc_Deputy Jennifer Murnane O'Connor -  speech from 24.wav,5rGsoGOu4Sc,1,30,60,jennifer murnane o'connor,Fianna Fail,Carlow-Kilkenny,Waterford City,Waterford,Munster,5rGsoGOu4Sc_Deputy Jennifer Murnane O'Connor -  speech from 24.wav,parliament,,0.30-1.00,DAIL,/Users/cianan/Documents/College/GitHub/FYP/Data/DailData/roi_audio_processed/5rGsoGOu4Sc_Deputy Jennifer Murnane O'Connor -  speech from 24.wav
/Users/cianan/Documents/College/GitHub/FYP/Data/DailData/roi_audio_processed/v5Ms_NhaMgo_Jennifer Murnane O'Connor - speech from  09 Apr 20.wav,v5Ms_NhaMgo,1,30,60,jennifer murnane o'connor,Fianna Fail,Carlow-Kilkenny,Waterford City,Waterford,Munster,v5Ms_NhaMgo_Jennifer Murnane O'Connor - speech from  09 Apr 20.wav,parliament,,0.30-1.00,DAIL,/Users/cianan/Documents/College/GitHub/FYP/Data/DailData/roi_audio_processed/v5Ms_NhaMgo_Jennifer Murnane O'Connor - speech from  09 Apr 20.wav
/Users/cianan/Documents/College/GitHub/FYP/Data/DailData/roi_audio_processed/tod-ic6Idy8_Senator Jennifer Murnane O'Connor - speech from 24.wav,tod-ic6Idy8,1,30,60,jennifer murnane o'connor,Fianna Fail,Carlow-Kilkenny,Waterford City,Waterford,Munster,tod-ic6Idy8_Senator Jennifer Murnane O'Connor - speech from 24.wav,parliament,,0.30-1.00,DAIL,/Users/cianan/Documents/College/GitHub/FYP/Data/DailData/roi_audio_processed/tod-ic6Idy8_Senator Jennifer Murnane O'Connor - speech from 24.wav
/Users/cianan/Documents/College/GitHub/FYP/Data/DailData/roi_audio_processed/O-0tJfQjlGs_Deputy Jennifer Murnane O'Connor - speech from 18 .wav,O-0tJfQjlGs,1,30,60,jennifer murnane o'connor,Fianna Fail,Carlow-Kilkenny,Waterford City,Waterford,Munster,O-0tJfQjlGs_Deputy Jennifer Murnane O'Connor - speech from 18 .wav,parliament,,0.30-1.00,DAIL,/Users/cianan/Documents/College/GitHub/FYP/Data/DailData/roi_audio_processed/O-0tJfQjlGs_Deputy Jennifer Murnane O'Connor - speech from 18 .wav
/Users/cianan/Documents/College/GitHub/FYP/Data/DailData/roi_audio_processed/xkjuex1UdT0_Deputy Jennifer Murnane O'Connor - speech from 21 .wav,xkjuex1UdT0,1,30,60,jennifer murnane o'connor,Fianna Fail,Carlow-Kilkenny,Waterford City,Waterford,Munster,xkjuex1UdT0_Deputy Jennifer Murnane O'Connor - speech from 21 .wav,parliament,,0.30-1.00,DAIL,/Users/cianan/Documents/College/GitHub/FYP/Data/DailData/roi_audio_processed/xkjuex1UdT0_Deputy Jennifer Murnane O'Connor - speech from 21 .wav
/Users/cianan/Documents/College/GitHub/FYP/Data/DailData/roi_audio_processed/BEihjTMr3B0_Deputy Jennifer Murnane O'Connor - speech from 1 M.wav,BEihjTMr3B0,1,30,60,jennifer murnane o'connor,Fianna Fail,Carlow-Kilkenny,Waterford City,Waterford,Munster,BEihjTMr3B0_Deputy Jennifer Murnane O'Connor - speech from 1 M.wav,parliament,,0.30-1.00,DAIL,/Users/cianan/Documents/College/GitHub/FYP/Data/DailData/roi_audio_processed/BEihjTMr3B0_Deputy Jennifer Murnane O'Connor - speech from 1 M.wav
/Users/cianan/Documents/College/GitHub/FYP/Data/DailData/roi_audio_processed/VtgMO7XDCPY_Deputy Jennifer Murnane O'Connor – speech from 26 .wav,VtgMO7XDCPY,1,30,60,jennifer murnane o'connor,Fianna Fail,Carlow-Kilkenny,Waterford City,Waterford,Munster,VtgMO7XDCPY_Deputy Jennifer Murnane O'Connor ‚Äì speech from 26 .wav,parliament,,0.30-1.00,DAIL,/Users/cianan/Documents/College/GitHub/FYP/Data/DailData/roi_audio_processed/VtgMO7XDCPY_Deputy Jennifer Murnane O'Connor – speech from 26 .wav
/Users/cianan/Documents/College/GitHub/FYP/Data/DailData/roi_audio_processed/BZVGvpusm9k_Deputy Jennifer Murnane O'Connor - speech from 1 M.wav,BZVGvpusm9k,1,30,60,jennifer murnane o'connor,Fianna Fail,Carlow-Kilkenny,Waterford City,Waterford,Munster,BZVGvpusm9k_Deputy Jennifer Murnane O'Connor - speech from 1 M.wav,parliament,,0.30-1.00,DAIL,/Users/cianan/Documents/College/GitHub/FYP/Data/DailData/roi_audio_processed/BZVGvpusm9k_Deputy Jennifer Murnane O'Connor - speech from 1 M.wav
/Users/cianan/Documents/College/GitHub/FYP/Data/DailData/roi_audio_processed/SmFLYbT6qTc_Deputy Jennifer Murnane O'Connor – speech from 02 .wav,SmFLYbT6qTc,1,30,60,jennifer murnane o'connor,Fianna Fail,Carlow-Kilkenny,Waterford City,Waterford,Munster,SmFLYbT6qTc_Deputy Jennifer Murnane O'Connor ‚Äì speech from 02 .wav,parliament,,0.30-1.00,DAIL,/Users/cianan/Documents/College/GitHub/FYP/Data/DailData/roi_audio_processed/SmFLYbT6qTc_Deputy Jennifer Murnane O'Connor – speech from 02 .wav
/Users/cianan/Documents/College/GitHub/FYP/Data/DailData/roi_audio_processed/mWB1_3CkfoE_Deputy Jennifer Murnane O'Connor - speech from 04 .wav,mWB1_3CkfoE,1,30,60,jennifer murnane o'connor,Fianna Fail,Carlow-Kilkenny,Waterford City,Waterford,Munster,mWB1_3CkfoE_Deputy Jennifer Murnane O'Connor - speech from 04 .wav,parliament,,0.30-1.00,DAIL,/Users/cianan/Documents/College/GitHub/FYP/Data/DailData/roi_audio_processed/mWB1_3CkfoE_Deputy Jennifer Murnane O'Connor - speech from 04 .wav
/Users/cianan/Documents/College/GitHub/FYP/Data/DailData/roi_audio_processed/IpCK4V1vWMg_Deputy Jennifer Murnane O'Connor - speech from 5 M.wav,IpCK4V1vWMg,1,30,60,jennifer murnane o'connor,Fianna Fail,Carlow-Kilkenny,Waterford City,Waterford,Munster,IpCK4V1vWMg_Deputy Jennifer Murnane O'Connor - speech from 5 M.wav,parliament,,0.30-1.00,DAIL,/Users/cianan/Documents/College/GitHub/FYP/Data/DailData/roi_audio_processed/IpCK4V1vWMg_Deputy Jennifer Murnane O'Connor - speech from 5 M.wav
/Users/cianan/Documents/College/GitHub/FYP/Data/DailData/roi_audio_processed/khD3Hjv3Ltc_Jennifer Murnane O'Connor - speech from  17 Apr 20.wav,khD3Hjv3Ltc,1,30,60,jennifer murnane o'connor,Fianna Fail,Carlow-Kilkenny,Waterford City,Waterford,Munster,khD3Hjv3Ltc_Jennifer Murnane O'Connor - speech from  17 Apr 20.wav,parliament,,0.30-1.00,DAIL,/Users/cianan/Documents/College/GitHub/FYP/Data/DailData/roi_audio_processed/khD3Hjv3Ltc_Jennifer Murnane O'Connor - speech from  17 Apr 20.wav
/Users/cianan/Documents/College/GitHub/FYP/Data/DailData/roi_audio_processed/mkXVFy59IUc_Jennifer Murnane O'Connor - speech from  17 Apr 20.wav,mkXVFy59IUc,1,30,60,jennifer murnane o'connor,Fianna Fail,Carlow-Kilkenny,Waterford City,Waterford,Munster,mkXVFy59IUc_Jennifer Murnane O'Connor - speech from  17 Apr 20.wav,parliament,,0.30-1.00,DAIL,/Users/cianan/Documents/College/GitHub/FYP/Data/DailData/roi_audio_processed/mkXVFy59IUc_Jennifer Murnane O'Connor - speech from  17 Apr 20.wav
/Users/cianan/Documents/College/GitHub/FYP/Data/DailData/roi_audio_processed/c7j1aeU7c3U_Deputy Jennifer Murnane O'Connor – speech from 13 .wav,c7j1aeU7c3U,1,30,60,jennifer murnane o'connor,Fianna Fail,Carlow-Kilkenny,Waterford City,Waterford,Munster,c7j1aeU7c3U_Deputy Jennifer Murnane O'Connor ‚Äì speech from 13 .wav,parliament,,0.30-1.00,DAIL,/Users/cianan/Documents/College/GitHub/FYP/Data/DailData/roi_audio_processed/c7j1aeU7c3U_Deputy Jennifer Murnane O'Connor – speech from 13 .wav
/Users/cianan/Documents/College/GitHub/FYP/Data/DailData/roi_audio_processed/8iHi42AuLAQ_Deputy Jennifer Murnane O'Connor -  speech from 24.wav,8iHi42AuLAQ,1,30,60,jennifer murnane o'connor,Fianna Fail,Carlow-Kilkenny,Waterford City,Waterford,Munster,8iHi42AuLAQ_Deputy Jennifer Murnane O'Connor -  speech from 24.wav,parliament,,0.30-1.00,DAIL,/Users/cianan/Documents/College/GitHub/FYP/Data/DailData/roi_audio_processed/8iHi42AuLAQ_Deputy Jennifer Murnane O'Connor -  speech from 24.wav
/Users/cianan/Documents/College/GitHub/FYP/Data/DailData/roi_audio_processed/83o-urjBbfA_Deputy Jennifer Murnane O'Connor - speech from 2 M.wav,83o-urjBbfA,1,30,60,jennifer murnane o'connor,Fianna Fail,Carlow-Kilkenny,Waterford City,Waterford,Munster,83o-urjBbfA_Deputy Jennifer Murnane O'Connor - speech from 2 M.wav,parliament,,0.30-1.00,DAIL,/Users/cianan/Documents/College/GitHub/FYP/Data/DailData/roi_audio_processed/83o-urjBbfA_Deputy Jennifer Murnane O'Connor - speech from 2 M.wav
/Users/cianan/Documents/College/GitHub/FYP/Data/DailData/roi_audio_processed/d1DjvxF6C8c_Senator Jennifer O'Connor - speech from 13 Jun 201.wav,d1DjvxF6C8c,1,30,60,jennifer o'connor,Fianna Fail,Carlow-Kilkenny,Waterford City,Waterford,Munster,d1DjvxF6C8c_Senator Jennifer O'Connor - speech from 13 Jun 201.wav,parliament,,0.30-1.00,DAIL,/Users/cianan/Documents/College/GitHub/FYP/Data/DailData/roi_audio_processed/d1DjvxF6C8c_Senator Jennifer O'Connor - speech from 13 Jun 201.wav
/Users/cianan/Documents/College/GitHub/FYP/Data/DailData/roi_audio_processed/2MmQUyQEm5Q_Senator Jennifer O'Connor - speech from - 14 May 2.wav,2MmQUyQEm5Q,1,30,60,jennifer o'connor,Fianna Fail,Carlow-Kilkenny,Waterford City,Waterford,Munster,2MmQUyQEm5Q_Senator Jennifer O'Connor - speech from - 14 May 2.wav,parliament,,0.30-1.00,DAIL,/Users/cianan/Documents/College/GitHub/FYP/Data/DailData/roi_audio_processed/2MmQUyQEm5Q_Senator Jennifer O'Connor - speech from - 14 May 2.wav
/Users/cianan/Documents/College/GitHub/FYP/Data/DailData/roi_audio_processed/HUkQl9G3S4M_Senator Jennifer O'Connor - speech from 30 May 201.wav,HUkQl9G3S4M,1,30,60,jennifer o'connor,Fianna Fail,Carlow-Kilkenny,Waterford City,Waterford,Munster,HUkQl9G3S4M_Senator Jennifer O'Connor - speech from 30 May 201.wav,parliament,,0.30-1.00,DAIL,/Users/cianan/Documents/College/GitHub/FYP/Data/DailData/roi_audio_processed/HUkQl9G3S4M_Senator Jennifer O'Connor - speech from 30 May 201.wav
/Users/cianan/Documents/College/GitHub/FYP/Data/DailData/roi_audio_processed/AYZtZph4G7Y_Jerry Buttimer - speech from  10 Apr 2019.wav,AYZtZph4G7Y,1,30,60,jerry buttimer,Fine Gael,Cork South-Central,Cork City,Cork,Munster,AYZtZph4G7Y_Jerry Buttimer - speech from  10 Apr 2019.wav,parliament,,0.30-1.00,DAIL,/Users/cianan/Documents/College/GitHub/FYP/Data/DailData/roi_audio_processed/AYZtZph4G7Y_Jerry Buttimer - speech from  10 Apr 2019.wav
/Users/cianan/Documents/College/GitHub/FYP/Data/DailData/roi_audio_processed/D2DTLByphG4_Jerry Buttimer - speech from  17 Apr 2019.wav,D2DTLByphG4,1,30,60,jerry buttimer,Fine Gael,Cork South-Central,Cork City,Cork,Munster,D2DTLByphG4_Jerry Buttimer - speech from  17 Apr 2019.wav,parliament,,0.30-1.00,DAIL,/Users/cianan/Documents/College/GitHub/FYP/Data/DailData/roi_audio_processed/D2DTLByphG4_Jerry Buttimer - speech from  17 Apr 2019.wav
/Users/cianan/Documents/College/GitHub/FYP/Data/DailData/roi_audio_processed/29BAAIArCSY_Jerry Buttimer - speech from  10 Apr 2019.wav,29BAAIArCSY,1,30,60,jerry buttimer,Fine Gael,Cork South-Central,Cork City,Cork,Munster,29BAAIArCSY_Jerry Buttimer - speech from  10 Apr 2019.wav,parliament,,0.30-1.00,DAIL,/Users/cianan/Documents/College/GitHub/FYP/Data/DailData/roi_audio_processed/29BAAIArCSY_Jerry Buttimer - speech from  10 Apr 2019.wav
/Users/cianan/Documents/College/GitHub/FYP/Data/DailData/roi_audio_processed/9c6DOw_RESg_Jerry Buttimer - speech from  09 Apr 2019.wav,9c6DOw_RESg,1,30,60,jerry buttimer,Fine Gael,Cork South-Central,Cork City,Cork,Munster,9c6DOw_RESg_Jerry Buttimer - speech from  09 Apr 2019.wav,parliament,,0.30-1.00,DAIL,/Users/cianan/Documents/College/GitHub/FYP/Data/DailData/roi_audio_processed/9c6DOw_RESg_Jerry Buttimer - speech from  09 Apr 2019.wav
/Users/cianan/Documents/College/GitHub/FYP/Data/DailData/roi_audio_processed/m1CDZP9xZJU_Senator Jerry Buttimer - Order of Business - 14 Ma.wav,m1CDZP9xZJU,1,30,60,jerry buttimer,Fine Gael,Cork South-Central,Cork City,Cork,Munster,m1CDZP9xZJU_Senator Jerry Buttimer - Order of Business - 14 Ma.wav,parliament,,0.30-1.00,DAIL,/Users/cianan/Documents/College/GitHub/FYP/Data/DailData/roi_audio_processed/m1CDZP9xZJU_Senator Jerry Buttimer - Order of Business - 14 Ma.wav
/Users/cianan/Documents/College/GitHub/FYP/Data/DailData/roi_audio_processed/ewXHRWS9PFk_Jerry Buttimer - speech from  17 Apr 2019.wav,ewXHRWS9PFk,1,30,60,jerry buttimer,Fine Gael,Cork South-Central,Cork City,Cork,Munster,ewXHRWS9PFk_Jerry Buttimer - speech from  17 Apr 2019.wav,parliament,,0.30-1.00,DAIL,/Users/cianan/Documents/College/GitHub/FYP/Data/DailData/roi_audio_processed/ewXHRWS9PFk_Jerry Buttimer - speech from  17 Apr 2019.wav
/Users/cianan/Documents/College/GitHub/FYP/Data/DailData/roi_audio_processed/wN7bydBEM_c_Senator Jerry Buttimer - speech from 16 May 2019.wav,wN7bydBEM_c,1,30,60,jerry buttimer,Fine Gael,Cork South-Central,Cork City,Cork,Munster,wN7bydBEM_c_Senator Jerry Buttimer - speech from 16 May 2019.wav,parliament,,0.30-1.00,DAIL,/Users/cianan/Documents/College/GitHub/FYP/Data/DailData/roi_audio_processed/wN7bydBEM_c_Senator Jerry Buttimer - speech from 16 May 2019.wav
/Users/cianan/Documents/College/GitHub/FYP/Data/DailData/roi_audio_processed/BmyA97s9S4w_Senator Jerry Buttimer - Order of Business - 8 May.wav,BmyA97s9S4w,1,30,60,jerry buttimer,Fine Gael,Cork South-Central,Cork City,Cork,Munster,BmyA97s9S4w_Senator Jerry Buttimer - Order of Business - 8 May.wav,parliament,,0.30-1.00,DAIL,/Users/cianan/Documents/College/GitHub/FYP/Data/DailData/roi_audio_processed/BmyA97s9S4w_Senator Jerry Buttimer - Order of Business - 8 May.wav
/Users/cianan/Documents/College/GitHub/FYP/Data/DailData/roi_audio_processed/wYehXWBnq_s_Senator Jerry Buttimer - speech from 21 May 2019.wav,wYehXWBnq_s,1,30,60,jerry buttimer,Fine Gael,Cork South-Central,Cork City,Cork,Munster,wYehXWBnq_s_Senator Jerry Buttimer - speech from 21 May 2019.wav,parliament,,0.30-1.00,DAIL,/Users/cianan/Documents/College/GitHub/FYP/Data/DailData/roi_audio_processed/wYehXWBnq_s_Senator Jerry Buttimer - speech from 21 May 2019.wav
/Users/cianan/Documents/College/GitHub/FYP/Data/DailData/roi_audio_processed/CBSA9nPi3fk_Senator Jerry Buttimer - speech from 25 Sep 2019.wav,CBSA9nPi3fk,1,30,60,jerry buttimer,Fine Gael,Cork South-Central,Cork City,Cork,Munster,CBSA9nPi3fk_Senator Jerry Buttimer - speech from 25 Sep 2019.wav,parliament,,0.30-1.00,DAIL,/Users/cianan/Documents/College/GitHub/FYP/Data/DailData/roi_audio_processed/CBSA9nPi3fk_Senator Jerry Buttimer - speech from 25 Sep 2019.wav
/Users/cianan/Documents/College/GitHub/FYP/Data/DailData/roi_audio_processed/QdK4fQStg1M_Jerry Buttimer - speech from  17 Apr 2019.wav,QdK4fQStg1M,1,30,60,jerry buttimer,Fine Gael,Cork South-Central,Cork City,Cork,Munster,QdK4fQStg1M_Jerry Buttimer - speech from  17 Apr 2019.wav,parliament,,0.30-1.00,DAIL,/Users/cianan/Documents/College/GitHub/FYP/Data/DailData/roi_audio_processed/QdK4fQStg1M_Jerry Buttimer - speech from  17 Apr 2019.wav
/Users/cianan/Documents/College/GitHub/FYP/Data/DailData/roi_audio_processed/SF1KO0Utm4E_Senator Jerry Buttimer - Order of Business - 8 May.wav,SF1KO0Utm4E,1,30,60,jerry buttimer,Fine Gael,Cork South-Central,Cork City,Cork,Munster,SF1KO0Utm4E_Senator Jerry Buttimer - Order of Business - 8 May.wav,parliament,,0.30-1.00,DAIL,/Users/cianan/Documents/College/GitHub/FYP/Data/DailData/roi_audio_processed/SF1KO0Utm4E_Senator Jerry Buttimer - Order of Business - 8 May.wav
/Users/cianan/Documents/College/GitHub/FYP/Data/DailData/roi_audio_processed/uoB4kx0brIg_Senator Jerry Buttimer - speech from 29 May 2019.wav,uoB4kx0brIg,1,30,60,jerry buttimer,Fine Gael,Cork South-Central,Cork City,Cork,Munster,uoB4kx0brIg_Senator Jerry Buttimer - speech from 29 May 2019.wav,parliament,,0.30-1.00,DAIL,/Users/cianan/Documents/College/GitHub/FYP/Data/DailData/roi_audio_processed/uoB4kx0brIg_Senator Jerry Buttimer - speech from 29 May 2019.wav
/Users/cianan/Documents/College/GitHub/FYP/Data/DailData/roi_audio_processed/42H3nbuBmf4_Jerry Buttimer - speech from  18 Apr 2019.wav,42H3nbuBmf4,1,30,60,jerry buttimer,Fine Gael,Cork South-Central,Cork City,Cork,Munster,42H3nbuBmf4_Jerry Buttimer - speech from  18 Apr 2019.wav,parliament,,0.30-1.00,DAIL,/Users/cianan/Documents/College/GitHub/FYP/Data/DailData/roi_audio_processed/42H3nbuBmf4_Jerry Buttimer - speech from  18 Apr 2019.wav
/Users/cianan/Documents/College/GitHub/FYP/Data/DailData/roi_audio_processed/lmpMiE4SqOQ_Deputy Jim Daly - Private Members’ Business - 12.0.wav,lmpMiE4SqOQ,1,30,60,jim daly,Fine Gael,Cork South-West,Drimnagh,Cork,Munster,lmpMiE4SqOQ_Deputy Jim Daly - Private Members‚Äô Business - 12.0.wav,parliament,,0.30-1.00,DAIL,/Users/cianan/Documents/College/GitHub/FYP/Data/DailData/roi_audio_processed/lmpMiE4SqOQ_Deputy Jim Daly - Private Members’ Business - 12.0.wav
/Users/cianan/Documents/College/GitHub/FYP/Data/DailData/roi_audio_processed/fETEW4mE2vU_Deputy Jim O'Callaghan - Government Business - 14 .wav,fETEW4mE2vU,1,30,60,jim o'callaghan,Fianna Fail,Dublin Bay South,Dublin City,Dublin City Centre,Leinster,fETEW4mE2vU_Deputy Jim O'Callaghan - Government Business - 14 .wav,parliament,,0.30-1.00,DAIL,/Users/cianan/Documents/College/GitHub/FYP/Data/DailData/roi_audio_processed/fETEW4mE2vU_Deputy Jim O'Callaghan - Government Business - 14 .wav
/Users/cianan/Documents/College/GitHub/FYP/Data/DailData/roi_audio_processed/lQdgTRXItZg_Deputy Jim O'Callaghan - Government Business - 06..wav,lQdgTRXItZg,1,30,60,jim o'callaghan,Fianna Fail,Dublin Bay South,Dublin City,Dublin City Centre,Leinster,lQdgTRXItZg_Deputy Jim O'Callaghan - Government Business - 06..wav,parliament,,0.30-1.00,DAIL,/Users/cianan/Documents/College/GitHub/FYP/Data/DailData/roi_audio_processed/lQdgTRXItZg_Deputy Jim O'Callaghan - Government Business - 06..wav
/Users/cianan/Documents/College/GitHub/FYP/Data/DailData/roi_audio_processed/uYe-TYqMd1E_Deputy Jim O'Callaghan - Government Business - 10..wav,uYe-TYqMd1E,1,30,60,jim o'callaghan,Fianna Fail,Dublin Bay South,Dublin City,Dublin City Centre,Leinster,uYe-TYqMd1E_Deputy Jim O'Callaghan - Government Business - 10..wav,parliament,,0.30-1.00,DAIL,/Users/cianan/Documents/College/GitHub/FYP/Data/DailData/roi_audio_processed/uYe-TYqMd1E_Deputy Jim O'Callaghan - Government Business - 10..wav
/Users/cianan/Documents/College/GitHub/FYP/Data/DailData/roi_audio_processed/zM-kNAvrC_g_Deputy Jim O'Callaghan - Government Business - 19 .wav,zM-kNAvrC_g,1,30,60,jim o'callaghan,Fianna Fail,Dublin Bay South,Dublin City,Dublin City Centre,Leinster,zM-kNAvrC_g_Deputy Jim O'Callaghan - Government Business - 19 .wav,parliament,,0.30-1.00,DAIL,/Users/cianan/Documents/College/GitHub/FYP/Data/DailData/roi_audio_processed/zM-kNAvrC_g_Deputy Jim O'Callaghan - Government Business - 19 .wav
/Users/cianan/Documents/College/GitHub/FYP/Data/DailData/roi_audio_processed/u2FaQpnRlPw_Deputy Jim O'Callaghan - Private Members’ Business.wav,u2FaQpnRlPw,1,30,60,jim o'callaghan,Fianna Fail,Dublin Bay South,Dublin City,Dublin City Centre,Leinster,u2FaQpnRlPw_Deputy Jim O'Callaghan - Private Members‚Äô Business.wav,parliament,,0.30-1.00,DAIL,/Users/cianan/Documents/College/GitHub/FYP/Data/DailData/roi_audio_processed/u2FaQpnRlPw_Deputy Jim O'Callaghan - Private Members’ Business.wav
/Users/cianan/Documents/College/GitHub/FYP/Data/DailData/roi_audio_processed/D-8OtppmBAk_Deputy Joan Burton - Government Business - 18.04.2.wav,D-8OtppmBAk,1,30,60,joan burton,Labour,Dublin West,Stoneybatter,Dublin City Centre,Leinster,D-8OtppmBAk_Deputy Joan Burton - Government Business - 18.04.2.wav,parliament,,0.30-1.00,DAIL,/Users/cianan/Documents/College/GitHub/FYP/Data/DailData/roi_audio_processed/D-8OtppmBAk_Deputy Joan Burton - Government Business - 18.04.2.wav
/Users/cianan/Documents/College/GitHub/FYP/Data/DailData/roi_audio_processed/MizvpUX7rFo_Deputy Joan Burton - Priority Questions - 10.04.20.wav,MizvpUX7rFo,1,30,60,joan burton,Labour,Dublin West,Stoneybatter,Dublin City Centre,Leinster,MizvpUX7rFo_Deputy Joan Burton - Priority Questions - 10.04.20.wav,parliament,,0.30-1.00,DAIL,/Users/cianan/Documents/College/GitHub/FYP/Data/DailData/roi_audio_processed/MizvpUX7rFo_Deputy Joan Burton - Priority Questions - 10.04.20.wav
/Users/cianan/Documents/College/GitHub/FYP/Data/DailData/roi_audio_processed/ICr6y_SVobQ_Deputy Joan Burton - Other Questions - 17.04.2019.wav,ICr6y_SVobQ,1,30,60,joan burton,Labour,Dublin West,Stoneybatter,Dublin City Centre,Leinster,ICr6y_SVobQ_Deputy Joan Burton - Other Questions - 17.04.2019.wav,parliament,,0.30-1.00,DAIL,/Users/cianan/Documents/College/GitHub/FYP/Data/DailData/roi_audio_processed/ICr6y_SVobQ_Deputy Joan Burton - Other Questions - 17.04.2019.wav
/Users/cianan/Documents/College/GitHub/FYP/Data/DailData/roi_audio_processed/0x6A21LQebI_Deputy Joan Burton - Order of Business - 8 May 201.wav,0x6A21LQebI,1,30,60,joan burton,Labour,Dublin West,Stoneybatter,Dublin City Centre,Leinster,0x6A21LQebI_Deputy Joan Burton - Order of Business - 8 May 201.wav,parliament,,0.30-1.00,DAIL,/Users/cianan/Documents/College/GitHub/FYP/Data/DailData/roi_audio_processed/0x6A21LQebI_Deputy Joan Burton - Order of Business - 8 May 201.wav
/Users/cianan/Documents/College/GitHub/FYP/Data/DailData/roi_audio_processed/9wZBpH0x8y8_Deputy Joan Burton - Other Questions - 8 May 2019.wav,9wZBpH0x8y8,1,30,60,joan burton,Labour,Dublin West,Stoneybatter,Dublin City Centre,Leinster,9wZBpH0x8y8_Deputy Joan Burton - Other Questions - 8 May 2019.wav,parliament,,0.30-1.00,DAIL,/Users/cianan/Documents/College/GitHub/FYP/Data/DailData/roi_audio_processed/9wZBpH0x8y8_Deputy Joan Burton - Other Questions - 8 May 2019.wav
/Users/cianan/Documents/College/GitHub/FYP/Data/DailData/roi_audio_processed/IchlwI_aOFY_Deputy Joan Burton - Topical Issues - 06.03.2019.wav,IchlwI_aOFY,1,30,60,joan burton,Labour,Dublin West,Stoneybatter,Dublin City Centre,Leinster,IchlwI_aOFY_Deputy Joan Burton - Topical Issues - 06.03.2019.wav,parliament,,0.30-1.00,DAIL,/Users/cianan/Documents/College/GitHub/FYP/Data/DailData/roi_audio_processed/IchlwI_aOFY_Deputy Joan Burton - Topical Issues - 06.03.2019.wav
/Users/cianan/Documents/College/GitHub/FYP/Data/DailData/roi_audio_processed/EfkElAqTkmM_Deputy Joan Burton - Other Questions - 18.04.2019.wav,EfkElAqTkmM,1,30,60,joan burton,Labour,Dublin West,Stoneybatter,Dublin City Centre,Leinster,EfkElAqTkmM_Deputy Joan Burton - Other Questions - 18.04.2019.wav,parliament,,0.30-1.00,DAIL,/Users/cianan/Documents/College/GitHub/FYP/Data/DailData/roi_audio_processed/EfkElAqTkmM_Deputy Joan Burton - Other Questions - 18.04.2019.wav
/Users/cianan/Documents/College/GitHub/FYP/Data/DailData/roi_audio_processed/J-J-Pe2crHA_Deputy Joan Burton - Other Questions - 17.04.2019.wav,J-J-Pe2crHA,1,30,60,joan burton,Labour,Dublin West,Stoneybatter,Dublin City Centre,Leinster,J-J-Pe2crHA_Deputy Joan Burton - Other Questions - 17.04.2019.wav,parliament,,0.30-1.00,DAIL,/Users/cianan/Documents/College/GitHub/FYP/Data/DailData/roi_audio_processed/J-J-Pe2crHA_Deputy Joan Burton - Other Questions - 17.04.2019.wav
/Users/cianan/Documents/College/GitHub/FYP/Data/DailData/roi_audio_processed/zUEtJc_RwUo_Deputy Joan Burton - Taoiseach’s Questions - 05.03.wav,zUEtJc_RwUo,1,30,60,joan burton,Labour,Dublin West,Stoneybatter,Dublin City Centre,Leinster,zUEtJc_RwUo_Deputy Joan Burton - Taoiseach‚Äôs Questions - 05.03.wav,parliament,,0.30-1.00,DAIL,/Users/cianan/Documents/College/GitHub/FYP/Data/DailData/roi_audio_processed/zUEtJc_RwUo_Deputy Joan Burton - Taoiseach’s Questions - 05.03.wav
/Users/cianan/Documents/College/GitHub/FYP/Data/DailData/roi_audio_processed/q7a50YAMSe0_Deputy Joan Burton - Questions on Promised Legisla.wav,q7a50YAMSe0,1,30,60,joan burton,Labour,Dublin West,Stoneybatter,Dublin City Centre,Leinster,q7a50YAMSe0_Deputy Joan Burton - Questions on Promised Legisla.wav,parliament,,0.30-1.00,DAIL,/Users/cianan/Documents/College/GitHub/FYP/Data/DailData/roi_audio_processed/q7a50YAMSe0_Deputy Joan Burton - Questions on Promised Legisla.wav
/Users/cianan/Documents/College/GitHub/FYP/Data/DailData/roi_audio_processed/cJC0Wb1vD6c_Deputy Joan Burton - Taoiseach’s Questions - 17 Se.wav,cJC0Wb1vD6c,1,30,60,joan burton,Labour,Dublin West,Stoneybatter,Dublin City Centre,Leinster,cJC0Wb1vD6c_Deputy Joan Burton - Taoiseach‚Äôs Questions - 17 Se.wav,parliament,,0.30-1.00,DAIL,/Users/cianan/Documents/College/GitHub/FYP/Data/DailData/roi_audio_processed/cJC0Wb1vD6c_Deputy Joan Burton - Taoiseach’s Questions - 17 Se.wav
/Users/cianan/Documents/College/GitHub/FYP/Data/DailData/roi_audio_processed/L0azMtYzx1o_Deputy Joan Burton - Other Questions - 06.03.2019.wav,L0azMtYzx1o,1,30,60,joan burton,Labour,Dublin West,Stoneybatter,Dublin City Centre,Leinster,L0azMtYzx1o_Deputy Joan Burton - Other Questions - 06.03.2019.wav,parliament,,0.30-1.00,DAIL,/Users/cianan/Documents/College/GitHub/FYP/Data/DailData/roi_audio_processed/L0azMtYzx1o_Deputy Joan Burton - Other Questions - 06.03.2019.wav
/Users/cianan/Documents/College/GitHub/FYP/Data/DailData/roi_audio_processed/VRenIaYn0IY_Deputy Joan Burton - Taoiseach’s Questions - 16.04.wav,VRenIaYn0IY,1,30,60,joan burton,Labour,Dublin West,Stoneybatter,Dublin City Centre,Leinster,VRenIaYn0IY_Deputy Joan Burton - Taoiseach‚Äôs Questions - 16.04.wav,parliament,,0.30-1.00,DAIL,/Users/cianan/Documents/College/GitHub/FYP/Data/DailData/roi_audio_processed/VRenIaYn0IY_Deputy Joan Burton - Taoiseach’s Questions - 16.04.wav
/Users/cianan/Documents/College/GitHub/FYP/Data/DailData/roi_audio_processed/wgs8saCjPv0_Deputy Joan Burton - Other Questions - 8 May 2019.wav,wgs8saCjPv0,1,30,60,joan burton,Labour,Dublin West,Stoneybatter,Dublin City Centre,Leinster,wgs8saCjPv0_Deputy Joan Burton - Other Questions - 8 May 2019.wav,parliament,,0.30-1.00,DAIL,/Users/cianan/Documents/College/GitHub/FYP/Data/DailData/roi_audio_processed/wgs8saCjPv0_Deputy Joan Burton - Other Questions - 8 May 2019.wav
/Users/cianan/Documents/College/GitHub/FYP/Data/DailData/roi_audio_processed/VivXCc_diIM_Deputy Joan Burton - Other Questions - 05.03.2019.wav,VivXCc_diIM,1,30,60,joan burton,Labour,Dublin West,Stoneybatter,Dublin City Centre,Leinster,VivXCc_diIM_Deputy Joan Burton - Other Questions - 05.03.2019.wav,parliament,,0.30-1.00,DAIL,/Users/cianan/Documents/College/GitHub/FYP/Data/DailData/roi_audio_processed/VivXCc_diIM_Deputy Joan Burton - Other Questions - 05.03.2019.wav
/Users/cianan/Documents/College/GitHub/FYP/Data/DailData/roi_audio_processed/eIAdxXvL3vs_Deputy Joan Burton - Taoiseach’s Questions - 17.04.wav,eIAdxXvL3vs,1,30,60,joan burton,Labour,Dublin West,Stoneybatter,Dublin City Centre,Leinster,eIAdxXvL3vs_Deputy Joan Burton - Taoiseach‚Äôs Questions - 17.04.wav,parliament,,0.30-1.00,DAIL,/Users/cianan/Documents/College/GitHub/FYP/Data/DailData/roi_audio_processed/eIAdxXvL3vs_Deputy Joan Burton - Taoiseach’s Questions - 17.04.wav
/Users/cianan/Documents/College/GitHub/FYP/Data/DailData/roi_audio_processed/jbWhOa34tSU_Deputy Joan Burton - Priority Questions - 05.03.20.wav,jbWhOa34tSU,1,30,60,joan burton,Labour,Dublin West,Stoneybatter,Dublin City Centre,Leinster,jbWhOa34tSU_Deputy Joan Burton - Priority Questions - 05.03.20.wav,parliament,,0.30-1.00,DAIL,/Users/cianan/Documents/College/GitHub/FYP/Data/DailData/roi_audio_processed/jbWhOa34tSU_Deputy Joan Burton - Priority Questions - 05.03.20.wav
/Users/cianan/Documents/College/GitHub/FYP/Data/DailData/roi_audio_processed/YWSjrpGg7Z0_Deputy Joan Burton - Priority Questions - 17.04.20.wav,YWSjrpGg7Z0,1,30,60,joan burton,Labour,Dublin West,Stoneybatter,Dublin City Centre,Leinster,YWSjrpGg7Z0_Deputy Joan Burton - Priority Questions - 17.04.20.wav,parliament,,0.30-1.00,DAIL,/Users/cianan/Documents/College/GitHub/FYP/Data/DailData/roi_audio_processed/YWSjrpGg7Z0_Deputy Joan Burton - Priority Questions - 17.04.20.wav
/Users/cianan/Documents/College/GitHub/FYP/Data/DailData/roi_audio_processed/uE9Wq-EsxFU_Deputy Joan Burton - Topical Issues - 8 May 2019.wav,uE9Wq-EsxFU,1,30,60,joan burton,Labour,Dublin West,Stoneybatter,Dublin City Centre,Leinster,uE9Wq-EsxFU_Deputy Joan Burton - Topical Issues - 8 May 2019.wav,parliament,,0.30-1.00,DAIL,/Users/cianan/Documents/College/GitHub/FYP/Data/DailData/roi_audio_processed/uE9Wq-EsxFU_Deputy Joan Burton - Topical Issues - 8 May 2019.wav
/Users/cianan/Documents/College/GitHub/FYP/Data/DailData/roi_audio_processed/a7Eij5GgEXE_Deputy Joan Burton - Private Members’ Business - 1.wav,a7Eij5GgEXE,1,30,60,joan burton,Labour,Dublin West,Stoneybatter,Dublin City Centre,Leinster,a7Eij5GgEXE_Deputy Joan Burton - Private Members‚Äô Business - 1.wav,parliament,,0.30-1.00,DAIL,/Users/cianan/Documents/College/GitHub/FYP/Data/DailData/roi_audio_processed/a7Eij5GgEXE_Deputy Joan Burton - Private Members’ Business - 1.wav
/Users/cianan/Documents/College/GitHub/FYP/Data/DailData/roi_audio_processed/hKf1GnV94cA_Deputy Joan Burton - Priority Questions - 8 May 20.wav,hKf1GnV94cA,1,30,60,joan burton,Labour,Dublin West,Stoneybatter,Dublin City Centre,Leinster,hKf1GnV94cA_Deputy Joan Burton - Priority Questions - 8 May 20.wav,parliament,,0.30-1.00,DAIL,/Users/cianan/Documents/College/GitHub/FYP/Data/DailData/roi_audio_processed/hKf1GnV94cA_Deputy Joan Burton - Priority Questions - 8 May 20.wav
/Users/cianan/Documents/College/GitHub/FYP/Data/DailData/roi_audio_processed/g7LHmISDBpY_Deputy Joan Burton - Taoiseach’s Questions - 17.04.wav,g7LHmISDBpY,1,30,60,joan burton,Labour,Dublin West,Stoneybatter,Dublin City Centre,Leinster,g7LHmISDBpY_Deputy Joan Burton - Taoiseach‚Äôs Questions - 17.04.wav,parliament,,0.30-1.00,DAIL,/Users/cianan/Documents/College/GitHub/FYP/Data/DailData/roi_audio_processed/g7LHmISDBpY_Deputy Joan Burton - Taoiseach’s Questions - 17.04.wav
/Users/cianan/Documents/College/GitHub/FYP/Data/DailData/roi_audio_processed/fDjnKM99AbU_Deputy Joan Burton - Taoiseach’s Questions - 16.04.wav,fDjnKM99AbU,1,30,60,joan burton,Labour,Dublin West,Stoneybatter,Dublin City Centre,Leinster,fDjnKM99AbU_Deputy Joan Burton - Taoiseach‚Äôs Questions - 16.04.wav,parliament,,0.30-1.00,DAIL,/Users/cianan/Documents/College/GitHub/FYP/Data/DailData/roi_audio_processed/fDjnKM99AbU_Deputy Joan Burton - Taoiseach’s Questions - 16.04.wav
/Users/cianan/Documents/College/GitHub/FYP/Data/DailData/roi_audio_processed/8P9NwqciYrA_Deputy Joan Collins - Private Members’ Business - .wav,8P9NwqciYrA,1,30,60,joan collins,Right to Change,Dublin South-Central,Drimnagh,Dublin South,Leinster,8P9NwqciYrA_Deputy Joan Collins - Private Members‚Äô Business - .wav,parliament,,0.30-1.00,DAIL,/Users/cianan/Documents/College/GitHub/FYP/Data/DailData/roi_audio_processed/8P9NwqciYrA_Deputy Joan Collins - Private Members’ Business - .wav
/Users/cianan/Documents/College/GitHub/FYP/Data/DailData/roi_audio_processed/IdoSCuhsxuA_Deputy Joan Collins - Private Members’ Business - .wav,IdoSCuhsxuA,1,30,60,joan collins,Right to Change,Dublin South-Central,Drimnagh,Dublin South,Leinster,IdoSCuhsxuA_Deputy Joan Collins - Private Members‚Äô Business - .wav,parliament,,0.30-1.00,DAIL,/Users/cianan/Documents/College/GitHub/FYP/Data/DailData/roi_audio_processed/IdoSCuhsxuA_Deputy Joan Collins - Private Members’ Business - .wav
/Users/cianan/Documents/College/GitHub/FYP/Data/DailData/roi_audio_processed/bLkSZtHqhcg_Deputy Joan Collins - Leaders’ Questions - 07.03.2.wav,bLkSZtHqhcg,1,30,60,joan collins,Right to Change,Dublin South-Central,Drimnagh,Dublin South,Leinster,bLkSZtHqhcg_Deputy Joan Collins - Leaders‚Äô Questions - 07.03.2.wav,parliament,,0.30-1.00,DAIL,/Users/cianan/Documents/College/GitHub/FYP/Data/DailData/roi_audio_processed/bLkSZtHqhcg_Deputy Joan Collins - Leaders’ Questions - 07.03.2.wav
/Users/cianan/Documents/College/GitHub/FYP/Data/DailData/roi_audio_processed/hiu1QoluYnc_Deputy Joan Collins - Questions on Promised Legisl.wav,hiu1QoluYnc,1,30,60,joan collins,Right to Change,Dublin South-Central,Drimnagh,Dublin South,Leinster,hiu1QoluYnc_Deputy Joan Collins - Questions on Promised Legisl.wav,parliament,,0.30-1.00,DAIL,/Users/cianan/Documents/College/GitHub/FYP/Data/DailData/roi_audio_processed/hiu1QoluYnc_Deputy Joan Collins - Questions on Promised Legisl.wav
/Users/cianan/Documents/College/GitHub/FYP/Data/DailData/roi_audio_processed/jUs8CW81SVE_Deputy Joan Collins - Private Members’ Business - .wav,jUs8CW81SVE,1,30,60,joan collins,Right to Change,Dublin South-Central,Drimnagh,Dublin South,Leinster,jUs8CW81SVE_Deputy Joan Collins - Private Members‚Äô Business - .wav,parliament,,0.30-1.00,DAIL,/Users/cianan/Documents/College/GitHub/FYP/Data/DailData/roi_audio_processed/jUs8CW81SVE_Deputy Joan Collins - Private Members’ Business - .wav
/Users/cianan/Documents/College/GitHub/FYP/Data/DailData/roi_audio_processed/rYaXLc_aTOk_Senator Joan Freeman - speech from 25 Jun 2019.wav,rYaXLc_aTOk,1,30,60,joan freeman,Independent,,Warickshire,England,Other,rYaXLc_aTOk_Senator Joan Freeman - speech from 25 Jun 2019.wav,parliament,,0.30-1.00,DAIL,/Users/cianan/Documents/College/GitHub/FYP/Data/DailData/roi_audio_processed/rYaXLc_aTOk_Senator Joan Freeman - speech from 25 Jun 2019.wav
/Users/cianan/Documents/College/GitHub/FYP/Data/DailData/roi_audio_processed/VBtsLTcm8ls_Senator Joan Freeman - speech from 29 May 2019.wav,VBtsLTcm8ls,1,30,60,joan freeman,Independent,,Warickshire,England,Other,VBtsLTcm8ls_Senator Joan Freeman - speech from 29 May 2019.wav,parliament,,0.30-1.00,DAIL,/Users/cianan/Documents/College/GitHub/FYP/Data/DailData/roi_audio_processed/VBtsLTcm8ls_Senator Joan Freeman - speech from 29 May 2019.wav
/Users/cianan/Documents/College/GitHub/FYP/Data/DailData/roi_audio_processed/koi_TL5t2YE_Deputy Joe Carey - Other Questions - 27 Jun 2019.wav,koi_TL5t2YE,1,30,60,joe carey,Fine Gael,Clare,Limerick City,Limerick,Munster,koi_TL5t2YE_Deputy Joe Carey - Other Questions - 27 Jun 2019.wav,parliament,,0.30-1.00,DAIL,/Users/cianan/Documents/College/GitHub/FYP/Data/DailData/roi_audio_processed/koi_TL5t2YE_Deputy Joe Carey - Other Questions - 27 Jun 2019.wav
/Users/cianan/Documents/College/GitHub/FYP/Data/DailData/roi_audio_processed/wZCKR0CNlYM_Deputy Joe Carey - Fine Gael - speech from 20 May .wav,wZCKR0CNlYM,1,30,60,joe carey,Fine Gael,Clare,Limerick City,Limerick,Munster,wZCKR0CNlYM_Deputy Joe Carey - Fine Gael - speech from 20 May .wav,parliament,,0.30-1.00,DAIL,/Users/cianan/Documents/College/GitHub/FYP/Data/DailData/roi_audio_processed/wZCKR0CNlYM_Deputy Joe Carey - Fine Gael - speech from 20 May .wav
/Users/cianan/Documents/College/GitHub/FYP/Data/DailData/roi_audio_processed/AET9mVTW_uE_Deputy Joe Carrey- speech from 24 Mar 2022.wav,AET9mVTW_uE,1,30,60,joe carrey,Fine Gael,Clare,Limerick City,Limerick,Munster,AET9mVTW_uE_Deputy Joe Carrey- speech from 24 Mar 2022.wav,parliament,,0.30-1.00,DAIL,/Users/cianan/Documents/College/GitHub/FYP/Data/DailData/roi_audio_processed/AET9mVTW_uE_Deputy Joe Carrey- speech from 24 Mar 2022.wav
/Users/cianan/Documents/College/GitHub/FYP/Data/DailData/roi_audio_processed/JrlDAbfSg7w_Deputy Joe Flaherty - speech from 13 May 2021.wav,JrlDAbfSg7w,1,30,60,joe flaherty,Fianna Fail,Longford-Westmeath,Mullingar,Westmeath,Leinster,JrlDAbfSg7w_Deputy Joe Flaherty - speech from 13 May 2021.wav,parliament,,0.30-1.00,DAIL,/Users/cianan/Documents/College/GitHub/FYP/Data/DailData/roi_audio_processed/JrlDAbfSg7w_Deputy Joe Flaherty - speech from 13 May 2021.wav
/Users/cianan/Documents/College/GitHub/FYP/Data/DailData/roi_audio_processed/4cH6OxnN-ag_Deputy Joe McHugh - Government Business - 05.03.20.wav,4cH6OxnN-ag,1,30,60,joe mchugh,Fine Gael,Donegal,Carrigart,Donegal,Ulster,4cH6OxnN-ag_Deputy Joe McHugh - Government Business - 05.03.20.wav,parliament,,0.30-1.00,DAIL,/Users/cianan/Documents/College/GitHub/FYP/Data/DailData/roi_audio_processed/4cH6OxnN-ag_Deputy Joe McHugh - Government Business - 05.03.20.wav
/Users/cianan/Documents/College/GitHub/FYP/Data/DailData/roi_audio_processed/F0NnjUCUB80_Deputy Joe McHugh- speech from 1 Apr 2021.wav,F0NnjUCUB80,1,30,60,joe mchugh,Fine Gael,Donegal,Carrigart,Donegal,Ulster,F0NnjUCUB80_Deputy Joe McHugh- speech from 1 Apr 2021.wav,parliament,,0.30-1.00,DAIL,/Users/cianan/Documents/College/GitHub/FYP/Data/DailData/roi_audio_processed/F0NnjUCUB80_Deputy Joe McHugh- speech from 1 Apr 2021.wav
/Users/cianan/Documents/College/GitHub/FYP/Data/DailData/roi_audio_processed/bQZiE-OWCdU_Deputy Joe McHugh - Government Business - 10 Jul 2.wav,bQZiE-OWCdU,1,30,60,joe mchugh,Fine Gael,Donegal,Carrigart,Donegal,Ulster,bQZiE-OWCdU_Deputy Joe McHugh - Government Business - 10 Jul 2.wav,parliament,,0.30-1.00,DAIL,/Users/cianan/Documents/College/GitHub/FYP/Data/DailData/roi_audio_processed/bQZiE-OWCdU_Deputy Joe McHugh - Government Business - 10 Jul 2.wav
/Users/cianan/Documents/College/GitHub/FYP/Data/DailData/roi_audio_processed/iQbqM_AkW54_Senator  Joe O'Reilly- speech from 1 Mar 2022.wav,iQbqM_AkW54,1,30,60,joe o'reilly,Fine Gael,Cavan-Monaghan,Cootehill,Cavan,Ulster,iQbqM_AkW54_Senator  Joe O'Reilly- speech from 1 Mar 2022.wav,parliament,,0.30-1.00,DAIL,/Users/cianan/Documents/College/GitHub/FYP/Data/DailData/roi_audio_processed/iQbqM_AkW54_Senator  Joe O'Reilly- speech from 1 Mar 2022.wav
/Users/cianan/Documents/College/GitHub/FYP/Data/DailData/roi_audio_processed/xpAClrutGyU_Senator Joe O'Reilly- speech from 20 Jan 2022.wav,xpAClrutGyU,1,30,60,joe o'reilly,Fine Gael,Cavan-Monaghan,Cootehill,Cavan,Ulster,xpAClrutGyU_Senator Joe O'Reilly- speech from 20 Jan 2022.wav,parliament,,0.30-1.00,DAIL,/Users/cianan/Documents/College/GitHub/FYP/Data/DailData/roi_audio_processed/xpAClrutGyU_Senator Joe O'Reilly- speech from 20 Jan 2022.wav
/Users/cianan/Documents/College/GitHub/FYP/Data/DailData/roi_audio_processed/zxJTrKpe5gI_Senator Joe O'Reilly- speech from 26 Jan 2022.wav,zxJTrKpe5gI,1,30,60,joe o'reilly,Fine Gael,Cavan-Monaghan,Cootehill,Cavan,Ulster,zxJTrKpe5gI_Senator Joe O'Reilly- speech from 26 Jan 2022.wav,parliament,,0.30-1.00,DAIL,/Users/cianan/Documents/College/GitHub/FYP/Data/DailData/roi_audio_processed/zxJTrKpe5gI_Senator Joe O'Reilly- speech from 26 Jan 2022.wav
/Users/cianan/Documents/College/GitHub/FYP/Data/DailData/roi_audio_processed/R0GDWakL-k0_Senator Joe O'Reilly- speech from 22 Feb 2022.wav,R0GDWakL-k0,1,30,60,joe o'reilly,Fine Gael,Cavan-Monaghan,Cootehill,Cavan,Ulster,R0GDWakL-k0_Senator Joe O'Reilly- speech from 22 Feb 2022.wav,parliament,,0.30-1.00,DAIL,/Users/cianan/Documents/College/GitHub/FYP/Data/DailData/roi_audio_processed/R0GDWakL-k0_Senator Joe O'Reilly- speech from 22 Feb 2022.wav
/Users/cianan/Documents/College/GitHub/FYP/Data/DailData/roi_audio_processed/aUhJhV_WZMs_Senator Joe O'Reilly- speech from 21 Sep 2021.wav,aUhJhV_WZMs,1,30,60,joe o'reilly,Fine Gael,Cavan-Monaghan,Cootehill,Cavan,Ulster,aUhJhV_WZMs_Senator Joe O'Reilly- speech from 21 Sep 2021.wav,parliament,,0.30-1.00,DAIL,/Users/cianan/Documents/College/GitHub/FYP/Data/DailData/roi_audio_processed/aUhJhV_WZMs_Senator Joe O'Reilly- speech from 21 Sep 2021.wav
/Users/cianan/Documents/College/GitHub/FYP/Data/DailData/roi_audio_processed/kLFKUDicPfo_Senator Joe O'Reilly - speech from 1 Mar 2022.wav,kLFKUDicPfo,1,30,60,joe o'reilly,Fine Gael,Cavan-Monaghan,Cootehill,Cavan,Ulster,kLFKUDicPfo_Senator Joe O'Reilly - speech from 1 Mar 2022.wav,parliament,,0.30-1.00,DAIL,/Users/cianan/Documents/College/GitHub/FYP/Data/DailData/roi_audio_processed/kLFKUDicPfo_Senator Joe O'Reilly - speech from 1 Mar 2022.wav
/Users/cianan/Documents/College/GitHub/FYP/Data/DailData/roi_audio_processed/yZgMiFxmlwc_Senator Joe O'Reilly- speech from 19 Oct 2021.wav,yZgMiFxmlwc,1,30,60,joe o'reilly,Fine Gael,Cavan-Monaghan,Cootehill,Cavan,Ulster,yZgMiFxmlwc_Senator Joe O'Reilly- speech from 19 Oct 2021.wav,parliament,,0.30-1.00,DAIL,/Users/cianan/Documents/College/GitHub/FYP/Data/DailData/roi_audio_processed/yZgMiFxmlwc_Senator Joe O'Reilly- speech from 19 Oct 2021.wav
/Users/cianan/Documents/College/GitHub/FYP/Data/DailData/roi_audio_processed/9Q1IXfZhU9g_Senator Joe O'Reilly- speech from 14 Dec 2021.wav,9Q1IXfZhU9g,1,30,60,joe o'reilly,Fine Gael,Cavan-Monaghan,Cootehill,Cavan,Ulster,9Q1IXfZhU9g_Senator Joe O'Reilly- speech from 14 Dec 2021.wav,parliament,,0.30-1.00,DAIL,/Users/cianan/Documents/College/GitHub/FYP/Data/DailData/roi_audio_processed/9Q1IXfZhU9g_Senator Joe O'Reilly- speech from 14 Dec 2021.wav
/Users/cianan/Documents/College/GitHub/FYP/Data/DailData/roi_audio_processed/ybUJgFEZe_I_Senator Joe O'Reilly- speech from 1 Mar 2021.wav,ybUJgFEZe_I,1,30,60,joe o'reilly,Fine Gael,Cavan-Monaghan,Cootehill,Cavan,Ulster,ybUJgFEZe_I_Senator Joe O'Reilly- speech from 1 Mar 2021.wav,parliament,,0.30-1.00,DAIL,/Users/cianan/Documents/College/GitHub/FYP/Data/DailData/roi_audio_processed/ybUJgFEZe_I_Senator Joe O'Reilly- speech from 1 Mar 2021.wav
/Users/cianan/Documents/College/GitHub/FYP/Data/DailData/roi_audio_processed/bDKySjwhue0_Senator Joe O'Reilly- speech from 22 Feb 2021.wav,bDKySjwhue0,1,30,60,joe o'reilly,Fine Gael,Cavan-Monaghan,Cootehill,Cavan,Ulster,bDKySjwhue0_Senator Joe O'Reilly- speech from 22 Feb 2021.wav,parliament,,0.30-1.00,DAIL,/Users/cianan/Documents/College/GitHub/FYP/Data/DailData/roi_audio_processed/bDKySjwhue0_Senator Joe O'Reilly- speech from 22 Feb 2021.wav
/Users/cianan/Documents/College/GitHub/FYP/Data/DailData/roi_audio_processed/_GTDxA6EBuw_Senator  Joe O'Reilly- speech from 2 Dec 2021.wav,_GTDxA6EBuw,1,30,60,joe o'reilly,Fine Gael,Cavan-Monaghan,Cootehill,Cavan,Ulster,_GTDxA6EBuw_Senator  Joe O'Reilly- speech from 2 Dec 2021.wav,parliament,,0.30-1.00,DAIL,/Users/cianan/Documents/College/GitHub/FYP/Data/DailData/roi_audio_processed/_GTDxA6EBuw_Senator  Joe O'Reilly- speech from 2 Dec 2021.wav
/Users/cianan/Documents/College/GitHub/FYP/Data/DailData/roi_audio_processed/K2_0U5YBeQw_Senator Joe O'Reilly- speech from 8 Mar 2021.wav,K2_0U5YBeQw,1,30,60,joe o'reilly,Fine Gael,Cavan-Monaghan,Cootehill,Cavan,Ulster,K2_0U5YBeQw_Senator Joe O'Reilly- speech from 8 Mar 2021.wav,parliament,,0.30-1.00,DAIL,/Users/cianan/Documents/College/GitHub/FYP/Data/DailData/roi_audio_processed/K2_0U5YBeQw_Senator Joe O'Reilly- speech from 8 Mar 2021.wav
/Users/cianan/Documents/College/GitHub/FYP/Data/DailData/roi_audio_processed/sA89IXwGGbY_Senator Joe O'Reilly- speech from 1 Feb 2021.wav,sA89IXwGGbY,1,30,60,joe o'reilly,Fine Gael,Cavan-Monaghan,Cootehill,Cavan,Ulster,sA89IXwGGbY_Senator Joe O'Reilly- speech from 1 Feb 2021.wav,parliament,,0.30-1.00,DAIL,/Users/cianan/Documents/College/GitHub/FYP/Data/DailData/roi_audio_processed/sA89IXwGGbY_Senator Joe O'Reilly- speech from 1 Feb 2021.wav
/Users/cianan/Documents/College/GitHub/FYP/Data/DailData/roi_audio_processed/32Vejqtx39E_Senator Joe O'Reilly  - Fine Gael - speech from 4 .wav,32Vejqtx39E,1,30,60,joe o'reilly,Fine Gael,Cavan-Monaghan,Cootehill,Cavan,Ulster,32Vejqtx39E_Senator Joe O'Reilly  - Fine Gael - speech from 4 .wav,parliament,,0.30-1.00,DAIL,/Users/cianan/Documents/College/GitHub/FYP/Data/DailData/roi_audio_processed/32Vejqtx39E_Senator Joe O'Reilly  - Fine Gael - speech from 4 .wav
/Users/cianan/Documents/College/GitHub/FYP/Data/DailData/roi_audio_processed/Q1ddsK4zbuI_Senator Joe O'Reilly - speech from 1 May.wav,Q1ddsK4zbuI,1,30,60,joe o'reilly,Fine Gael,Cavan-Monaghan,Cootehill,Cavan,Ulster,Q1ddsK4zbuI_Senator Joe O'Reilly - speech from 1 May.wav,parliament,,0.30-1.00,DAIL,/Users/cianan/Documents/College/GitHub/FYP/Data/DailData/roi_audio_processed/Q1ddsK4zbuI_Senator Joe O'Reilly - speech from 1 May.wav
/Users/cianan/Documents/College/GitHub/FYP/Data/DailData/roi_audio_processed/EI64IfA_WLI_Senator Joe O'Reilly- Fine Gael -speech from 31May.wav,EI64IfA_WLI,1,30,60,joe o'reilly,Fine Gael,Cavan-Monaghan,Cootehill,Cavan,Ulster,EI64IfA_WLI_Senator Joe O'Reilly- Fine Gael -speech from 31May.wav,parliament,,0.30-1.00,DAIL,/Users/cianan/Documents/College/GitHub/FYP/Data/DailData/roi_audio_processed/EI64IfA_WLI_Senator Joe O'Reilly- Fine Gael -speech from 31May.wav
/Users/cianan/Documents/College/GitHub/FYP/Data/DailData/roi_audio_processed/dcwN9SibpQw_Senator Joe O'Reilly- speech from 10 Mar 2022.wav,dcwN9SibpQw,1,30,60,joe o'reilly,Fine Gael,Cavan-Monaghan,Cootehill,Cavan,Ulster,dcwN9SibpQw_Senator Joe O'Reilly- speech from 10 Mar 2022.wav,parliament,,0.30-1.00,DAIL,/Users/cianan/Documents/College/GitHub/FYP/Data/DailData/roi_audio_processed/dcwN9SibpQw_Senator Joe O'Reilly- speech from 10 Mar 2022.wav
/Users/cianan/Documents/College/GitHub/FYP/Data/DailData/roi_audio_processed/BRb7Qg0rbwU_Senator Joe O'Reilly- speech from 15 Jun 2021.wav,BRb7Qg0rbwU,1,30,60,joe o'reilly,Fine Gael,Cavan-Monaghan,Cootehill,Cavan,Ulster,BRb7Qg0rbwU_Senator Joe O'Reilly- speech from 15 Jun 2021.wav,parliament,,0.30-1.00,DAIL,/Users/cianan/Documents/College/GitHub/FYP/Data/DailData/roi_audio_processed/BRb7Qg0rbwU_Senator Joe O'Reilly- speech from 15 Jun 2021.wav
/Users/cianan/Documents/College/GitHub/FYP/Data/DailData/roi_audio_processed/ebsi8HWr8Hg_Senator Joe O'Reilly- speech from 1 Dec 2021.wav,ebsi8HWr8Hg,1,30,60,joe o'reilly,Fine Gael,Cavan-Monaghan,Cootehill,Cavan,Ulster,ebsi8HWr8Hg_Senator Joe O'Reilly- speech from 1 Dec 2021.wav,parliament,,0.30-1.00,DAIL,/Users/cianan/Documents/College/GitHub/FYP/Data/DailData/roi_audio_processed/ebsi8HWr8Hg_Senator Joe O'Reilly- speech from 1 Dec 2021.wav
/Users/cianan/Documents/College/GitHub/FYP/Data/DailData/roi_audio_processed/k06SW5wiFII_Senator  Joe O'Reilly - speech from 4 May 2021.wav,k06SW5wiFII,1,30,60,joe o'reilly,Fine Gael,Cavan-Monaghan,Cootehill,Cavan,Ulster,k06SW5wiFII_Senator  Joe O'Reilly - speech from 4 May 2021.wav,parliament,,0.30-1.00,DAIL,/Users/cianan/Documents/College/GitHub/FYP/Data/DailData/roi_audio_processed/k06SW5wiFII_Senator  Joe O'Reilly - speech from 4 May 2021.wav
/Users/cianan/Documents/College/GitHub/FYP/Data/DailData/roi_audio_processed/Ygm8VZnT6Ek_Senator Joe O'Reilly - speech from 15 Jul 2021.wav,Ygm8VZnT6Ek,1,30,60,joe o'reilly,Fine Gael,Cavan-Monaghan,Cootehill,Cavan,Ulster,Ygm8VZnT6Ek_Senator Joe O'Reilly - speech from 15 Jul 2021.wav,parliament,,0.30-1.00,DAIL,/Users/cianan/Documents/College/GitHub/FYP/Data/DailData/roi_audio_processed/Ygm8VZnT6Ek_Senator Joe O'Reilly - speech from 15 Jul 2021.wav
/Users/cianan/Documents/College/GitHub/FYP/Data/DailData/roi_audio_processed/_oWju6ekIZk_Senator Joe O'Reilly - speech from 18 Nov 2021.wav,_oWju6ekIZk,1,30,60,joe o'reilly,Fine Gael,Cavan-Monaghan,Cootehill,Cavan,Ulster,_oWju6ekIZk_Senator Joe O'Reilly - speech from 18 Nov 2021.wav,parliament,,0.30-1.00,DAIL,/Users/cianan/Documents/College/GitHub/FYP/Data/DailData/roi_audio_processed/_oWju6ekIZk_Senator Joe O'Reilly - speech from 18 Nov 2021.wav
/Users/cianan/Documents/College/GitHub/FYP/Data/DailData/roi_audio_processed/hqUaqW471as_Senator Joe O'Reilly - speech from 25 Sep 2019.wav,hqUaqW471as,1,30,60,joe o'reilly,Fine Gael,Cavan-Monaghan,Cootehill,Cavan,Ulster,hqUaqW471as_Senator Joe O'Reilly - speech from 25 Sep 2019.wav,parliament,,0.30-1.00,DAIL,/Users/cianan/Documents/College/GitHub/FYP/Data/DailData/roi_audio_processed/hqUaqW471as_Senator Joe O'Reilly - speech from 25 Sep 2019.wav
/Users/cianan/Documents/College/GitHub/FYP/Data/DailData/roi_audio_processed/GCqZ8PNE50g_Senator Joe O'Reilly - speech from 15 Dec 2020.wav,GCqZ8PNE50g,1,30,60,joe o'reilly,Fine Gael,Cavan-Monaghan,Cootehill,Cavan,Ulster,GCqZ8PNE50g_Senator Joe O'Reilly - speech from 15 Dec 2020.wav,parliament,,0.30-1.00,DAIL,/Users/cianan/Documents/College/GitHub/FYP/Data/DailData/roi_audio_processed/GCqZ8PNE50g_Senator Joe O'Reilly - speech from 15 Dec 2020.wav
/Users/cianan/Documents/College/GitHub/FYP/Data/DailData/roi_audio_processed/NM1sQpncOC0_Senator Joe O'Reilly - speech from 15 Jun 2021.wav,NM1sQpncOC0,1,30,60,joe o'reilly,Fine Gael,Cavan-Monaghan,Cootehill,Cavan,Ulster,NM1sQpncOC0_Senator Joe O'Reilly - speech from 15 Jun 2021.wav,parliament,,0.30-1.00,DAIL,/Users/cianan/Documents/College/GitHub/FYP/Data/DailData/roi_audio_processed/NM1sQpncOC0_Senator Joe O'Reilly - speech from 15 Jun 2021.wav
/Users/cianan/Documents/College/GitHub/FYP/Data/DailData/roi_audio_processed/m8v_s4RR2LM_Senator Joe O'Reilly - speech from 21 Jun 2021.wav,m8v_s4RR2LM,1,30,60,joe o'reilly,Fine Gael,Cavan-Monaghan,Cootehill,Cavan,Ulster,m8v_s4RR2LM_Senator Joe O'Reilly - speech from 21 Jun 2021.wav,parliament,,0.30-1.00,DAIL,/Users/cianan/Documents/College/GitHub/FYP/Data/DailData/roi_audio_processed/m8v_s4RR2LM_Senator Joe O'Reilly - speech from 21 Jun 2021.wav
/Users/cianan/Documents/College/GitHub/FYP/Data/DailData/roi_audio_processed/mkKZgKXd8dQ_Senator Joe O'Reilly - speech from 29 Mar 2021.wav,mkKZgKXd8dQ,1,30,60,joe o'reilly,Fine Gael,Cavan-Monaghan,Cootehill,Cavan,Ulster,mkKZgKXd8dQ_Senator Joe O'Reilly - speech from 29 Mar 2021.wav,parliament,,0.30-1.00,DAIL,/Users/cianan/Documents/College/GitHub/FYP/Data/DailData/roi_audio_processed/mkKZgKXd8dQ_Senator Joe O'Reilly - speech from 29 Mar 2021.wav
/Users/cianan/Documents/College/GitHub/FYP/Data/DailData/roi_audio_processed/TQvaOx2aak0_Senator Joe O'Reilly- speech from 8 Feb 2022.wav,TQvaOx2aak0,1,30,60,joe o'reilly,Fine Gael,Cavan-Monaghan,Cootehill,Cavan,Ulster,TQvaOx2aak0_Senator Joe O'Reilly- speech from 8 Feb 2022.wav,parliament,,0.30-1.00,DAIL,/Users/cianan/Documents/College/GitHub/FYP/Data/DailData/roi_audio_processed/TQvaOx2aak0_Senator Joe O'Reilly- speech from 8 Feb 2022.wav
/Users/cianan/Documents/College/GitHub/FYP/Data/DailData/roi_audio_processed/TXNjJqyg8so_Senator Joe O'Reilly- speech from 9 Nov 2021.wav,TXNjJqyg8so,1,30,60,joe o'reilly,Fine Gael,Cavan-Monaghan,Cootehill,Cavan,Ulster,TXNjJqyg8so_Senator Joe O'Reilly- speech from 9 Nov 2021.wav,parliament,,0.30-1.00,DAIL,/Users/cianan/Documents/College/GitHub/FYP/Data/DailData/roi_audio_processed/TXNjJqyg8so_Senator Joe O'Reilly- speech from 9 Nov 2021.wav
/Users/cianan/Documents/College/GitHub/FYP/Data/DailData/roi_audio_processed/V_VgeL32f4Y_Senator Joe O'Reilly - speech from 18 Oct 2023.wav,V_VgeL32f4Y,1,30,60,joe o'reilly,Fine Gael,Cavan-Monaghan,Cootehill,Cavan,Ulster,V_VgeL32f4Y_Senator Joe O'Reilly - speech from 18 Oct 2023.wav,parliament,,0.30-1.00,DAIL,/Users/cianan/Documents/College/GitHub/FYP/Data/DailData/roi_audio_processed/V_VgeL32f4Y_Senator Joe O'Reilly - speech from 18 Oct 2023.wav
/Users/cianan/Documents/College/GitHub/FYP/Data/DailData/roi_audio_processed/h0LhDTjyUQ8_Senator Joe O'Reilly- Fine Gael -speech from 31May.wav,h0LhDTjyUQ8,1,30,60,joe o'reilly,Fine Gael,Cavan-Monaghan,Cootehill,Cavan,Ulster,h0LhDTjyUQ8_Senator Joe O'Reilly- Fine Gael -speech from 31May.wav,parliament,,0.30-1.00,DAIL,/Users/cianan/Documents/College/GitHub/FYP/Data/DailData/roi_audio_processed/h0LhDTjyUQ8_Senator Joe O'Reilly- Fine Gael -speech from 31May.wav
/Users/cianan/Documents/College/GitHub/FYP/Data/DailData/roi_audio_processed/CU1D-DF43Ws_Senator  Joe O'Reilly- speech from 6 Jul 2021.wav,CU1D-DF43Ws,1,30,60,joe o'reilly,Fine Gael,Cavan-Monaghan,Cootehill,Cavan,Ulster,CU1D-DF43Ws_Senator  Joe O'Reilly- speech from 6 Jul 2021.wav,parliament,,0.30-1.00,DAIL,/Users/cianan/Documents/College/GitHub/FYP/Data/DailData/roi_audio_processed/CU1D-DF43Ws_Senator  Joe O'Reilly- speech from 6 Jul 2021.wav
/Users/cianan/Documents/College/GitHub/FYP/Data/DailData/roi_audio_processed/fF_zNwxen48_Senator Joe O'Reilly - speech from 31 Aug 2021.wav,fF_zNwxen48,1,30,60,joe o'reilly,Fine Gael,Cavan-Monaghan,Cootehill,Cavan,Ulster,fF_zNwxen48_Senator Joe O'Reilly - speech from 31 Aug 2021.wav,parliament,,0.30-1.00,DAIL,/Users/cianan/Documents/College/GitHub/FYP/Data/DailData/roi_audio_processed/fF_zNwxen48_Senator Joe O'Reilly - speech from 31 Aug 2021.wav
/Users/cianan/Documents/College/GitHub/FYP/Data/DailData/roi_audio_processed/NuPBOBMfpJo_Senator Joe O'Reilly - speech from 24 Sep 2019.wav,NuPBOBMfpJo,1,30,60,joe o'reilly,Fine Gael,Cavan-Monaghan,Cootehill,Cavan,Ulster,NuPBOBMfpJo_Senator Joe O'Reilly - speech from 24 Sep 2019.wav,parliament,,0.30-1.00,DAIL,/Users/cianan/Documents/College/GitHub/FYP/Data/DailData/roi_audio_processed/NuPBOBMfpJo_Senator Joe O'Reilly - speech from 24 Sep 2019.wav
/Users/cianan/Documents/College/GitHub/FYP/Data/DailData/roi_audio_processed/yhPXhUiULDk_Senator Joe O'Reilly-- speech from 1 Jun 2021.wav,yhPXhUiULDk,1,30,60,joe o'reilly,Fine Gael,Cavan-Monaghan,Cootehill,Cavan,Ulster,yhPXhUiULDk_Senator Joe O'Reilly-- speech from 1 Jun 2021.wav,parliament,,0.30-1.00,DAIL,/Users/cianan/Documents/College/GitHub/FYP/Data/DailData/roi_audio_processed/yhPXhUiULDk_Senator Joe O'Reilly-- speech from 1 Jun 2021.wav
/Users/cianan/Documents/College/GitHub/FYP/Data/DailData/roi_audio_processed/DQDZig3brDk_Senator Joe O'Reilly - speech from 18 Dec 2020.wav,DQDZig3brDk,1,30,60,joe o'reilly,Fine Gael,Cavan-Monaghan,Cootehill,Cavan,Ulster,DQDZig3brDk_Senator Joe O'Reilly - speech from 18 Dec 2020.wav,parliament,,0.30-1.00,DAIL,/Users/cianan/Documents/College/GitHub/FYP/Data/DailData/roi_audio_processed/DQDZig3brDk_Senator Joe O'Reilly - speech from 18 Dec 2020.wav
/Users/cianan/Documents/College/GitHub/FYP/Data/DailData/roi_audio_processed/Rlp1dNfboFE_Senator Joe O'Reilly - speech from 26 Jan 2021.wav,Rlp1dNfboFE,1,30,60,joe o'reilly,Fine Gael,Cavan-Monaghan,Cootehill,Cavan,Ulster,Rlp1dNfboFE_Senator Joe O'Reilly - speech from 26 Jan 2021.wav,parliament,,0.30-1.00,DAIL,/Users/cianan/Documents/College/GitHub/FYP/Data/DailData/roi_audio_processed/Rlp1dNfboFE_Senator Joe O'Reilly - speech from 26 Jan 2021.wav
/Users/cianan/Documents/College/GitHub/FYP/Data/DailData/roi_audio_processed/Br_cl5uhZuc_Senator Joe O'Reilly - speech from 26 Jan 2021.wav,Br_cl5uhZuc,1,30,60,joe o'reilly,Fine Gael,Cavan-Monaghan,Cootehill,Cavan,Ulster,Br_cl5uhZuc_Senator Joe O'Reilly - speech from 26 Jan 2021.wav,parliament,,0.30-1.00,DAIL,/Users/cianan/Documents/College/GitHub/FYP/Data/DailData/roi_audio_processed/Br_cl5uhZuc_Senator Joe O'Reilly - speech from 26 Jan 2021.wav
/Users/cianan/Documents/College/GitHub/FYP/Data/DailData/roi_audio_processed/i6NJcMJvdmA_Senator Joe O'Reilly - speech from 2 Jun 2022.wav,i6NJcMJvdmA,1,30,60,joe o'reilly,Fine Gael,Cavan-Monaghan,Cootehill,Cavan,Ulster,i6NJcMJvdmA_Senator Joe O'Reilly - speech from 2 Jun 2022.wav,parliament,,0.30-1.00,DAIL,/Users/cianan/Documents/College/GitHub/FYP/Data/DailData/roi_audio_processed/i6NJcMJvdmA_Senator Joe O'Reilly - speech from 2 Jun 2022.wav
/Users/cianan/Documents/College/GitHub/FYP/Data/DailData/roi_audio_processed/yUGwRBTmP6A_Senator Joe O'Reilly- speech from 14 Oct 2021.wav,yUGwRBTmP6A,1,30,60,joe o'reilly,Fine Gael,Cavan-Monaghan,Cootehill,Cavan,Ulster,yUGwRBTmP6A_Senator Joe O'Reilly- speech from 14 Oct 2021.wav,parliament,,0.30-1.00,DAIL,/Users/cianan/Documents/College/GitHub/FYP/Data/DailData/roi_audio_processed/yUGwRBTmP6A_Senator Joe O'Reilly- speech from 14 Oct 2021.wav
/Users/cianan/Documents/College/GitHub/FYP/Data/DailData/roi_audio_processed/pDIocus6oxs_Senator Joe O'Reilly - speech from 22 Mar 2021.wav,pDIocus6oxs,1,30,60,joe o'reilly,Fine Gael,Cavan-Monaghan,Cootehill,Cavan,Ulster,pDIocus6oxs_Senator Joe O'Reilly - speech from 22 Mar 2021.wav,parliament,,0.30-1.00,DAIL,/Users/cianan/Documents/College/GitHub/FYP/Data/DailData/roi_audio_processed/pDIocus6oxs_Senator Joe O'Reilly - speech from 22 Mar 2021.wav
/Users/cianan/Documents/College/GitHub/FYP/Data/DailData/roi_audio_processed/B9Fnwo3oVDA_Senator Joe O'Reilly - speech from 7 Sept 2021.wav,B9Fnwo3oVDA,1,30,60,joe o'reilly,Fine Gael,Cavan-Monaghan,Cootehill,Cavan,Ulster,B9Fnwo3oVDA_Senator Joe O'Reilly - speech from 7 Sept 2021.wav,parliament,,0.30-1.00,DAIL,/Users/cianan/Documents/College/GitHub/FYP/Data/DailData/roi_audio_processed/B9Fnwo3oVDA_Senator Joe O'Reilly - speech from 7 Sept 2021.wav
/Users/cianan/Documents/College/GitHub/FYP/Data/DailData/roi_audio_processed/2z7OtIvsPZ4_Senator Joe O'Reilly- speech from 15 Jul 2021.wav,2z7OtIvsPZ4,1,30,60,joe o'reilly,Fine Gael,Cavan-Monaghan,Cootehill,Cavan,Ulster,2z7OtIvsPZ4_Senator Joe O'Reilly- speech from 15 Jul 2021.wav,parliament,,0.30-1.00,DAIL,/Users/cianan/Documents/College/GitHub/FYP/Data/DailData/roi_audio_processed/2z7OtIvsPZ4_Senator Joe O'Reilly- speech from 15 Jul 2021.wav
/Users/cianan/Documents/College/GitHub/FYP/Data/DailData/roi_audio_processed/MHHQB9dYdUE_Senator Joe O'Reilly- speech from 8 Dec 2021.wav,MHHQB9dYdUE,1,30,60,joe o'reilly,Fine Gael,Cavan-Monaghan,Cootehill,Cavan,Ulster,MHHQB9dYdUE_Senator Joe O'Reilly- speech from 8 Dec 2021.wav,parliament,,0.30-1.00,DAIL,/Users/cianan/Documents/College/GitHub/FYP/Data/DailData/roi_audio_processed/MHHQB9dYdUE_Senator Joe O'Reilly- speech from 8 Dec 2021.wav
/Users/cianan/Documents/College/GitHub/FYP/Data/DailData/roi_audio_processed/jH5sKBb2sXM_Senator Joe O'Reilly - speech from 28 Feb 2023.wav,jH5sKBb2sXM,1,30,60,joe o'reilly,Fine Gael,Cavan-Monaghan,Cootehill,Cavan,Ulster,jH5sKBb2sXM_Senator Joe O'Reilly - speech from 28 Feb 2023.wav,parliament,,0.30-1.00,DAIL,/Users/cianan/Documents/College/GitHub/FYP/Data/DailData/roi_audio_processed/jH5sKBb2sXM_Senator Joe O'Reilly - speech from 28 Feb 2023.wav
/Users/cianan/Documents/College/GitHub/FYP/Data/DailData/roi_audio_processed/wvxcszdtkog_Senator Joe O'Reilly - speech from 8 Jun 2021.wav,wvxcszdtkog,1,30,60,joe o'reilly,Fine Gael,Cavan-Monaghan,Cootehill,Cavan,Ulster,wvxcszdtkog_Senator Joe O'Reilly - speech from 8 Jun 2021.wav,parliament,,0.30-1.00,DAIL,/Users/cianan/Documents/College/GitHub/FYP/Data/DailData/roi_audio_processed/wvxcszdtkog_Senator Joe O'Reilly - speech from 8 Jun 2021.wav
/Users/cianan/Documents/College/GitHub/FYP/Data/DailData/roi_audio_processed/PPy0IVN6w7I_Senator Joe O'Reilly- Fine Gael - speech from 17 M.wav,PPy0IVN6w7I,1,30,60,joe o'reilly,Fine Gael,Cavan-Monaghan,Cootehill,Cavan,Ulster,PPy0IVN6w7I_Senator Joe O'Reilly- Fine Gael - speech from 17 M.wav,parliament,,0.30-1.00,DAIL,/Users/cianan/Documents/College/GitHub/FYP/Data/DailData/roi_audio_processed/PPy0IVN6w7I_Senator Joe O'Reilly- Fine Gael - speech from 17 M.wav
/Users/cianan/Documents/College/GitHub/FYP/Data/DailData/roi_audio_processed/CYGAwqr12ac_Senator Joe O'Reilly- speech from 23 Mar 2022.wav,CYGAwqr12ac,1,30,60,joe o'reilly,Fine Gael,Cavan-Monaghan,Cootehill,Cavan,Ulster,CYGAwqr12ac_Senator Joe O'Reilly- speech from 23 Mar 2022.wav,parliament,,0.30-1.00,DAIL,/Users/cianan/Documents/College/GitHub/FYP/Data/DailData/roi_audio_processed/CYGAwqr12ac_Senator Joe O'Reilly- speech from 23 Mar 2022.wav
/Users/cianan/Documents/College/GitHub/FYP/Data/DailData/roi_audio_processed/JNia2cCTjVk_Senator Joe O'Reilly-- speech from 5 Apr 2022.wav,JNia2cCTjVk,1,30,60,joe o'reilly,Fine Gael,Cavan-Monaghan,Cootehill,Cavan,Ulster,JNia2cCTjVk_Senator Joe O'Reilly-- speech from 5 Apr 2022.wav,parliament,,0.30-1.00,DAIL,/Users/cianan/Documents/College/GitHub/FYP/Data/DailData/roi_audio_processed/JNia2cCTjVk_Senator Joe O'Reilly-- speech from 5 Apr 2022.wav
/Users/cianan/Documents/College/GitHub/FYP/Data/DailData/roi_audio_processed/H2-THxZAwf8_Senator Joe O'Reilly - Fine Gael - speech from 23 .wav,H2-THxZAwf8,1,30,60,joe o'reilly,Fine Gael,Cavan-Monaghan,Cootehill,Cavan,Ulster,H2-THxZAwf8_Senator Joe O'Reilly - Fine Gael - speech from 23 .wav,parliament,,0.30-1.00,DAIL,/Users/cianan/Documents/College/GitHub/FYP/Data/DailData/roi_audio_processed/H2-THxZAwf8_Senator Joe O'Reilly - Fine Gael - speech from 23 .wav
/Users/cianan/Documents/College/GitHub/FYP/Data/DailData/roi_audio_processed/kJQqOqw3rMM_Senator Joe O'Reilly - Fine Gael - speech from 26 .wav,kJQqOqw3rMM,1,30,60,joe o'reilly,Fine Gael,Cavan-Monaghan,Cootehill,Cavan,Ulster,kJQqOqw3rMM_Senator Joe O'Reilly - Fine Gael - speech from 26 .wav,parliament,,0.30-1.00,DAIL,/Users/cianan/Documents/College/GitHub/FYP/Data/DailData/roi_audio_processed/kJQqOqw3rMM_Senator Joe O'Reilly - Fine Gael - speech from 26 .wav
/Users/cianan/Documents/College/GitHub/FYP/Data/DailData/roi_audio_processed/O0y9chPZcfo_Senator Joe O'Reilly- speech from 25 Jan 2022.wav,O0y9chPZcfo,1,30,60,joe o'reilly,Fine Gael,Cavan-Monaghan,Cootehill,Cavan,Ulster,O0y9chPZcfo_Senator Joe O'Reilly- speech from 25 Jan 2022.wav,parliament,,0.30-1.00,DAIL,/Users/cianan/Documents/College/GitHub/FYP/Data/DailData/roi_audio_processed/O0y9chPZcfo_Senator Joe O'Reilly- speech from 25 Jan 2022.wav
/Users/cianan/Documents/College/GitHub/FYP/Data/DailData/roi_audio_processed/PGnQ7yehsio_Senator Joe O'Reilly- speech from 15 Dec 2021.wav,PGnQ7yehsio,1,30,60,joe o'reilly,Fine Gael,Cavan-Monaghan,Cootehill,Cavan,Ulster,PGnQ7yehsio_Senator Joe O'Reilly- speech from 15 Dec 2021.wav,parliament,,0.30-1.00,DAIL,/Users/cianan/Documents/College/GitHub/FYP/Data/DailData/roi_audio_processed/PGnQ7yehsio_Senator Joe O'Reilly- speech from 15 Dec 2021.wav
/Users/cianan/Documents/College/GitHub/FYP/Data/DailData/roi_audio_processed/Bt-lY4K_7U4_Senator Joe O'Reilly- speech from 19 Oct 2021.wav,Bt-lY4K_7U4,1,30,60,joe o'reilly,Fine Gael,Cavan-Monaghan,Cootehill,Cavan,Ulster,Bt-lY4K_7U4_Senator Joe O'Reilly- speech from 19 Oct 2021.wav,parliament,,0.30-1.00,DAIL,/Users/cianan/Documents/College/GitHub/FYP/Data/DailData/roi_audio_processed/Bt-lY4K_7U4_Senator Joe O'Reilly- speech from 19 Oct 2021.wav
/Users/cianan/Documents/College/GitHub/FYP/Data/DailData/roi_audio_processed/NP4R-nVniRg_Senator Joe O'Reilly- speech from 12 Feb 2021.wav,NP4R-nVniRg,1,30,60,joe o'reilly,Fine Gael,Cavan-Monaghan,Cootehill,Cavan,Ulster,NP4R-nVniRg_Senator Joe O'Reilly- speech from 12 Feb 2021.wav,parliament,,0.30-1.00,DAIL,/Users/cianan/Documents/College/GitHub/FYP/Data/DailData/roi_audio_processed/NP4R-nVniRg_Senator Joe O'Reilly- speech from 12 Feb 2021.wav
/Users/cianan/Documents/College/GitHub/FYP/Data/DailData/roi_audio_processed/fJ04f4M6eZA_Senator Joe O'Reilly- speech from 9 Feb 2022.wav,fJ04f4M6eZA,1,30,60,joe o'reilly,Fine Gael,Cavan-Monaghan,Cootehill,Cavan,Ulster,fJ04f4M6eZA_Senator Joe O'Reilly- speech from 9 Feb 2022.wav,parliament,,0.30-1.00,DAIL,/Users/cianan/Documents/College/GitHub/FYP/Data/DailData/roi_audio_processed/fJ04f4M6eZA_Senator Joe O'Reilly- speech from 9 Feb 2022.wav
/Users/cianan/Documents/College/GitHub/FYP/Data/DailData/roi_audio_processed/B6EvpQZqahg_Senator Joe O'Reilly  - speech from 10 Nov 2021.wav,B6EvpQZqahg,1,30,60,joe o'reilly,Fine Gael,Cavan-Monaghan,Cootehill,Cavan,Ulster,B6EvpQZqahg_Senator Joe O'Reilly  - speech from 10 Nov 2021.wav,parliament,,0.30-1.00,DAIL,/Users/cianan/Documents/College/GitHub/FYP/Data/DailData/roi_audio_processed/B6EvpQZqahg_Senator Joe O'Reilly  - speech from 10 Nov 2021.wav
/Users/cianan/Documents/College/GitHub/FYP/Data/DailData/roi_audio_processed/I4nxz-Czf18_Senator Joe O'Reilly- speech from 8 Feb 2022.wav,I4nxz-Czf18,1,30,60,joe o'reilly,Fine Gael,Cavan-Monaghan,Cootehill,Cavan,Ulster,I4nxz-Czf18_Senator Joe O'Reilly- speech from 8 Feb 2022.wav,parliament,,0.30-1.00,DAIL,/Users/cianan/Documents/College/GitHub/FYP/Data/DailData/roi_audio_processed/I4nxz-Czf18_Senator Joe O'Reilly- speech from 8 Feb 2022.wav
/Users/cianan/Documents/College/GitHub/FYP/Data/DailData/roi_audio_processed/ZNoWNW5T6vA_Senator Joe O'Reilly - speech from 3 Dec 2020.wav,ZNoWNW5T6vA,1,30,60,joe o'reilly,Fine Gael,Cavan-Monaghan,Cootehill,Cavan,Ulster,ZNoWNW5T6vA_Senator Joe O'Reilly - speech from 3 Dec 2020.wav,parliament,,0.30-1.00,DAIL,/Users/cianan/Documents/College/GitHub/FYP/Data/DailData/roi_audio_processed/ZNoWNW5T6vA_Senator Joe O'Reilly - speech from 3 Dec 2020.wav
/Users/cianan/Documents/College/GitHub/FYP/Data/DailData/roi_audio_processed/VlS5x6B9Y8o_Senator Joe O'Reilly - speech from 29 Jun 2020.wav,VlS5x6B9Y8o,1,30,60,joe o'reilly,Fine Gael,Cavan-Monaghan,Cootehill,Cavan,Ulster,VlS5x6B9Y8o_Senator Joe O'Reilly - speech from 29 Jun 2020.wav,parliament,,0.30-1.00,DAIL,/Users/cianan/Documents/College/GitHub/FYP/Data/DailData/roi_audio_processed/VlS5x6B9Y8o_Senator Joe O'Reilly - speech from 29 Jun 2020.wav
/Users/cianan/Documents/College/GitHub/FYP/Data/DailData/roi_audio_processed/oML6ruK7Kk0_Senator Joe O'Reilly - speech from 2 Feb 2022.wav,oML6ruK7Kk0,1,30,60,joe o'reilly,Fine Gael,Cavan-Monaghan,Cootehill,Cavan,Ulster,oML6ruK7Kk0_Senator Joe O'Reilly - speech from 2 Feb 2022.wav,parliament,,0.30-1.00,DAIL,/Users/cianan/Documents/College/GitHub/FYP/Data/DailData/roi_audio_processed/oML6ruK7Kk0_Senator Joe O'Reilly - speech from 2 Feb 2022.wav
/Users/cianan/Documents/College/GitHub/FYP/Data/DailData/roi_audio_processed/XAA8WNlJcrA_Senator Joe O'Reilly - Fine Gael - speech from 23 .wav,XAA8WNlJcrA,1,30,60,joe o'reilly,Fine Gael,Cavan-Monaghan,Cootehill,Cavan,Ulster,XAA8WNlJcrA_Senator Joe O'Reilly - Fine Gael - speech from 23 .wav,parliament,,0.30-1.00,DAIL,/Users/cianan/Documents/College/GitHub/FYP/Data/DailData/roi_audio_processed/XAA8WNlJcrA_Senator Joe O'Reilly - Fine Gael - speech from 23 .wav
/Users/cianan/Documents/College/GitHub/FYP/Data/DailData/roi_audio_processed/LzmpyIaN4nY_Senator Joe O'Reilly - speech from 17 Jul 2020.wav,LzmpyIaN4nY,1,30,60,joe o'reilly,Fine Gael,Cavan-Monaghan,Cootehill,Cavan,Ulster,LzmpyIaN4nY_Senator Joe O'Reilly - speech from 17 Jul 2020.wav,parliament,,0.30-1.00,DAIL,/Users/cianan/Documents/College/GitHub/FYP/Data/DailData/roi_audio_processed/LzmpyIaN4nY_Senator Joe O'Reilly - speech from 17 Jul 2020.wav
/Users/cianan/Documents/College/GitHub/FYP/Data/DailData/roi_audio_processed/8t-5p29FTsg_Senator Joe O'Reilly- speech from 26 Mar 2021.wav,8t-5p29FTsg,1,30,60,joe o'reilly,Fine Gael,Cavan-Monaghan,Cootehill,Cavan,Ulster,8t-5p29FTsg_Senator Joe O'Reilly- speech from 26 Mar 2021.wav,parliament,,0.30-1.00,DAIL,/Users/cianan/Documents/College/GitHub/FYP/Data/DailData/roi_audio_processed/8t-5p29FTsg_Senator Joe O'Reilly- speech from 26 Mar 2021.wav
/Users/cianan/Documents/College/GitHub/FYP/Data/DailData/roi_audio_processed/h8TSe8UKHpw_Senator Joe O'Reilly - speech from 14 Jul 2021.wav,h8TSe8UKHpw,1,30,60,joe o'reilly,Fine Gael,Cavan-Monaghan,Cootehill,Cavan,Ulster,h8TSe8UKHpw_Senator Joe O'Reilly - speech from 14 Jul 2021.wav,parliament,,0.30-1.00,DAIL,/Users/cianan/Documents/College/GitHub/FYP/Data/DailData/roi_audio_processed/h8TSe8UKHpw_Senator Joe O'Reilly - speech from 14 Jul 2021.wav
/Users/cianan/Documents/College/GitHub/FYP/Data/DailData/roi_audio_processed/Zx0E4dH-iT0_Senator Joe O'Reilly- speech from 8 Mar 2021.wav,Zx0E4dH-iT0,1,30,60,joe o'reilly,Fine Gael,Cavan-Monaghan,Cootehill,Cavan,Ulster,Zx0E4dH-iT0_Senator Joe O'Reilly- speech from 8 Mar 2021.wav,parliament,,0.30-1.00,DAIL,/Users/cianan/Documents/College/GitHub/FYP/Data/DailData/roi_audio_processed/Zx0E4dH-iT0_Senator Joe O'Reilly- speech from 8 Mar 2021.wav
/Users/cianan/Documents/College/GitHub/FYP/Data/DailData/roi_audio_processed/O6m1RGTfqok_Senator Joe O'Reilly - speech from 23 Mar 2022.wav,O6m1RGTfqok,1,30,60,joe o'reilly,Fine Gael,Cavan-Monaghan,Cootehill,Cavan,Ulster,O6m1RGTfqok_Senator Joe O'Reilly - speech from 23 Mar 2022.wav,parliament,,0.30-1.00,DAIL,/Users/cianan/Documents/College/GitHub/FYP/Data/DailData/roi_audio_processed/O6m1RGTfqok_Senator Joe O'Reilly - speech from 23 Mar 2022.wav
/Users/cianan/Documents/College/GitHub/FYP/Data/DailData/roi_audio_processed/DI9w_MCGSl4_Senator Joe O'Reilly- Fine Gael -speech from 17 Ma.wav,DI9w_MCGSl4,1,30,60,joe o'reilly,Fine Gael,Cavan-Monaghan,Cootehill,Cavan,Ulster,DI9w_MCGSl4_Senator Joe O'Reilly- Fine Gael -speech from 17 Ma.wav,parliament,,0.30-1.00,DAIL,/Users/cianan/Documents/College/GitHub/FYP/Data/DailData/roi_audio_processed/DI9w_MCGSl4_Senator Joe O'Reilly- Fine Gael -speech from 17 Ma.wav
/Users/cianan/Documents/College/GitHub/FYP/Data/DailData/roi_audio_processed/kQau7QOzFBk_Deputy Joe O'Reilly - speech from 28 Jul 2020.wav,kQau7QOzFBk,1,30,60,joe o'reilly,Fine Gael,Cavan-Monaghan,Cootehill,Cavan,Ulster,kQau7QOzFBk_Deputy Joe O'Reilly - speech from 28 Jul 2020.wav,parliament,,0.30-1.00,DAIL,/Users/cianan/Documents/College/GitHub/FYP/Data/DailData/roi_audio_processed/kQau7QOzFBk_Deputy Joe O'Reilly - speech from 28 Jul 2020.wav
/Users/cianan/Documents/College/GitHub/FYP/Data/DailData/roi_audio_processed/8mSSY45cVOY_Senator Joe O'Reilly - speech from 8 Mar 2022.wav,8mSSY45cVOY,1,30,60,joe o'reilly,Fine Gael,Cavan-Monaghan,Cootehill,Cavan,Ulster,8mSSY45cVOY_Senator Joe O'Reilly - speech from 8 Mar 2022.wav,parliament,,0.30-1.00,DAIL,/Users/cianan/Documents/College/GitHub/FYP/Data/DailData/roi_audio_processed/8mSSY45cVOY_Senator Joe O'Reilly - speech from 8 Mar 2022.wav
/Users/cianan/Documents/College/GitHub/FYP/Data/DailData/roi_audio_processed/QByGf5mjGD4_Senator Joe O'Reilly - speech from 22 Jun 2021.wav,QByGf5mjGD4,1,30,60,joe o'reilly,Fine Gael,Cavan-Monaghan,Cootehill,Cavan,Ulster,QByGf5mjGD4_Senator Joe O'Reilly - speech from 22 Jun 2021.wav,parliament,,0.30-1.00,DAIL,/Users/cianan/Documents/College/GitHub/FYP/Data/DailData/roi_audio_processed/QByGf5mjGD4_Senator Joe O'Reilly - speech from 22 Jun 2021.wav
/Users/cianan/Documents/College/GitHub/FYP/Data/DailData/roi_audio_processed/xtHYycvAgbE_Senator Joe O'Reilly- speech from 06 Oct 2021.wav,xtHYycvAgbE,1,30,60,joe o'reilly,Fine Gael,Cavan-Monaghan,Cootehill,Cavan,Ulster,xtHYycvAgbE_Senator Joe O'Reilly- speech from 06 Oct 2021.wav,parliament,,0.30-1.00,DAIL,/Users/cianan/Documents/College/GitHub/FYP/Data/DailData/roi_audio_processed/xtHYycvAgbE_Senator Joe O'Reilly- speech from 06 Oct 2021.wav
/Users/cianan/Documents/College/GitHub/FYP/Data/DailData/roi_audio_processed/RtAuJzCEQ9Q_Senator  Joe O'Reilly- Fine Gael-speech from 25 Ju.wav,RtAuJzCEQ9Q,1,30,60,joe o'reilly,Fine Gael,Cavan-Monaghan,Cootehill,Cavan,Ulster,RtAuJzCEQ9Q_Senator  Joe O'Reilly- Fine Gael-speech from 25 Ju.wav,parliament,,0.30-1.00,DAIL,/Users/cianan/Documents/College/GitHub/FYP/Data/DailData/roi_audio_processed/RtAuJzCEQ9Q_Senator  Joe O'Reilly- Fine Gael-speech from 25 Ju.wav
/Users/cianan/Documents/College/GitHub/FYP/Data/DailData/roi_audio_processed/icMIoEMrVt4_Senator Joe O'Reilly - speech from 05 Oct 2021.wav,icMIoEMrVt4,1,30,60,joe o'reilly,Fine Gael,Cavan-Monaghan,Cootehill,Cavan,Ulster,icMIoEMrVt4_Senator Joe O'Reilly - speech from 05 Oct 2021.wav,parliament,,0.30-1.00,DAIL,/Users/cianan/Documents/College/GitHub/FYP/Data/DailData/roi_audio_processed/icMIoEMrVt4_Senator Joe O'Reilly - speech from 05 Oct 2021.wav
/Users/cianan/Documents/College/GitHub/FYP/Data/DailData/roi_audio_processed/gj5xhbVpDsw_Senator Joe O'Reilly - speech from 3 Jul 2019.wav,gj5xhbVpDsw,1,30,60,joe o'reilly,Fine Gael,Cavan-Monaghan,Cootehill,Cavan,Ulster,gj5xhbVpDsw_Senator Joe O'Reilly - speech from 3 Jul 2019.wav,parliament,,0.30-1.00,DAIL,/Users/cianan/Documents/College/GitHub/FYP/Data/DailData/roi_audio_processed/gj5xhbVpDsw_Senator Joe O'Reilly - speech from 3 Jul 2019.wav
/Users/cianan/Documents/College/GitHub/FYP/Data/DailData/roi_audio_processed/PZal2FiE4-Y_Senator Joe O'Reilly- speech from 23 Sep 2021.wav,PZal2FiE4-Y,1,30,60,joe o'reilly,Fine Gael,Cavan-Monaghan,Cootehill,Cavan,Ulster,PZal2FiE4-Y_Senator Joe O'Reilly- speech from 23 Sep 2021.wav,parliament,,0.30-1.00,DAIL,/Users/cianan/Documents/College/GitHub/FYP/Data/DailData/roi_audio_processed/PZal2FiE4-Y_Senator Joe O'Reilly- speech from 23 Sep 2021.wav
/Users/cianan/Documents/College/GitHub/FYP/Data/DailData/roi_audio_processed/KmlO4Gqf4-I_Senator Joe O'Reilly - Fine Gael - speech from 10 .wav,KmlO4Gqf4-I,1,30,60,joe o'reilly,Fine Gael,Cavan-Monaghan,Cootehill,Cavan,Ulster,KmlO4Gqf4-I_Senator Joe O'Reilly - Fine Gael - speech from 10 .wav,parliament,,0.30-1.00,DAIL,/Users/cianan/Documents/College/GitHub/FYP/Data/DailData/roi_audio_processed/KmlO4Gqf4-I_Senator Joe O'Reilly - Fine Gael - speech from 10 .wav
/Users/cianan/Documents/College/GitHub/FYP/Data/DailData/roi_audio_processed/vaoDdNiBayI_Senator Joe O'Reilly- speech from 10 Nov 2021.wav,vaoDdNiBayI,1,30,60,joe o'reilly,Fine Gael,Cavan-Monaghan,Cootehill,Cavan,Ulster,vaoDdNiBayI_Senator Joe O'Reilly- speech from 10 Nov 2021.wav,parliament,,0.30-1.00,DAIL,/Users/cianan/Documents/College/GitHub/FYP/Data/DailData/roi_audio_processed/vaoDdNiBayI_Senator Joe O'Reilly- speech from 10 Nov 2021.wav
/Users/cianan/Documents/College/GitHub/FYP/Data/DailData/roi_audio_processed/wxCNYW5idow_Senator Joe O'Reilly- speech from 18 May 2021.wav,wxCNYW5idow,1,30,60,joe o'reilly,Fine Gael,Cavan-Monaghan,Cootehill,Cavan,Ulster,wxCNYW5idow_Senator Joe O'Reilly- speech from 18 May 2021.wav,parliament,,0.30-1.00,DAIL,/Users/cianan/Documents/College/GitHub/FYP/Data/DailData/roi_audio_processed/wxCNYW5idow_Senator Joe O'Reilly- speech from 18 May 2021.wav
/Users/cianan/Documents/College/GitHub/FYP/Data/DailData/roi_audio_processed/3cghQZBoklo_Senator Joe O'Reilly- Fine Gael - speech from 14 J.wav,3cghQZBoklo,1,30,60,joe o'reilly,Fine Gael,Cavan-Monaghan,Cootehill,Cavan,Ulster,3cghQZBoklo_Senator Joe O'Reilly- Fine Gael - speech from 14 J.wav,parliament,,0.30-1.00,DAIL,/Users/cianan/Documents/College/GitHub/FYP/Data/DailData/roi_audio_processed/3cghQZBoklo_Senator Joe O'Reilly- Fine Gael - speech from 14 J.wav
/Users/cianan/Documents/College/GitHub/FYP/Data/DailData/roi_audio_processed/eD4OATaSqd4_Senator Joe O'Reilly - Order of Business - 15 May .wav,eD4OATaSqd4,1,30,60,joe o'reilly,Fine Gael,Cavan-Monaghan,Cootehill,Cavan,Ulster,eD4OATaSqd4_Senator Joe O'Reilly - Order of Business - 15 May .wav,parliament,,0.30-1.00,DAIL,/Users/cianan/Documents/College/GitHub/FYP/Data/DailData/roi_audio_processed/eD4OATaSqd4_Senator Joe O'Reilly - Order of Business - 15 May .wav
/Users/cianan/Documents/College/GitHub/FYP/Data/DailData/roi_audio_processed/lG18TMPDW0o_Senator Joe O'Reilly - speech from 18 Dec 2020.wav,lG18TMPDW0o,1,30,60,joe o'reilly,Fine Gael,Cavan-Monaghan,Cootehill,Cavan,Ulster,lG18TMPDW0o_Senator Joe O'Reilly - speech from 18 Dec 2020.wav,parliament,,0.30-1.00,DAIL,/Users/cianan/Documents/College/GitHub/FYP/Data/DailData/roi_audio_processed/lG18TMPDW0o_Senator Joe O'Reilly - speech from 18 Dec 2020.wav
/Users/cianan/Documents/College/GitHub/FYP/Data/DailData/roi_audio_processed/ht28eV0iqv8_Senator Joe O'Reilly- Fine Gael - speech from 10 M.wav,ht28eV0iqv8,1,30,60,joe o'reilly,Fine Gael,Cavan-Monaghan,Cootehill,Cavan,Ulster,ht28eV0iqv8_Senator Joe O'Reilly- Fine Gael - speech from 10 M.wav,parliament,,0.30-1.00,DAIL,/Users/cianan/Documents/College/GitHub/FYP/Data/DailData/roi_audio_processed/ht28eV0iqv8_Senator Joe O'Reilly- Fine Gael - speech from 10 M.wav
/Users/cianan/Documents/College/GitHub/FYP/Data/DailData/roi_audio_processed/EvBfEu4aOEw_Senator Joe O'Reilly- speech from 8 Mar 2021.wav,EvBfEu4aOEw,1,30,60,joe o'reilly,Fine Gael,Cavan-Monaghan,Cootehill,Cavan,Ulster,EvBfEu4aOEw_Senator Joe O'Reilly- speech from 8 Mar 2021.wav,parliament,,0.30-1.00,DAIL,/Users/cianan/Documents/College/GitHub/FYP/Data/DailData/roi_audio_processed/EvBfEu4aOEw_Senator Joe O'Reilly- speech from 8 Mar 2021.wav
/Users/cianan/Documents/College/GitHub/FYP/Data/DailData/roi_audio_processed/MwRU-74jDjc_Senator Joe O'Reilly- speech from 9 Dec 2021.wav,MwRU-74jDjc,1,30,60,joe o'reilly,Fine Gael,Cavan-Monaghan,Cootehill,Cavan,Ulster,MwRU-74jDjc_Senator Joe O'Reilly- speech from 9 Dec 2021.wav,parliament,,0.30-1.00,DAIL,/Users/cianan/Documents/College/GitHub/FYP/Data/DailData/roi_audio_processed/MwRU-74jDjc_Senator Joe O'Reilly- speech from 9 Dec 2021.wav
/Users/cianan/Documents/College/GitHub/FYP/Data/DailData/roi_audio_processed/X99pI15R3_g_Senator Joe O'Reilly- speech from 23 Nov 2021.wav,X99pI15R3_g,1,30,60,joe o'reilly,Fine Gael,Cavan-Monaghan,Cootehill,Cavan,Ulster,X99pI15R3_g_Senator Joe O'Reilly- speech from 23 Nov 2021.wav,parliament,,0.30-1.00,DAIL,/Users/cianan/Documents/College/GitHub/FYP/Data/DailData/roi_audio_processed/X99pI15R3_g_Senator Joe O'Reilly- speech from 23 Nov 2021.wav
/Users/cianan/Documents/College/GitHub/FYP/Data/DailData/roi_audio_processed/C8z6PWLpWrQ_Senator Joe O'Reilly - speech from 18 Oct 2023.wav,C8z6PWLpWrQ,1,30,60,joe o'reilly,Fine Gael,Cavan-Monaghan,Cootehill,Cavan,Ulster,C8z6PWLpWrQ_Senator Joe O'Reilly - speech from 18 Oct 2023.wav,parliament,,0.30-1.00,DAIL,/Users/cianan/Documents/College/GitHub/FYP/Data/DailData/roi_audio_processed/C8z6PWLpWrQ_Senator Joe O'Reilly - speech from 18 Oct 2023.wav
/Users/cianan/Documents/College/GitHub/FYP/Data/DailData/roi_audio_processed/WEmQ_w2jI14_Senator Joe O'Reilly- speech from 3 Feb 2022.wav,WEmQ_w2jI14,1,30,60,joe o'reilly,Fine Gael,Cavan-Monaghan,Cootehill,Cavan,Ulster,WEmQ_w2jI14_Senator Joe O'Reilly- speech from 3 Feb 2022.wav,parliament,,0.30-1.00,DAIL,/Users/cianan/Documents/College/GitHub/FYP/Data/DailData/roi_audio_processed/WEmQ_w2jI14_Senator Joe O'Reilly- speech from 3 Feb 2022.wav
/Users/cianan/Documents/College/GitHub/FYP/Data/DailData/roi_audio_processed/Q5LuSTZOdZ8_Senator Joe O'Reilly- speech from 15 Jun 2021.wav,Q5LuSTZOdZ8,1,30,60,joe o'reilly,Fine Gael,Cavan-Monaghan,Cootehill,Cavan,Ulster,Q5LuSTZOdZ8_Senator Joe O'Reilly- speech from 15 Jun 2021.wav,parliament,,0.30-1.00,DAIL,/Users/cianan/Documents/College/GitHub/FYP/Data/DailData/roi_audio_processed/Q5LuSTZOdZ8_Senator Joe O'Reilly- speech from 15 Jun 2021.wav
/Users/cianan/Documents/College/GitHub/FYP/Data/DailData/roi_audio_processed/HtPBPEzdmxY_Senator Joe O'Reilly- speech from 8 Dec 2021.wav,HtPBPEzdmxY,1,30,60,joe o'reilly,Fine Gael,Cavan-Monaghan,Cootehill,Cavan,Ulster,HtPBPEzdmxY_Senator Joe O'Reilly- speech from 8 Dec 2021.wav,parliament,,0.30-1.00,DAIL,/Users/cianan/Documents/College/GitHub/FYP/Data/DailData/roi_audio_processed/HtPBPEzdmxY_Senator Joe O'Reilly- speech from 8 Dec 2021.wav
/Users/cianan/Documents/College/GitHub/FYP/Data/DailData/roi_audio_processed/ySDTORieV70_Senator Joe O'Reilly- Fine Gael- speech from 14 Ju.wav,ySDTORieV70,1,30,60,joe o'reilly,Fine Gael,Cavan-Monaghan,Cootehill,Cavan,Ulster,ySDTORieV70_Senator Joe O'Reilly- Fine Gael- speech from 14 Ju.wav,parliament,,0.30-1.00,DAIL,/Users/cianan/Documents/College/GitHub/FYP/Data/DailData/roi_audio_processed/ySDTORieV70_Senator Joe O'Reilly- Fine Gael- speech from 14 Ju.wav
/Users/cianan/Documents/College/GitHub/FYP/Data/DailData/roi_audio_processed/WDLeXBSyBa0_Senator Joe O'Reilly - Fine Gael - speech from 7 M.wav,WDLeXBSyBa0,1,30,60,joe o'reilly,Fine Gael,Cavan-Monaghan,Cootehill,Cavan,Ulster,WDLeXBSyBa0_Senator Joe O'Reilly - Fine Gael - speech from 7 M.wav,parliament,,0.30-1.00,DAIL,/Users/cianan/Documents/College/GitHub/FYP/Data/DailData/roi_audio_processed/WDLeXBSyBa0_Senator Joe O'Reilly - Fine Gael - speech from 7 M.wav
/Users/cianan/Documents/College/GitHub/FYP/Data/DailData/roi_audio_processed/8TkMntphCD0_Senator Joe O'Reilly- speech from 27 Jan 2022.wav,8TkMntphCD0,1,30,60,joe o'reilly,Fine Gael,Cavan-Monaghan,Cootehill,Cavan,Ulster,8TkMntphCD0_Senator Joe O'Reilly- speech from 27 Jan 2022.wav,parliament,,0.30-1.00,DAIL,/Users/cianan/Documents/College/GitHub/FYP/Data/DailData/roi_audio_processed/8TkMntphCD0_Senator Joe O'Reilly- speech from 27 Jan 2022.wav
/Users/cianan/Documents/College/GitHub/FYP/Data/DailData/roi_audio_processed/a9Sz3h2eR20_Senator Joe O'Reilly - speech from 8 Dec 2020.wav,a9Sz3h2eR20,1,30,60,joe o'reilly,Fine Gael,Cavan-Monaghan,Cootehill,Cavan,Ulster,a9Sz3h2eR20_Senator Joe O'Reilly - speech from 8 Dec 2020.wav,parliament,,0.30-1.00,DAIL,/Users/cianan/Documents/College/GitHub/FYP/Data/DailData/roi_audio_processed/a9Sz3h2eR20_Senator Joe O'Reilly - speech from 8 Dec 2020.wav
/Users/cianan/Documents/College/GitHub/FYP/Data/DailData/roi_audio_processed/12jw2zOlHHg_Senator Joe O'Reilly- speech from 22 Sep 2021.wav,12jw2zOlHHg,1,30,60,joe o'reilly,Fine Gael,Cavan-Monaghan,Cootehill,Cavan,Ulster,12jw2zOlHHg_Senator Joe O'Reilly- speech from 22 Sep 2021.wav,parliament,,0.30-1.00,DAIL,/Users/cianan/Documents/College/GitHub/FYP/Data/DailData/roi_audio_processed/12jw2zOlHHg_Senator Joe O'Reilly- speech from 22 Sep 2021.wav
/Users/cianan/Documents/College/GitHub/FYP/Data/DailData/roi_audio_processed/5_3tAYkPdRc_Senator Joe O'Reilly - Fine Gael - speech from 7 M.wav,5_3tAYkPdRc,1,30,60,joe o'reilly,Fine Gael,Cavan-Monaghan,Cootehill,Cavan,Ulster,5_3tAYkPdRc_Senator Joe O'Reilly - Fine Gael - speech from 7 M.wav,parliament,,0.30-1.00,DAIL,/Users/cianan/Documents/College/GitHub/FYP/Data/DailData/roi_audio_processed/5_3tAYkPdRc_Senator Joe O'Reilly - Fine Gael - speech from 7 M.wav
/Users/cianan/Documents/College/GitHub/FYP/Data/DailData/roi_audio_processed/F5OZFbN6B1A_Senator Joe O'Reilly - speech from 29 Jun 2021.wav,F5OZFbN6B1A,1,30,60,joe o'reilly,Fine Gael,Cavan-Monaghan,Cootehill,Cavan,Ulster,F5OZFbN6B1A_Senator Joe O'Reilly - speech from 29 Jun 2021.wav,parliament,,0.30-1.00,DAIL,/Users/cianan/Documents/College/GitHub/FYP/Data/DailData/roi_audio_processed/F5OZFbN6B1A_Senator Joe O'Reilly - speech from 29 Jun 2021.wav
/Users/cianan/Documents/College/GitHub/FYP/Data/DailData/roi_audio_processed/uam-VM0XP-0_Senator Joe O'Reilly - speech from 25 Nov 2020.wav,uam-VM0XP-0,1,30,60,joe o'reilly,Fine Gael,Cavan-Monaghan,Cootehill,Cavan,Ulster,uam-VM0XP-0_Senator Joe O'Reilly - speech from 25 Nov 2020.wav,parliament,,0.30-1.00,DAIL,/Users/cianan/Documents/College/GitHub/FYP/Data/DailData/roi_audio_processed/uam-VM0XP-0_Senator Joe O'Reilly - speech from 25 Nov 2020.wav
/Users/cianan/Documents/College/GitHub/FYP/Data/DailData/roi_audio_processed/f3pWvdCtypU_Senator Joe O'Reilly- speech from 22 Mar 2021.wav,f3pWvdCtypU,1,30,60,joe o'reilly,Fine Gael,Cavan-Monaghan,Cootehill,Cavan,Ulster,f3pWvdCtypU_Senator Joe O'Reilly- speech from 22 Mar 2021.wav,parliament,,0.30-1.00,DAIL,/Users/cianan/Documents/College/GitHub/FYP/Data/DailData/roi_audio_processed/f3pWvdCtypU_Senator Joe O'Reilly- speech from 22 Mar 2021.wav
/Users/cianan/Documents/College/GitHub/FYP/Data/DailData/roi_audio_processed/8BXjmZT3OFM_Senator Joe O'Reilly - speech from 26 Jan 2021.wav,8BXjmZT3OFM,1,30,60,joe o'reilly,Fine Gael,Cavan-Monaghan,Cootehill,Cavan,Ulster,8BXjmZT3OFM_Senator Joe O'Reilly - speech from 26 Jan 2021.wav,parliament,,0.30-1.00,DAIL,/Users/cianan/Documents/College/GitHub/FYP/Data/DailData/roi_audio_processed/8BXjmZT3OFM_Senator Joe O'Reilly - speech from 26 Jan 2021.wav
/Users/cianan/Documents/College/GitHub/FYP/Data/DailData/roi_audio_processed/RWYvlh8JpIs_Senator Joe O'Reilly- speech from 15 Feb 2022.wav,RWYvlh8JpIs,1,30,60,joe o'reilly,Fine Gael,Cavan-Monaghan,Cootehill,Cavan,Ulster,RWYvlh8JpIs_Senator Joe O'Reilly- speech from 15 Feb 2022.wav,parliament,,0.30-1.00,DAIL,/Users/cianan/Documents/College/GitHub/FYP/Data/DailData/roi_audio_processed/RWYvlh8JpIs_Senator Joe O'Reilly- speech from 15 Feb 2022.wav
/Users/cianan/Documents/College/GitHub/FYP/Data/DailData/roi_audio_processed/Li9AA3IK1Kw_Senator Joe O'Reilly - speech from 21 Oct 2021.wav,Li9AA3IK1Kw,1,30,60,joe o'reilly,Fine Gael,Cavan-Monaghan,Cootehill,Cavan,Ulster,Li9AA3IK1Kw_Senator Joe O'Reilly - speech from 21 Oct 2021.wav,parliament,,0.30-1.00,DAIL,/Users/cianan/Documents/College/GitHub/FYP/Data/DailData/roi_audio_processed/Li9AA3IK1Kw_Senator Joe O'Reilly - speech from 21 Oct 2021.wav
/Users/cianan/Documents/College/GitHub/FYP/Data/DailData/roi_audio_processed/ws8Gs37Dnao_Senator Joe O'Reilly- speech from 16 Dec 2021.wav,ws8Gs37Dnao,1,30,60,joe o'reilly,Fine Gael,Cavan-Monaghan,Cootehill,Cavan,Ulster,ws8Gs37Dnao_Senator Joe O'Reilly- speech from 16 Dec 2021.wav,parliament,,0.30-1.00,DAIL,/Users/cianan/Documents/College/GitHub/FYP/Data/DailData/roi_audio_processed/ws8Gs37Dnao_Senator Joe O'Reilly- speech from 16 Dec 2021.wav
/Users/cianan/Documents/College/GitHub/FYP/Data/DailData/roi_audio_processed/jEqs_W-f2ns_Senator Joe O'Reilly- speech from 22 Mar 2021.wav,jEqs_W-f2ns,1,30,60,joe o'reilly,Fine Gael,Cavan-Monaghan,Cootehill,Cavan,Ulster,jEqs_W-f2ns_Senator Joe O'Reilly- speech from 22 Mar 2021.wav,parliament,,0.30-1.00,DAIL,/Users/cianan/Documents/College/GitHub/FYP/Data/DailData/roi_audio_processed/jEqs_W-f2ns_Senator Joe O'Reilly- speech from 22 Mar 2021.wav
/Users/cianan/Documents/College/GitHub/FYP/Data/DailData/roi_audio_processed/rMm2hTZkMtI_Senator Joe O'Reilly- speech from 17 Nov 2021.wav,rMm2hTZkMtI,1,30,60,joe o'reilly,Fine Gael,Cavan-Monaghan,Cootehill,Cavan,Ulster,rMm2hTZkMtI_Senator Joe O'Reilly- speech from 17 Nov 2021.wav,parliament,,0.30-1.00,DAIL,/Users/cianan/Documents/College/GitHub/FYP/Data/DailData/roi_audio_processed/rMm2hTZkMtI_Senator Joe O'Reilly- speech from 17 Nov 2021.wav
/Users/cianan/Documents/College/GitHub/FYP/Data/DailData/roi_audio_processed/kojX8OflOos_Senator Joe O'Reilly – speech from 31 Jul 2020.wav,kojX8OflOos,1,30,60,joe o'reilly,Fine Gael,Cavan-Monaghan,Cootehill,Cavan,Ulster,kojX8OflOos_Senator Joe O'Reilly ‚Äì speech from 31 Jul 2020.wav,parliament,,0.30-1.00,DAIL,/Users/cianan/Documents/College/GitHub/FYP/Data/DailData/roi_audio_processed/kojX8OflOos_Senator Joe O'Reilly – speech from 31 Jul 2020.wav
/Users/cianan/Documents/College/GitHub/FYP/Data/DailData/roi_audio_processed/yHiXZZVtrX4_Senator Joe O'Reilly - speech from 3 Mar 2022.wav,yHiXZZVtrX4,1,30,60,joe o'reilly,Fine Gael,Cavan-Monaghan,Cootehill,Cavan,Ulster,yHiXZZVtrX4_Senator Joe O'Reilly - speech from 3 Mar 2022.wav,parliament,,0.30-1.00,DAIL,/Users/cianan/Documents/College/GitHub/FYP/Data/DailData/roi_audio_processed/yHiXZZVtrX4_Senator Joe O'Reilly - speech from 3 Mar 2022.wav
/Users/cianan/Documents/College/GitHub/FYP/Data/DailData/roi_audio_processed/LG7PSi-Lf90_Senator Joe O'Reilly  - Fine Gael - speech from 10.wav,LG7PSi-Lf90,1,30,60,joe o'reilly,Fine Gael,Cavan-Monaghan,Cootehill,Cavan,Ulster,LG7PSi-Lf90_Senator Joe O'Reilly  - Fine Gael - speech from 10.wav,parliament,,0.30-1.00,DAIL,/Users/cianan/Documents/College/GitHub/FYP/Data/DailData/roi_audio_processed/LG7PSi-Lf90_Senator Joe O'Reilly  - Fine Gael - speech from 10.wav
/Users/cianan/Documents/College/GitHub/FYP/Data/DailData/roi_audio_processed/O1IS5A7MPJ4_Senator Joe O'Reilly - speech from 1 Dec 2020.wav,O1IS5A7MPJ4,1,30,60,joe o'reilly,Fine Gael,Cavan-Monaghan,Cootehill,Cavan,Ulster,O1IS5A7MPJ4_Senator Joe O'Reilly - speech from 1 Dec 2020.wav,parliament,,0.30-1.00,DAIL,/Users/cianan/Documents/College/GitHub/FYP/Data/DailData/roi_audio_processed/O1IS5A7MPJ4_Senator Joe O'Reilly - speech from 1 Dec 2020.wav
/Users/cianan/Documents/College/GitHub/FYP/Data/DailData/roi_audio_processed/foBdXMmjrDk_Deputy John Brady - Priority Questions - 30 May 20.wav,foBdXMmjrDk,1,30,60,john brady,Sinn Fein,Wicklow,Bray,Wicklow,Leinster,foBdXMmjrDk_Deputy John Brady - Priority Questions - 30 May 20.wav,parliament,,0.30-1.00,DAIL,/Users/cianan/Documents/College/GitHub/FYP/Data/DailData/roi_audio_processed/foBdXMmjrDk_Deputy John Brady - Priority Questions - 30 May 20.wav
/Users/cianan/Documents/College/GitHub/FYP/Data/DailData/roi_audio_processed/eQqOTC6fSk8_Deputy John Brady - Leaders’ Questions - 18 Sep 20.wav,eQqOTC6fSk8,1,30,60,john brady,Sinn Fein,Wicklow,Bray,Wicklow,Leinster,eQqOTC6fSk8_Deputy John Brady - Leaders‚Äô Questions - 18 Sep 20.wav,parliament,,0.30-1.00,DAIL,/Users/cianan/Documents/College/GitHub/FYP/Data/DailData/roi_audio_processed/eQqOTC6fSk8_Deputy John Brady - Leaders’ Questions - 18 Sep 20.wav
/Users/cianan/Documents/College/GitHub/FYP/Data/DailData/roi_audio_processed/NaWKsDyyUVI_Deputy John Brady - Topical Issues - 11 Jul 2019.wav,NaWKsDyyUVI,1,30,60,john brady,Sinn Fein,Wicklow,Bray,Wicklow,Leinster,NaWKsDyyUVI_Deputy John Brady - Topical Issues - 11 Jul 2019.wav,parliament,,0.30-1.00,DAIL,/Users/cianan/Documents/College/GitHub/FYP/Data/DailData/roi_audio_processed/NaWKsDyyUVI_Deputy John Brady - Topical Issues - 11 Jul 2019.wav
/Users/cianan/Documents/College/GitHub/FYP/Data/DailData/roi_audio_processed/ZQJft5Lx-w4_Deputy John Brady - Government Business - 06.03.20.wav,ZQJft5Lx-w4,1,30,60,john brady,Sinn Fein,Wicklow,Bray,Wicklow,Leinster,ZQJft5Lx-w4_Deputy John Brady - Government Business - 06.03.20.wav,parliament,,0.30-1.00,DAIL,/Users/cianan/Documents/College/GitHub/FYP/Data/DailData/roi_audio_processed/ZQJft5Lx-w4_Deputy John Brady - Government Business - 06.03.20.wav
/Users/cianan/Documents/College/GitHub/FYP/Data/DailData/roi_audio_processed/DRSj5hY0X9c_Deputy John Curran - Private Members’ Business - 0.wav,DRSj5hY0X9c,1,30,60,john curran,Fianna Fail,Dublin Mid-West,Lucan,Dublin West,Leinster,DRSj5hY0X9c_Deputy John Curran - Private Members‚Äô Business - 0.wav,parliament,,0.30-1.00,DAIL,/Users/cianan/Documents/College/GitHub/FYP/Data/DailData/roi_audio_processed/DRSj5hY0X9c_Deputy John Curran - Private Members’ Business - 0.wav
/Users/cianan/Documents/College/GitHub/FYP/Data/DailData/roi_audio_processed/snx2erc4EOc_Deputy John Curran - Other Questions - 13.03.2019.wav,snx2erc4EOc,1,30,60,john curran,Fianna Fail,Dublin Mid-West,Lucan,Dublin West,Leinster,snx2erc4EOc_Deputy John Curran - Other Questions - 13.03.2019.wav,parliament,,0.30-1.00,DAIL,/Users/cianan/Documents/College/GitHub/FYP/Data/DailData/roi_audio_processed/snx2erc4EOc_Deputy John Curran - Other Questions - 13.03.2019.wav
/Users/cianan/Documents/College/GitHub/FYP/Data/DailData/roi_audio_processed/Nz4KtHgORw4_Deputy John Curran - Topical Issues - 24 Sep 2019.wav,Nz4KtHgORw4,1,30,60,john curran,Fianna Fail,Dublin Mid-West,Lucan,Dublin West,Leinster,Nz4KtHgORw4_Deputy John Curran - Topical Issues - 24 Sep 2019.wav,parliament,,0.30-1.00,DAIL,/Users/cianan/Documents/College/GitHub/FYP/Data/DailData/roi_audio_processed/Nz4KtHgORw4_Deputy John Curran - Topical Issues - 24 Sep 2019.wav
/Users/cianan/Documents/College/GitHub/FYP/Data/DailData/roi_audio_processed/8uA31XV-uRA_Deputy John Curran - Other Questions - 15 May 2019.wav,8uA31XV-uRA,1,30,60,john curran,Fianna Fail,Dublin Mid-West,Lucan,Dublin West,Leinster,8uA31XV-uRA_Deputy John Curran - Other Questions - 15 May 2019.wav,parliament,,0.30-1.00,DAIL,/Users/cianan/Documents/College/GitHub/FYP/Data/DailData/roi_audio_processed/8uA31XV-uRA_Deputy John Curran - Other Questions - 15 May 2019.wav
/Users/cianan/Documents/College/GitHub/FYP/Data/DailData/roi_audio_processed/LznCSV3e48I_Deputy John Curran - Other Questions - 19 Jun 2019.wav,LznCSV3e48I,1,30,60,john curran,Fianna Fail,Dublin Mid-West,Lucan,Dublin West,Leinster,LznCSV3e48I_Deputy John Curran - Other Questions - 19 Jun 2019.wav,parliament,,0.30-1.00,DAIL,/Users/cianan/Documents/College/GitHub/FYP/Data/DailData/roi_audio_processed/LznCSV3e48I_Deputy John Curran - Other Questions - 19 Jun 2019.wav
/Users/cianan/Documents/College/GitHub/FYP/Data/DailData/roi_audio_processed/9vEtR72_AY0_John Dolan - speech from  09 Apr 2019.wav,9vEtR72_AY0,1,30,60,john dolan,Independent,,Tipperary,Tipperary,Munster,9vEtR72_AY0_John Dolan - speech from  09 Apr 2019.wav,parliament,,0.30-1.00,DAIL,/Users/cianan/Documents/College/GitHub/FYP/Data/DailData/roi_audio_processed/9vEtR72_AY0_John Dolan - speech from  09 Apr 2019.wav
/Users/cianan/Documents/College/GitHub/FYP/Data/DailData/roi_audio_processed/N0LnfPFmCb8_Senator John Dolan - speech from 29 May 2019.wav,N0LnfPFmCb8,1,30,60,john dolan,Independent,,Tipperary,Tipperary,Munster,N0LnfPFmCb8_Senator John Dolan - speech from 29 May 2019.wav,parliament,,0.30-1.00,DAIL,/Users/cianan/Documents/College/GitHub/FYP/Data/DailData/roi_audio_processed/N0LnfPFmCb8_Senator John Dolan - speech from 29 May 2019.wav
/Users/cianan/Documents/College/GitHub/FYP/Data/DailData/roi_audio_processed/rNK3B-wKgNQ_Senator John Dolan - speech from 19 Jun 2019.wav,rNK3B-wKgNQ,1,30,60,john dolan,Independent,,Tipperary,Tipperary,Munster,rNK3B-wKgNQ_Senator John Dolan - speech from 19 Jun 2019.wav,parliament,,0.30-1.00,DAIL,/Users/cianan/Documents/College/GitHub/FYP/Data/DailData/roi_audio_processed/rNK3B-wKgNQ_Senator John Dolan - speech from 19 Jun 2019.wav
/Users/cianan/Documents/College/GitHub/FYP/Data/DailData/roi_audio_processed/_ANJk_cdfss_Senator John Dolan - speech from 24 Sep 2019.wav,_ANJk_cdfss,1,30,60,john dolan,Independent,,Tipperary,Tipperary,Munster,_ANJk_cdfss_Senator John Dolan - speech from 24 Sep 2019.wav,parliament,,0.30-1.00,DAIL,/Users/cianan/Documents/College/GitHub/FYP/Data/DailData/roi_audio_processed/_ANJk_cdfss_Senator John Dolan - speech from 24 Sep 2019.wav
/Users/cianan/Documents/College/GitHub/FYP/Data/DailData/roi_audio_processed/g3lgd3bUGJE_Deputy John Halligan - Government Business - 19 Ju.wav,g3lgd3bUGJE,1,30,60,john halligan,Independent,Waterford,Waterford City,Waterford,Munster,g3lgd3bUGJE_Deputy John Halligan - Government Business - 19 Ju.wav,parliament,,0.30-1.00,DAIL,/Users/cianan/Documents/College/GitHub/FYP/Data/DailData/roi_audio_processed/g3lgd3bUGJE_Deputy John Halligan - Government Business - 19 Ju.wav
/Users/cianan/Documents/College/GitHub/FYP/Data/DailData/roi_audio_processed/_1TwArYsYD4_Deputy John Lahart - Priority Questions - 06.03.20.wav,_1TwArYsYD4,1,30,60,john lahart,Fianna Fail,Dublin South-West,Ballyroan,Dublin South,Leinster,_1TwArYsYD4_Deputy John Lahart - Priority Questions - 06.03.20.wav,parliament,,0.30-1.00,DAIL,/Users/cianan/Documents/College/GitHub/FYP/Data/DailData/roi_audio_processed/_1TwArYsYD4_Deputy John Lahart - Priority Questions - 06.03.20.wav
/Users/cianan/Documents/College/GitHub/FYP/Data/DailData/roi_audio_processed/E9aq8tguiAw_Deputy John Lahart - Government Business - 29 May .wav,E9aq8tguiAw,1,30,60,john lahart,Fianna Fail,Dublin South-West,Ballyroan,Dublin South,Leinster,E9aq8tguiAw_Deputy John Lahart - Government Business - 29 May .wav,parliament,,0.30-1.00,DAIL,/Users/cianan/Documents/College/GitHub/FYP/Data/DailData/roi_audio_processed/E9aq8tguiAw_Deputy John Lahart - Government Business - 29 May .wav
/Users/cianan/Documents/College/GitHub/FYP/Data/DailData/roi_audio_processed/oO0Gov5N0TU_Deputy John Lahart - Government Business - 11.04.2.wav,oO0Gov5N0TU,1,30,60,john lahart,Fianna Fail,Dublin South-West,Ballyroan,Dublin South,Leinster,oO0Gov5N0TU_Deputy John Lahart - Government Business - 11.04.2.wav,parliament,,0.30-1.00,DAIL,/Users/cianan/Documents/College/GitHub/FYP/Data/DailData/roi_audio_processed/oO0Gov5N0TU_Deputy John Lahart - Government Business - 11.04.2.wav
/Users/cianan/Documents/College/GitHub/FYP/Data/DailData/roi_audio_processed/OpgzM7rXjLM_Deputy John Lahart - Priority Questions - 9 Jul 20.wav,OpgzM7rXjLM,1,30,60,john lahart,Fianna Fail,Dublin South-West,Ballyroan,Dublin South,Leinster,OpgzM7rXjLM_Deputy John Lahart - Priority Questions - 9 Jul 20.wav,parliament,,0.30-1.00,DAIL,/Users/cianan/Documents/College/GitHub/FYP/Data/DailData/roi_audio_processed/OpgzM7rXjLM_Deputy John Lahart - Priority Questions - 9 Jul 20.wav
/Users/cianan/Documents/College/GitHub/FYP/Data/DailData/roi_audio_processed/mCUHrlTDdZ0_Deputy John Lahart - Private Members’ Business - 2.wav,mCUHrlTDdZ0,1,30,60,john lahart,Fianna Fail,Dublin South-West,Ballyroan,Dublin South,Leinster,mCUHrlTDdZ0_Deputy John Lahart - Private Members‚Äô Business - 2.wav,parliament,,0.30-1.00,DAIL,/Users/cianan/Documents/College/GitHub/FYP/Data/DailData/roi_audio_processed/mCUHrlTDdZ0_Deputy John Lahart - Private Members’ Business - 2.wav
/Users/cianan/Documents/College/GitHub/FYP/Data/DailData/roi_audio_processed/7PRld5AH9OA_Deputy John McGuinness - Questions on Promised Leg.wav,7PRld5AH9OA,1,30,60,john mcguinness,Fianna Fail,Carlow-Kilkenny,Kilkenny City,Kilkenny,Leinster,7PRld5AH9OA_Deputy John McGuinness - Questions on Promised Leg.wav,parliament,,0.30-1.00,DAIL,/Users/cianan/Documents/College/GitHub/FYP/Data/DailData/roi_audio_processed/7PRld5AH9OA_Deputy John McGuinness - Questions on Promised Leg.wav
/Users/cianan/Documents/College/GitHub/FYP/Data/DailData/roi_audio_processed/iwm7Zb3edmA_Deputy John McGuinness - Questions on Promised Leg.wav,iwm7Zb3edmA,1,30,60,john mcguinness,Fianna Fail,Carlow-Kilkenny,Kilkenny City,Kilkenny,Leinster,iwm7Zb3edmA_Deputy John McGuinness - Questions on Promised Leg.wav,parliament,,0.30-1.00,DAIL,/Users/cianan/Documents/College/GitHub/FYP/Data/DailData/roi_audio_processed/iwm7Zb3edmA_Deputy John McGuinness - Questions on Promised Leg.wav
/Users/cianan/Documents/College/GitHub/FYP/Data/DailData/roi_audio_processed/LWB4-Qs5jDw_Senator John O'Mahony - Order of Business - 8 May .wav,LWB4-Qs5jDw,1,30,60,john o'mahony,Fianna Fail,Mayo,Kilmovee,Mayo,Connacht,LWB4-Qs5jDw_Senator John O'Mahony - Order of Business - 8 May .wav,parliament,,0.30-1.00,DAIL,/Users/cianan/Documents/College/GitHub/FYP/Data/DailData/roi_audio_processed/LWB4-Qs5jDw_Senator John O'Mahony - Order of Business - 8 May .wav
/Users/cianan/Documents/College/GitHub/FYP/Data/DailData/roi_audio_processed/JOs5Ns-rkLw_Senator John O'Mahony - speech from 11 Jun 2019.wav,JOs5Ns-rkLw,1,30,60,john o'mahony,Fianna Fail,Mayo,Kilmovee,Mayo,Connacht,JOs5Ns-rkLw_Senator John O'Mahony - speech from 11 Jun 2019.wav,parliament,,0.30-1.00,DAIL,/Users/cianan/Documents/College/GitHub/FYP/Data/DailData/roi_audio_processed/JOs5Ns-rkLw_Senator John O'Mahony - speech from 11 Jun 2019.wav
/Users/cianan/Documents/College/GitHub/FYP/Data/DailData/roi_audio_processed/soVrdXyMG1w_Senator John O'Mahony - speech from 1 Oct 2019.wav,soVrdXyMG1w,1,30,60,john o'mahony,Fianna Fail,Mayo,Kilmovee,Mayo,Connacht,soVrdXyMG1w_Senator John O'Mahony - speech from 1 Oct 2019.wav,parliament,,0.30-1.00,DAIL,/Users/cianan/Documents/College/GitHub/FYP/Data/DailData/roi_audio_processed/soVrdXyMG1w_Senator John O'Mahony - speech from 1 Oct 2019.wav
/Users/cianan/Documents/College/GitHub/FYP/Data/DailData/roi_audio_processed/lRJ5huAVBDo_Senator John O'Mahony - speech from 26 Jun 2019.wav,lRJ5huAVBDo,1,30,60,john o'mahony,Fianna Fail,Mayo,Kilmovee,Mayo,Connacht,lRJ5huAVBDo_Senator John O'Mahony - speech from 26 Jun 2019.wav,parliament,,0.30-1.00,DAIL,/Users/cianan/Documents/College/GitHub/FYP/Data/DailData/roi_audio_processed/lRJ5huAVBDo_Senator John O'Mahony - speech from 26 Jun 2019.wav
/Users/cianan/Documents/College/GitHub/FYP/Data/DailData/roi_audio_processed/GPOTNhS_WE8_Deputy John Paul Phelan - Government Business - 10.wav,GPOTNhS_WE8,1,30,60,john paul phelan,Fine Gael,Carlow-Kilkenny,Tullogher,Kilkenny,Leinster,GPOTNhS_WE8_Deputy John Paul Phelan - Government Business - 10.wav,parliament,,0.30-1.00,DAIL,/Users/cianan/Documents/College/GitHub/FYP/Data/DailData/roi_audio_processed/GPOTNhS_WE8_Deputy John Paul Phelan - Government Business - 10.wav
/Users/cianan/Documents/College/GitHub/FYP/Data/DailData/roi_audio_processed/Bh7p1NJZwXs_Deputy Jonathan O'Brien - Private Members’ Busines.wav,Bh7p1NJZwXs,1,30,60,jonathan o'brien,Sinn Fein,Cork North-Central,Cork City,Cork,Munster,Bh7p1NJZwXs_Deputy Jonathan O'Brien - Private Members‚Äô Busines.wav,parliament,,0.30-1.00,DAIL,/Users/cianan/Documents/College/GitHub/FYP/Data/DailData/roi_audio_processed/Bh7p1NJZwXs_Deputy Jonathan O'Brien - Private Members’ Busines.wav
/Users/cianan/Documents/College/GitHub/FYP/Data/DailData/roi_audio_processed/yWU5TE19qyQ_Deputy Jonathan O'Brien - Priority Questions - 05..wav,yWU5TE19qyQ,1,30,60,jonathan o'brien,Sinn Fein,Cork North-Central,Cork City,Cork,Munster,yWU5TE19qyQ_Deputy Jonathan O'Brien - Priority Questions - 05..wav,parliament,,0.30-1.00,DAIL,/Users/cianan/Documents/College/GitHub/FYP/Data/DailData/roi_audio_processed/yWU5TE19qyQ_Deputy Jonathan O'Brien - Priority Questions - 05..wav
/Users/cianan/Documents/College/GitHub/FYP/Data/DailData/roi_audio_processed/p9tneRwU1-w_Deputy Jonathan O'Brien - Private Members’ Busines.wav,p9tneRwU1-w,1,30,60,jonathan o'brien,Sinn Fein,Cork North-Central,Cork City,Cork,Munster,p9tneRwU1-w_Deputy Jonathan O'Brien - Private Members‚Äô Busines.wav,parliament,,0.30-1.00,DAIL,/Users/cianan/Documents/College/GitHub/FYP/Data/DailData/roi_audio_processed/p9tneRwU1-w_Deputy Jonathan O'Brien - Private Members’ Busines.wav
/Users/cianan/Documents/College/GitHub/FYP/Data/DailData/roi_audio_processed/rd4QFg8AGRo_Deputy Jonathan O'Brien - Government Business - 17.wav,rd4QFg8AGRo,1,30,60,jonathan o'brien,Sinn Fein,Cork North-Central,Cork City,Cork,Munster,rd4QFg8AGRo_Deputy Jonathan O'Brien - Government Business - 17.wav,parliament,,0.30-1.00,DAIL,/Users/cianan/Documents/College/GitHub/FYP/Data/DailData/roi_audio_processed/rd4QFg8AGRo_Deputy Jonathan O'Brien - Government Business - 17.wav
/Users/cianan/Documents/College/GitHub/FYP/Data/DailData/roi_audio_processed/wkVQaSE3XlU_Deputy Josepha Madigan - Government Business - 29 .wav,wkVQaSE3XlU,1,30,60,josepha madigan,Fine Gael,Dublin Rathdown,Dublin City,Dublin City Centre,Leinster,wkVQaSE3XlU_Deputy Josepha Madigan - Government Business - 29 .wav,parliament,,0.30-1.00,DAIL,/Users/cianan/Documents/College/GitHub/FYP/Data/DailData/roi_audio_processed/wkVQaSE3XlU_Deputy Josepha Madigan - Government Business - 29 .wav
/Users/cianan/Documents/College/GitHub/FYP/Data/DailData/roi_audio_processed/8WsjgXTbkpA_Deputy Katherine Zappone - Government Business - 1.wav,8WsjgXTbkpA,1,30,60,katherine zappone,Independent,Dublin South-West,Seattle,Washington,Other,8WsjgXTbkpA_Deputy Katherine Zappone - Government Business - 1.wav,parliament,,0.30-1.00,DAIL,/Users/cianan/Documents/College/GitHub/FYP/Data/DailData/roi_audio_processed/8WsjgXTbkpA_Deputy Katherine Zappone - Government Business - 1.wav
/Users/cianan/Documents/College/GitHub/FYP/Data/DailData/roi_audio_processed/bG6-k1HkQvg_Deputy Kathleen Funchion - Government Business - 1.wav,bG6-k1HkQvg,1,30,60,kathleen funchion,Sinn Fein,Carlow-Kilkenny,Callan,Kilkenny,Leinster,bG6-k1HkQvg_Deputy Kathleen Funchion - Government Business - 1.wav,parliament,,0.30-1.00,DAIL,/Users/cianan/Documents/College/GitHub/FYP/Data/DailData/roi_audio_processed/bG6-k1HkQvg_Deputy Kathleen Funchion - Government Business - 1.wav
/Users/cianan/Documents/College/GitHub/FYP/Data/DailData/roi_audio_processed/sz_dhs9N6qA_Deputy Kathleen Funchion - Government Business - 0.wav,sz_dhs9N6qA,1,30,60,kathleen funchion,Sinn Fein,Carlow-Kilkenny,Callan,Kilkenny,Leinster,sz_dhs9N6qA_Deputy Kathleen Funchion - Government Business - 0.wav,parliament,,0.30-1.00,DAIL,/Users/cianan/Documents/College/GitHub/FYP/Data/DailData/roi_audio_processed/sz_dhs9N6qA_Deputy Kathleen Funchion - Government Business - 0.wav
/Users/cianan/Documents/College/GitHub/FYP/Data/DailData/roi_audio_processed/TVL1ySpGrlM_Deputy Kathleen Funchion - Priority Questions - 25.wav,TVL1ySpGrlM,1,30,60,kathleen funchion,Sinn Fein,Carlow-Kilkenny,Callan,Kilkenny,Leinster,TVL1ySpGrlM_Deputy Kathleen Funchion - Priority Questions - 25.wav,parliament,,0.30-1.00,DAIL,/Users/cianan/Documents/College/GitHub/FYP/Data/DailData/roi_audio_processed/TVL1ySpGrlM_Deputy Kathleen Funchion - Priority Questions - 25.wav
/Users/cianan/Documents/College/GitHub/FYP/Data/DailData/roi_audio_processed/1SgmP3N_Cto_Deputy Kathleen Funchion - Government Business - 1.wav,1SgmP3N_Cto,1,30,60,kathleen funchion,Sinn Fein,Carlow-Kilkenny,Callan,Kilkenny,Leinster,1SgmP3N_Cto_Deputy Kathleen Funchion - Government Business - 1.wav,parliament,,0.30-1.00,DAIL,/Users/cianan/Documents/College/GitHub/FYP/Data/DailData/roi_audio_processed/1SgmP3N_Cto_Deputy Kathleen Funchion - Government Business - 1.wav
/Users/cianan/Documents/College/GitHub/FYP/Data/DailData/roi_audio_processed/53TJHXNxE8I_Deputy Kathleen Funchion - Government Business - 9.wav,53TJHXNxE8I,1,30,60,kathleen funchion,Sinn Fein,Carlow-Kilkenny,Callan,Kilkenny,Leinster,53TJHXNxE8I_Deputy Kathleen Funchion - Government Business - 9.wav,parliament,,0.30-1.00,DAIL,/Users/cianan/Documents/College/GitHub/FYP/Data/DailData/roi_audio_processed/53TJHXNxE8I_Deputy Kathleen Funchion - Government Business - 9.wav
/Users/cianan/Documents/College/GitHub/FYP/Data/DailData/roi_audio_processed/emhK3bjQ-Bs_Deputy Kathleen Funchion - Government Business - 9.wav,emhK3bjQ-Bs,1,30,60,kathleen funchion,Sinn Fein,Carlow-Kilkenny,Callan,Kilkenny,Leinster,emhK3bjQ-Bs_Deputy Kathleen Funchion - Government Business - 9.wav,parliament,,0.30-1.00,DAIL,/Users/cianan/Documents/College/GitHub/FYP/Data/DailData/roi_audio_processed/emhK3bjQ-Bs_Deputy Kathleen Funchion - Government Business - 9.wav
/Users/cianan/Documents/College/GitHub/FYP/Data/DailData/roi_audio_processed/KpFpoTk1nh8_Deputy Kathleen Funchion - Other Questions - 06.03.wav,KpFpoTk1nh8,1,30,60,kathleen funchion,Sinn Fein,Carlow-Kilkenny,Callan,Kilkenny,Leinster,KpFpoTk1nh8_Deputy Kathleen Funchion - Other Questions - 06.03.wav,parliament,,0.30-1.00,DAIL,/Users/cianan/Documents/College/GitHub/FYP/Data/DailData/roi_audio_processed/KpFpoTk1nh8_Deputy Kathleen Funchion - Other Questions - 06.03.wav
/Users/cianan/Documents/College/GitHub/FYP/Data/DailData/roi_audio_processed/2maDdXW-kvE_Deputy Kathleen Funchion - Private Members’ Busine.wav,2maDdXW-kvE,1,30,60,kathleen funchion,Sinn Fein,Carlow-Kilkenny,Callan,Kilkenny,Leinster,2maDdXW-kvE_Deputy Kathleen Funchion - Private Members‚Äô Busine.wav,parliament,,0.30-1.00,DAIL,/Users/cianan/Documents/College/GitHub/FYP/Data/DailData/roi_audio_processed/2maDdXW-kvE_Deputy Kathleen Funchion - Private Members’ Busine.wav
/Users/cianan/Documents/College/GitHub/FYP/Data/DailData/roi_audio_processed/D76DkTShHxQ_Deputy Kathleen Funchion - Priority Questions - 06.wav,D76DkTShHxQ,1,30,60,kathleen funchion,Sinn Fein,Carlow-Kilkenny,Callan,Kilkenny,Leinster,D76DkTShHxQ_Deputy Kathleen Funchion - Priority Questions - 06.wav,parliament,,0.30-1.00,DAIL,/Users/cianan/Documents/College/GitHub/FYP/Data/DailData/roi_audio_processed/D76DkTShHxQ_Deputy Kathleen Funchion - Priority Questions - 06.wav
/Users/cianan/Documents/College/GitHub/FYP/Data/DailData/roi_audio_processed/Dojst2BRUo8_Deputy Kathleen Funchion - Topical Issues - 14 May.wav,Dojst2BRUo8,1,30,60,kathleen funchion,Sinn Fein,Carlow-Kilkenny,Callan,Kilkenny,Leinster,Dojst2BRUo8_Deputy Kathleen Funchion - Topical Issues - 14 May.wav,parliament,,0.30-1.00,DAIL,/Users/cianan/Documents/College/GitHub/FYP/Data/DailData/roi_audio_processed/Dojst2BRUo8_Deputy Kathleen Funchion - Topical Issues - 14 May.wav
/Users/cianan/Documents/College/GitHub/FYP/Data/DailData/roi_audio_processed/GcozQYr3sgo_Senator Keith Swanick - speech from 11 Jun 2019.wav,GcozQYr3sgo,1,30,60,keith swanick,Fianna Fail,,Castlerea,Roscommon,Connacht,GcozQYr3sgo_Senator Keith Swanick - speech from 11 Jun 2019.wav,parliament,,0.30-1.00,DAIL,/Users/cianan/Documents/College/GitHub/FYP/Data/DailData/roi_audio_processed/GcozQYr3sgo_Senator Keith Swanick - speech from 11 Jun 2019.wav
/Users/cianan/Documents/College/GitHub/FYP/Data/DailData/roi_audio_processed/5e7r5oYmVV0_Senator Keith Swanick - speech from 8 Oct 2019.wav,5e7r5oYmVV0,1,30,60,keith swanick,Fianna Fail,,Castlerea,Roscommon,Connacht,5e7r5oYmVV0_Senator Keith Swanick - speech from 8 Oct 2019.wav,parliament,,0.30-1.00,DAIL,/Users/cianan/Documents/College/GitHub/FYP/Data/DailData/roi_audio_processed/5e7r5oYmVV0_Senator Keith Swanick - speech from 8 Oct 2019.wav
/Users/cianan/Documents/College/GitHub/FYP/Data/DailData/roi_audio_processed/Hvfgy_16ui8_Keith Swanick  - speech from  10 Apr 2019.wav,Hvfgy_16ui8,1,30,60,keith swanick,Fianna Fail,,Castlerea,Roscommon,Connacht,Hvfgy_16ui8_Keith Swanick  - speech from  10 Apr 2019.wav,parliament,,0.30-1.00,DAIL,/Users/cianan/Documents/College/GitHub/FYP/Data/DailData/roi_audio_processed/Hvfgy_16ui8_Keith Swanick  - speech from  10 Apr 2019.wav
/Users/cianan/Documents/College/GitHub/FYP/Data/DailData/roi_audio_processed/OtZ7HWEixa8_Senator Keith Swanick - speech from 3 Jul 2019.wav,OtZ7HWEixa8,1,30,60,keith swanick,Fianna Fail,,Castlerea,Roscommon,Connacht,OtZ7HWEixa8_Senator Keith Swanick - speech from 3 Jul 2019.wav,parliament,,0.30-1.00,DAIL,/Users/cianan/Documents/College/GitHub/FYP/Data/DailData/roi_audio_processed/OtZ7HWEixa8_Senator Keith Swanick - speech from 3 Jul 2019.wav
/Users/cianan/Documents/College/GitHub/FYP/Data/DailData/roi_audio_processed/lCwHcz9Gz38_Deputy Kevin Boxer Moran - Priority Questions - 05.wav,lCwHcz9Gz38,1,30,60,kevin boxer moran,Independent,Longford-Westmeath,Athlone,Westmeath,Leinster,lCwHcz9Gz38_Deputy Kevin Boxer Moran - Priority Questions - 05.wav,parliament,,0.30-1.00,DAIL,/Users/cianan/Documents/College/GitHub/FYP/Data/DailData/roi_audio_processed/lCwHcz9Gz38_Deputy Kevin Boxer Moran - Priority Questions - 05.wav
/Users/cianan/Documents/College/GitHub/FYP/Data/DailData/roi_audio_processed/0NpKLaXFRoo_Deputy Kevin Boxer Moran - Government Business - 2.wav,0NpKLaXFRoo,1,30,60,kevin boxer moran,Independent,Longford-Westmeath,Athlone,Westmeath,Leinster,0NpKLaXFRoo_Deputy Kevin Boxer Moran - Government Business - 2.wav,parliament,,0.30-1.00,DAIL,/Users/cianan/Documents/College/GitHub/FYP/Data/DailData/roi_audio_processed/0NpKLaXFRoo_Deputy Kevin Boxer Moran - Government Business - 2.wav
/Users/cianan/Documents/College/GitHub/FYP/Data/DailData/roi_audio_processed/R4H0rtqNfso_Senator Kevin Humphreys - speech from 2 Jul 2019.wav,R4H0rtqNfso,1,30,60,kevin humphreys,Labour,Dublin Bay South,Ringsend,Dublin City Centre,Leinster,R4H0rtqNfso_Senator Kevin Humphreys - speech from 2 Jul 2019.wav,parliament,,0.30-1.00,DAIL,/Users/cianan/Documents/College/GitHub/FYP/Data/DailData/roi_audio_processed/R4H0rtqNfso_Senator Kevin Humphreys - speech from 2 Jul 2019.wav
/Users/cianan/Documents/College/GitHub/FYP/Data/DailData/roi_audio_processed/kVSQFTn8XhY_Kevin Humphreys  - speech from  16 Apr 2019.wav,kVSQFTn8XhY,1,30,60,kevin humphreys,Labour,Dublin Bay South,Ringsend,Dublin City Centre,Leinster,kVSQFTn8XhY_Kevin Humphreys  - speech from  16 Apr 2019.wav,parliament,,0.30-1.00,DAIL,/Users/cianan/Documents/College/GitHub/FYP/Data/DailData/roi_audio_processed/kVSQFTn8XhY_Kevin Humphreys  - speech from  16 Apr 2019.wav
/Users/cianan/Documents/College/GitHub/FYP/Data/DailData/roi_audio_processed/DmtFA-yrha8_Kevin Humphreys - speech from  18 Apr 2019.wav,DmtFA-yrha8,1,30,60,kevin humphreys,Labour,Dublin Bay South,Ringsend,Dublin City Centre,Leinster,DmtFA-yrha8_Kevin Humphreys - speech from  18 Apr 2019.wav,parliament,,0.30-1.00,DAIL,/Users/cianan/Documents/College/GitHub/FYP/Data/DailData/roi_audio_processed/DmtFA-yrha8_Kevin Humphreys - speech from  18 Apr 2019.wav
/Users/cianan/Documents/College/GitHub/FYP/Data/DailData/roi_audio_processed/DgkxmGhDjB8_Senator Kevin Humphreys - speech from 16 May 2019.wav,DgkxmGhDjB8,1,30,60,kevin humphreys,Labour,Dublin Bay South,Ringsend,Dublin City Centre,Leinster,DgkxmGhDjB8_Senator Kevin Humphreys - speech from 16 May 2019.wav,parliament,,0.30-1.00,DAIL,/Users/cianan/Documents/College/GitHub/FYP/Data/DailData/roi_audio_processed/DgkxmGhDjB8_Senator Kevin Humphreys - speech from 16 May 2019.wav
/Users/cianan/Documents/College/GitHub/FYP/Data/DailData/roi_audio_processed/oii_Z2JcSCI_Senator Kevin Humphreys - speech from 21 May 2019.wav,oii_Z2JcSCI,1,30,60,kevin humphreys,Labour,Dublin Bay South,Ringsend,Dublin City Centre,Leinster,oii_Z2JcSCI_Senator Kevin Humphreys - speech from 21 May 2019.wav,parliament,,0.30-1.00,DAIL,/Users/cianan/Documents/College/GitHub/FYP/Data/DailData/roi_audio_processed/oii_Z2JcSCI_Senator Kevin Humphreys - speech from 21 May 2019.wav
/Users/cianan/Documents/College/GitHub/FYP/Data/DailData/roi_audio_processed/5GQMuGv-wAU_Senator Kevin Humphreys - speech from 24 Sep 2019.wav,5GQMuGv-wAU,1,30,60,kevin humphreys,Labour,Dublin Bay South,Ringsend,Dublin City Centre,Leinster,5GQMuGv-wAU_Senator Kevin Humphreys - speech from 24 Sep 2019.wav,parliament,,0.30-1.00,DAIL,/Users/cianan/Documents/College/GitHub/FYP/Data/DailData/roi_audio_processed/5GQMuGv-wAU_Senator Kevin Humphreys - speech from 24 Sep 2019.wav
/Users/cianan/Documents/College/GitHub/FYP/Data/DailData/roi_audio_processed/DR97HdSApe0_Deputy Kevin O'Keeffe - Private Members’ Business .wav,DR97HdSApe0,1,30,60,kevin o'keeffe,Fianna Fail,Cork East,Cork City,Cork,Munster,DR97HdSApe0_Deputy Kevin O'Keeffe - Private Members‚Äô Business .wav,parliament,,0.30-1.00,DAIL,/Users/cianan/Documents/College/GitHub/FYP/Data/DailData/roi_audio_processed/DR97HdSApe0_Deputy Kevin O'Keeffe - Private Members’ Business .wav
/Users/cianan/Documents/College/GitHub/FYP/Data/DailData/roi_audio_processed/m9OyDCey2DQ_Deputy Kevin O'Keeffe - Private Members’ Business .wav,m9OyDCey2DQ,1,30,60,kevin o'keeffe,Fianna Fail,Cork East,Cork City,Cork,Munster,m9OyDCey2DQ_Deputy Kevin O'Keeffe - Private Members‚Äô Business .wav,parliament,,0.30-1.00,DAIL,/Users/cianan/Documents/College/GitHub/FYP/Data/DailData/roi_audio_processed/m9OyDCey2DQ_Deputy Kevin O'Keeffe - Private Members’ Business .wav
/Users/cianan/Documents/College/GitHub/FYP/Data/DailData/roi_audio_processed/oo4bcWr664Q_Deputy Kevin O'Keeffe - Private Members’ Business .wav,oo4bcWr664Q,1,30,60,kevin o'keeffe,Fianna Fail,Cork East,Cork City,Cork,Munster,oo4bcWr664Q_Deputy Kevin O'Keeffe - Private Members‚Äô Business .wav,parliament,,0.30-1.00,DAIL,/Users/cianan/Documents/College/GitHub/FYP/Data/DailData/roi_audio_processed/oo4bcWr664Q_Deputy Kevin O'Keeffe - Private Members’ Business .wav
/Users/cianan/Documents/College/GitHub/FYP/Data/DailData/roi_audio_processed/Z0nJVQqKL8k_Senator Kieran O'Donnell - speech from 11 Jun 2019.wav,Z0nJVQqKL8k,1,30,60,kieran o'donnell,Fine Gael,Limerick City,Limerick City,Limerick,Munster,Z0nJVQqKL8k_Senator Kieran O'Donnell - speech from 11 Jun 2019.wav,parliament,,0.30-1.00,DAIL,/Users/cianan/Documents/College/GitHub/FYP/Data/DailData/roi_audio_processed/Z0nJVQqKL8k_Senator Kieran O'Donnell - speech from 11 Jun 2019.wav
/Users/cianan/Documents/College/GitHub/FYP/Data/DailData/roi_audio_processed/DKBVlZ7WPRM_Senator Kieran O'Donnell - speech from 24 Sep 2019.wav,DKBVlZ7WPRM,1,30,60,kieran o'donnell,Fine Gael,Limerick City,Limerick City,Limerick,Munster,DKBVlZ7WPRM_Senator Kieran O'Donnell - speech from 24 Sep 2019.wav,parliament,,0.30-1.00,DAIL,/Users/cianan/Documents/College/GitHub/FYP/Data/DailData/roi_audio_processed/DKBVlZ7WPRM_Senator Kieran O'Donnell - speech from 24 Sep 2019.wav
/Users/cianan/Documents/College/GitHub/FYP/Data/DailData/roi_audio_processed/HgLMxs0APQ0_Deputy Kieran O'Donnell - speech from 22 Oct 2020.wav,HgLMxs0APQ0,1,30,60,kieran o'donnell,Fine Gael,Limerick City,Limerick City,Limerick,Munster,HgLMxs0APQ0_Deputy Kieran O'Donnell - speech from 22 Oct 2020.wav,parliament,,0.30-1.00,DAIL,/Users/cianan/Documents/College/GitHub/FYP/Data/DailData/roi_audio_processed/HgLMxs0APQ0_Deputy Kieran O'Donnell - speech from 22 Oct 2020.wav
/Users/cianan/Documents/College/GitHub/FYP/Data/DailData/roi_audio_processed/Ezqu3vN3VrQ_Deputy Kieran O'Donnell - speech from 14 May 2020.wav,Ezqu3vN3VrQ,1,30,60,kieran o'donnell,Fine Gael,Limerick City,Limerick City,Limerick,Munster,Ezqu3vN3VrQ_Deputy Kieran O'Donnell - speech from 14 May 2020.wav,parliament,,0.30-1.00,DAIL,/Users/cianan/Documents/College/GitHub/FYP/Data/DailData/roi_audio_processed/Ezqu3vN3VrQ_Deputy Kieran O'Donnell - speech from 14 May 2020.wav
/Users/cianan/Documents/College/GitHub/FYP/Data/DailData/roi_audio_processed/HscsTIFxoC0_Deputy Kieran O'Donnell - speech from 8 Jul 2020.wav,HscsTIFxoC0,1,30,60,kieran o'donnell,Fine Gael,Limerick City,Limerick City,Limerick,Munster,HscsTIFxoC0_Deputy Kieran O'Donnell - speech from 8 Jul 2020.wav,parliament,,0.30-1.00,DAIL,/Users/cianan/Documents/College/GitHub/FYP/Data/DailData/roi_audio_processed/HscsTIFxoC0_Deputy Kieran O'Donnell - speech from 8 Jul 2020.wav
/Users/cianan/Documents/College/GitHub/FYP/Data/DailData/roi_audio_processed/iOF5g1t20lU_Deputy Kieran O'Donnell – speech from 03 Sep 2020.wav,iOF5g1t20lU,1,30,60,kieran o'donnell,Fine Gael,Limerick City,Limerick City,Limerick,Munster,iOF5g1t20lU_Deputy Kieran O'Donnell ‚Äì speech from 03 Sep 2020.wav,parliament,,0.30-1.00,DAIL,/Users/cianan/Documents/College/GitHub/FYP/Data/DailData/roi_audio_processed/iOF5g1t20lU_Deputy Kieran O'Donnell – speech from 03 Sep 2020.wav
/Users/cianan/Documents/College/GitHub/FYP/Data/DailData/roi_audio_processed/s0O1eH0t8dc_Senator Kieran O'Donnell - speech from - 14 May 20.wav,s0O1eH0t8dc,1,30,60,kieran o'donnell,Fine Gael,Limerick City,Limerick City,Limerick,Munster,s0O1eH0t8dc_Senator Kieran O'Donnell - speech from - 14 May 20.wav,parliament,,0.30-1.00,DAIL,/Users/cianan/Documents/College/GitHub/FYP/Data/DailData/roi_audio_processed/s0O1eH0t8dc_Senator Kieran O'Donnell - speech from - 14 May 20.wav
/Users/cianan/Documents/College/GitHub/FYP/Data/DailData/roi_audio_processed/fGOr1WrsuwI_Senator Kieran O'Donnell - speech from 16 May 2019.wav,fGOr1WrsuwI,1,30,60,kieran o'donnell,Fine Gael,Limerick City,Limerick City,Limerick,Munster,fGOr1WrsuwI_Senator Kieran O'Donnell - speech from 16 May 2019.wav,parliament,,0.30-1.00,DAIL,/Users/cianan/Documents/College/GitHub/FYP/Data/DailData/roi_audio_processed/fGOr1WrsuwI_Senator Kieran O'Donnell - speech from 16 May 2019.wav
/Users/cianan/Documents/College/GitHub/FYP/Data/DailData/roi_audio_processed/s4Y9s2WZvnc_Kieran O'Donnell - speech from  18 Apr 2019.wav,s4Y9s2WZvnc,1,30,60,kieran o'donnell,Fine Gael,Limerick City,Limerick City,Limerick,Munster,s4Y9s2WZvnc_Kieran O'Donnell - speech from  18 Apr 2019.wav,parliament,,0.30-1.00,DAIL,/Users/cianan/Documents/College/GitHub/FYP/Data/DailData/roi_audio_processed/s4Y9s2WZvnc_Kieran O'Donnell - speech from  18 Apr 2019.wav
/Users/cianan/Documents/College/GitHub/FYP/Data/DailData/roi_audio_processed/StkQKPLVMPI_Senator Kieran O'Donnell - speech from 26 Jun 2019.wav,StkQKPLVMPI,1,30,60,kieran o'donnell,Fine Gael,Limerick City,Limerick City,Limerick,Munster,StkQKPLVMPI_Senator Kieran O'Donnell - speech from 26 Jun 2019.wav,parliament,,0.30-1.00,DAIL,/Users/cianan/Documents/College/GitHub/FYP/Data/DailData/roi_audio_processed/StkQKPLVMPI_Senator Kieran O'Donnell - speech from 26 Jun 2019.wav
/Users/cianan/Documents/College/GitHub/FYP/Data/DailData/roi_audio_processed/uzo5lr82zQo_Deputy Lisa Chambers - Private Members’ Business -.wav,uzo5lr82zQo,1,30,60,lisa chambers,Fianna Fail,Mayo,Ballyheane,Mayo,Connacht,uzo5lr82zQo_Deputy Lisa Chambers - Private Members‚Äô Business -.wav,parliament,,0.30-1.00,DAIL,/Users/cianan/Documents/College/GitHub/FYP/Data/DailData/roi_audio_processed/uzo5lr82zQo_Deputy Lisa Chambers - Private Members’ Business -.wav
/Users/cianan/Documents/College/GitHub/FYP/Data/DailData/roi_audio_processed/ejo-cGrzyJI_Senator Lorraine Clifford-Lee - speech from 21 May.wav,ejo-cGrzyJI,1,30,60,lorraine clifford,Fianna Fail,,Waterford City,Waterford,Munster,ejo-cGrzyJI_Senator Lorraine Clifford-Lee - speech from 21 May.wav,parliament,,0.30-1.00,DAIL,/Users/cianan/Documents/College/GitHub/FYP/Data/DailData/roi_audio_processed/ejo-cGrzyJI_Senator Lorraine Clifford-Lee - speech from 21 May.wav
/Users/cianan/Documents/College/GitHub/FYP/Data/DailData/roi_audio_processed/PRwLd7BXpN4_Senator Lorraine Clifford-Lee - speech from 14 May.wav,PRwLd7BXpN4,1,30,60,lorraine clifford,Fianna Fail,,Waterford City,Waterford,Munster,PRwLd7BXpN4_Senator Lorraine Clifford-Lee - speech from 14 May.wav,parliament,,0.30-1.00,DAIL,/Users/cianan/Documents/College/GitHub/FYP/Data/DailData/roi_audio_processed/PRwLd7BXpN4_Senator Lorraine Clifford-Lee - speech from 14 May.wav
/Users/cianan/Documents/College/GitHub/FYP/Data/DailData/roi_audio_processed/r0TJW5Aqrik_Senator Lorraine Clifford-Lee - speech from 8 May .wav,r0TJW5Aqrik,1,30,60,lorraine clifford,Fianna Fail,,Waterford City,Waterford,Munster,r0TJW5Aqrik_Senator Lorraine Clifford-Lee - speech from 8 May .wav,parliament,,0.30-1.00,DAIL,/Users/cianan/Documents/College/GitHub/FYP/Data/DailData/roi_audio_processed/r0TJW5Aqrik_Senator Lorraine Clifford-Lee - speech from 8 May .wav
/Users/cianan/Documents/College/GitHub/FYP/Data/DailData/roi_audio_processed/sELZ4M3Q29o_Senator Lorraine Clifford-Lee - speech from 24 Sep.wav,sELZ4M3Q29o,1,30,60,lorraine clifford,Fianna Fail,,Waterford City,Waterford,Munster,sELZ4M3Q29o_Senator Lorraine Clifford-Lee - speech from 24 Sep.wav,parliament,,0.30-1.00,DAIL,/Users/cianan/Documents/College/GitHub/FYP/Data/DailData/roi_audio_processed/sELZ4M3Q29o_Senator Lorraine Clifford-Lee - speech from 24 Sep.wav
/Users/cianan/Documents/College/GitHub/FYP/Data/DailData/roi_audio_processed/A8T0dtR4Szs_Senator Lorraine Clifford-Lee - speech from 12 Jun.wav,A8T0dtR4Szs,1,30,60,lorraine clifford,Fianna Fail,,Waterford City,Waterford,Munster,A8T0dtR4Szs_Senator Lorraine Clifford-Lee - speech from 12 Jun.wav,parliament,,0.30-1.00,DAIL,/Users/cianan/Documents/College/GitHub/FYP/Data/DailData/roi_audio_processed/A8T0dtR4Szs_Senator Lorraine Clifford-Lee - speech from 12 Jun.wav
/Users/cianan/Documents/College/GitHub/FYP/Data/DailData/roi_audio_processed/EAfkeKvsZpE_Deputy Louise O'Reilly - Government Business - 11..wav,EAfkeKvsZpE,1,30,60,louise o'reilly,Sinn Fein,Dublin Fingal,Dublin City,Dublin City Centre,Leinster,EAfkeKvsZpE_Deputy Louise O'Reilly - Government Business - 11..wav,parliament,,0.30-1.00,DAIL,/Users/cianan/Documents/College/GitHub/FYP/Data/DailData/roi_audio_processed/EAfkeKvsZpE_Deputy Louise O'Reilly - Government Business - 11..wav
/Users/cianan/Documents/College/GitHub/FYP/Data/DailData/roi_audio_processed/aqZz13-jCyE_Deputy Louise O'Reilly - Questions on Promised Leg.wav,aqZz13-jCyE,1,30,60,louise o'reilly,Sinn Fein,Dublin Fingal,Dublin City,Dublin City Centre,Leinster,aqZz13-jCyE_Deputy Louise O'Reilly - Questions on Promised Leg.wav,parliament,,0.30-1.00,DAIL,/Users/cianan/Documents/College/GitHub/FYP/Data/DailData/roi_audio_processed/aqZz13-jCyE_Deputy Louise O'Reilly - Questions on Promised Leg.wav
/Users/cianan/Documents/College/GitHub/FYP/Data/DailData/roi_audio_processed/kRDNyti3Ogk_Deputy Louise O'Reilly - Priority Questions - 15 M.wav,kRDNyti3Ogk,1,30,60,louise o'reilly,Sinn Fein,Dublin Fingal,Dublin City,Dublin City Centre,Leinster,kRDNyti3Ogk_Deputy Louise O'Reilly - Priority Questions - 15 M.wav,parliament,,0.30-1.00,DAIL,/Users/cianan/Documents/College/GitHub/FYP/Data/DailData/roi_audio_processed/kRDNyti3Ogk_Deputy Louise O'Reilly - Priority Questions - 15 M.wav
/Users/cianan/Documents/College/GitHub/FYP/Data/DailData/roi_audio_processed/W_FWxTXCaww_Deputy Louise O'Reilly - Private Members’ Business.wav,W_FWxTXCaww,1,30,60,louise o'reilly,Sinn Fein,Dublin Fingal,Dublin City,Dublin City Centre,Leinster,W_FWxTXCaww_Deputy Louise O'Reilly - Private Members‚Äô Business.wav,parliament,,0.30-1.00,DAIL,/Users/cianan/Documents/College/GitHub/FYP/Data/DailData/roi_audio_processed/W_FWxTXCaww_Deputy Louise O'Reilly - Private Members’ Business.wav
/Users/cianan/Documents/College/GitHub/FYP/Data/DailData/roi_audio_processed/U73LkwzJib0_Deputy Louise O'Reilly - Government Business - 05..wav,U73LkwzJib0,1,30,60,louise o'reilly,Sinn Fein,Dublin Fingal,Dublin City,Dublin City Centre,Leinster,U73LkwzJib0_Deputy Louise O'Reilly - Government Business - 05..wav,parliament,,0.30-1.00,DAIL,/Users/cianan/Documents/College/GitHub/FYP/Data/DailData/roi_audio_processed/U73LkwzJib0_Deputy Louise O'Reilly - Government Business - 05..wav
/Users/cianan/Documents/College/GitHub/FYP/Data/DailData/roi_audio_processed/B0cl1KzIbws_Lynn Ruane  - speech from  11 Apr 2019.wav,B0cl1KzIbws,1,30,60,lynn ruane,Independent,,Tallaght,Dublin West,Leinster,B0cl1KzIbws_Lynn Ruane  - speech from  11 Apr 2019.wav,parliament,,0.30-1.00,DAIL,/Users/cianan/Documents/College/GitHub/FYP/Data/DailData/roi_audio_processed/B0cl1KzIbws_Lynn Ruane  - speech from  11 Apr 2019.wav
/Users/cianan/Documents/College/GitHub/FYP/Data/DailData/roi_audio_processed/c-jWSFyQo9k_Lynn Ruane - speech from  09 Apr 2019.wav,c-jWSFyQo9k,1,30,60,lynn ruane,Independent,,Tallaght,Dublin West,Leinster,c-jWSFyQo9k_Lynn Ruane - speech from  09 Apr 2019.wav,parliament,,0.30-1.00,DAIL,/Users/cianan/Documents/College/GitHub/FYP/Data/DailData/roi_audio_processed/c-jWSFyQo9k_Lynn Ruane - speech from  09 Apr 2019.wav
/Users/cianan/Documents/College/GitHub/FYP/Data/DailData/roi_audio_processed/IPLbKUngb-Y_Senator Lynn Ruane - speech from 14 Oct 2020.wav,IPLbKUngb-Y,1,30,60,lynn ruane,Independent,,Tallaght,Dublin West,Leinster,IPLbKUngb-Y_Senator Lynn Ruane - speech from 14 Oct 2020.wav,parliament,,0.30-1.00,DAIL,/Users/cianan/Documents/College/GitHub/FYP/Data/DailData/roi_audio_processed/IPLbKUngb-Y_Senator Lynn Ruane - speech from 14 Oct 2020.wav
/Users/cianan/Documents/College/GitHub/FYP/Data/DailData/roi_audio_processed/G74OgNtS9ow_Senator Lynn Ruane - speech from 25 Sep 2019.wav,G74OgNtS9ow,1,30,60,lynn ruane,Independent,,Tallaght,Dublin West,Leinster,G74OgNtS9ow_Senator Lynn Ruane - speech from 25 Sep 2019.wav,parliament,,0.30-1.00,DAIL,/Users/cianan/Documents/College/GitHub/FYP/Data/DailData/roi_audio_processed/G74OgNtS9ow_Senator Lynn Ruane - speech from 25 Sep 2019.wav
/Users/cianan/Documents/College/GitHub/FYP/Data/DailData/roi_audio_processed/MZ0YIMs1aK4_Senator Lynn Ruane - Private Members’ Business - 8.wav,MZ0YIMs1aK4,1,30,60,lynn ruane,Independent,,Tallaght,Dublin West,Leinster,MZ0YIMs1aK4_Senator Lynn Ruane - Private Members‚Äô Business - 8.wav,parliament,,0.30-1.00,DAIL,/Users/cianan/Documents/College/GitHub/FYP/Data/DailData/roi_audio_processed/MZ0YIMs1aK4_Senator Lynn Ruane - Private Members’ Business - 8.wav
/Users/cianan/Documents/College/GitHub/FYP/Data/DailData/roi_audio_processed/paAYUQ9r_Ls_Senator Lynn Ruane - Order of Business - 14 May 20.wav,paAYUQ9r_Ls,1,30,60,lynn ruane,Independent,,Tallaght,Dublin West,Leinster,paAYUQ9r_Ls_Senator Lynn Ruane - Order of Business - 14 May 20.wav,parliament,,0.30-1.00,DAIL,/Users/cianan/Documents/College/GitHub/FYP/Data/DailData/roi_audio_processed/paAYUQ9r_Ls_Senator Lynn Ruane - Order of Business - 14 May 20.wav
/Users/cianan/Documents/College/GitHub/FYP/Data/DailData/roi_audio_processed/jKQZYWNrBEA_Senator Lynn Ruane - speech from 12 Jun 2019.wav,jKQZYWNrBEA,1,30,60,lynn ruane,Independent,,Tallaght,Dublin West,Leinster,jKQZYWNrBEA_Senator Lynn Ruane - speech from 12 Jun 2019.wav,parliament,,0.30-1.00,DAIL,/Users/cianan/Documents/College/GitHub/FYP/Data/DailData/roi_audio_processed/jKQZYWNrBEA_Senator Lynn Ruane - speech from 12 Jun 2019.wav
/Users/cianan/Documents/College/GitHub/FYP/Data/DailData/roi_audio_processed/0Hc0oOCrlZ0_Senator Lynn Ruane – speech from 31 Jul 2020.wav,0Hc0oOCrlZ0,1,30,60,lynn ruane,Independent,,Tallaght,Dublin West,Leinster,0Hc0oOCrlZ0_Senator Lynn Ruane ‚Äì speech from 31 Jul 2020.wav,parliament,,0.30-1.00,DAIL,/Users/cianan/Documents/College/GitHub/FYP/Data/DailData/roi_audio_processed/0Hc0oOCrlZ0_Senator Lynn Ruane – speech from 31 Jul 2020.wav
/Users/cianan/Documents/College/GitHub/FYP/Data/DailData/roi_audio_processed/UOoM6-88A70_Lynn Ruane - speech from  09 Apr 2019.wav,UOoM6-88A70,1,30,60,lynn ruane,Independent,,Tallaght,Dublin West,Leinster,UOoM6-88A70_Lynn Ruane - speech from  09 Apr 2019.wav,parliament,,0.30-1.00,DAIL,/Users/cianan/Documents/College/GitHub/FYP/Data/DailData/roi_audio_processed/UOoM6-88A70_Lynn Ruane - speech from  09 Apr 2019.wav
/Users/cianan/Documents/College/GitHub/FYP/Data/DailData/roi_audio_processed/cEeLN3uh0iU_Senator Lynn Ruane - speech from 21 May 2019.wav,cEeLN3uh0iU,1,30,60,lynn ruane,Independent,,Tallaght,Dublin West,Leinster,cEeLN3uh0iU_Senator Lynn Ruane - speech from 21 May 2019.wav,parliament,,0.30-1.00,DAIL,/Users/cianan/Documents/College/GitHub/FYP/Data/DailData/roi_audio_processed/cEeLN3uh0iU_Senator Lynn Ruane - speech from 21 May 2019.wav
/Users/cianan/Documents/College/GitHub/FYP/Data/DailData/roi_audio_processed/dlKZVOx1k6s_Lynn Ruane  - speech from  11 Apr 2019.wav,dlKZVOx1k6s,1,30,60,lynn ruane,Independent,,Tallaght,Dublin West,Leinster,dlKZVOx1k6s_Lynn Ruane  - speech from  11 Apr 2019.wav,parliament,,0.30-1.00,DAIL,/Users/cianan/Documents/College/GitHub/FYP/Data/DailData/roi_audio_processed/dlKZVOx1k6s_Lynn Ruane  - speech from  11 Apr 2019.wav
/Users/cianan/Documents/College/GitHub/FYP/Data/DailData/roi_audio_processed/51S1hb5HQuo_Senator Lynn Ruane - speech from 27 Jun 2019.wav,51S1hb5HQuo,1,30,60,lynn ruane,Independent,,Tallaght,Dublin West,Leinster,51S1hb5HQuo_Senator Lynn Ruane - speech from 27 Jun 2019.wav,parliament,,0.30-1.00,DAIL,/Users/cianan/Documents/College/GitHub/FYP/Data/DailData/roi_audio_processed/51S1hb5HQuo_Senator Lynn Ruane - speech from 27 Jun 2019.wav
/Users/cianan/Documents/College/GitHub/FYP/Data/DailData/roi_audio_processed/hjcLVqRGRBY_Senator Máire Devine - speech from 14 May 2019.wav,hjcLVqRGRBY,1,30,60,maire devine,Sinn Fein,Dublin South-Central,The Liberties,Dublin City Centre,Leinster,hjcLVqRGRBY_Senator M√°ire Devine - speech from 14 May 2019.wav,parliament,,0.30-1.00,DAIL,/Users/cianan/Documents/College/GitHub/FYP/Data/DailData/roi_audio_processed/hjcLVqRGRBY_Senator Máire Devine - speech from 14 May 2019.wav
/Users/cianan/Documents/College/GitHub/FYP/Data/DailData/roi_audio_processed/qKra8VXkZc8_Senator Máire Devine - speech from 24 Sep 2019.wav,qKra8VXkZc8,1,30,60,maire devine,Sinn Fein,Dublin South-Central,The Liberties,Dublin City Centre,Leinster,qKra8VXkZc8_Senator M√°ire Devine - speech from 24 Sep 2019.wav,parliament,,0.30-1.00,DAIL,/Users/cianan/Documents/College/GitHub/FYP/Data/DailData/roi_audio_processed/qKra8VXkZc8_Senator Máire Devine - speech from 24 Sep 2019.wav
/Users/cianan/Documents/College/GitHub/FYP/Data/DailData/roi_audio_processed/xCjkXTdEC-M_Senator Máire Devine - speech from 26 Jun 2019.wav,xCjkXTdEC-M,1,30,60,maire devine,Sinn Fein,Dublin South-Central,The Liberties,Dublin City Centre,Leinster,xCjkXTdEC-M_Senator M√°ire Devine - speech from 26 Jun 2019.wav,parliament,,0.30-1.00,DAIL,/Users/cianan/Documents/College/GitHub/FYP/Data/DailData/roi_audio_processed/xCjkXTdEC-M_Senator Máire Devine - speech from 26 Jun 2019.wav
/Users/cianan/Documents/College/GitHub/FYP/Data/DailData/roi_audio_processed/SduElsWug5M_Senator Máire Devine - speech from 16 May 2019.wav,SduElsWug5M,1,30,60,maire devine,Sinn Fein,Dublin South-Central,The Liberties,Dublin City Centre,Leinster,SduElsWug5M_Senator M√°ire Devine - speech from 16 May 2019.wav,parliament,,0.30-1.00,DAIL,/Users/cianan/Documents/College/GitHub/FYP/Data/DailData/roi_audio_processed/SduElsWug5M_Senator Máire Devine - speech from 16 May 2019.wav
/Users/cianan/Documents/College/GitHub/FYP/Data/DailData/roi_audio_processed/x5nUeZdUde8_Senator Máire Devine - speech from 21 May 2019.wav,x5nUeZdUde8,1,30,60,maire devine,Sinn Fein,Dublin South-Central,The Liberties,Dublin City Centre,Leinster,x5nUeZdUde8_Senator M√°ire Devine - speech from 21 May 2019.wav,parliament,,0.30-1.00,DAIL,/Users/cianan/Documents/College/GitHub/FYP/Data/DailData/roi_audio_processed/x5nUeZdUde8_Senator Máire Devine - speech from 21 May 2019.wav
/Users/cianan/Documents/College/GitHub/FYP/Data/DailData/roi_audio_processed/jR3BuSXSCB0_Deputy Marc MacSharry - Private Members’ Business .wav,jR3BuSXSCB0,1,30,60,marc macsharry,Fianna Fail,Sligo-Leitrim,Dublin City,Dublin City Centre,Leinster,jR3BuSXSCB0_Deputy Marc MacSharry - Private Members‚Äô Business .wav,parliament,,0.30-1.00,DAIL,/Users/cianan/Documents/College/GitHub/FYP/Data/DailData/roi_audio_processed/jR3BuSXSCB0_Deputy Marc MacSharry - Private Members’ Business .wav
/Users/cianan/Documents/College/GitHub/FYP/Data/DailData/roi_audio_processed/RHTj_RHlVbM_Deputy Marc MacSharry - Private Members’ Business .wav,RHTj_RHlVbM,1,30,60,marc macsharry,Fianna Fail,Sligo-Leitrim,Dublin City,Dublin City Centre,Leinster,RHTj_RHlVbM_Deputy Marc MacSharry - Private Members‚Äô Business .wav,parliament,,0.30-1.00,DAIL,/Users/cianan/Documents/College/GitHub/FYP/Data/DailData/roi_audio_processed/RHTj_RHlVbM_Deputy Marc MacSharry - Private Members’ Business .wav
/Users/cianan/Documents/College/GitHub/FYP/Data/DailData/roi_audio_processed/3f_iB838Z-8_Deputy Marc MacSharry - Topical Issues - 11 Jun 20.wav,3f_iB838Z-8,1,30,60,marc macsharry,Fianna Fail,Sligo-Leitrim,Dublin City,Dublin City Centre,Leinster,3f_iB838Z-8_Deputy Marc MacSharry - Topical Issues - 11 Jun 20.wav,parliament,,0.30-1.00,DAIL,/Users/cianan/Documents/College/GitHub/FYP/Data/DailData/roi_audio_processed/3f_iB838Z-8_Deputy Marc MacSharry - Topical Issues - 11 Jun 20.wav
/Users/cianan/Documents/College/GitHub/FYP/Data/DailData/roi_audio_processed/XVKWJd6vgM8_Deputy Marc MacSharry - Questions on Promised Legi.wav,XVKWJd6vgM8,1,30,60,marc macsharry,Fianna Fail,Sligo-Leitrim,Dublin City,Dublin City Centre,Leinster,XVKWJd6vgM8_Deputy Marc MacSharry - Questions on Promised Legi.wav,parliament,,0.30-1.00,DAIL,/Users/cianan/Documents/College/GitHub/FYP/Data/DailData/roi_audio_processed/XVKWJd6vgM8_Deputy Marc MacSharry - Questions on Promised Legi.wav
/Users/cianan/Documents/College/GitHub/FYP/Data/DailData/roi_audio_processed/Z8bIwoWacCE_Deputy Marcella Corcoran Kennedy - Topical Issues .wav,Z8bIwoWacCE,1,30,60,marcella corcoran kennedy,Fine Gael,Offaly,London,England,Other,Z8bIwoWacCE_Deputy Marcella Corcoran Kennedy - Topical Issues .wav,parliament,,0.30-1.00,DAIL,/Users/cianan/Documents/College/GitHub/FYP/Data/DailData/roi_audio_processed/Z8bIwoWacCE_Deputy Marcella Corcoran Kennedy - Topical Issues .wav
/Users/cianan/Documents/College/GitHub/FYP/Data/DailData/roi_audio_processed/MBJSfhwY2Qg_Deputy Marcella Corcoran Kennedy - Government Busi.wav,MBJSfhwY2Qg,1,30,60,marcella corcoran kennedy,Fine Gael,Offaly,London,England,Other,MBJSfhwY2Qg_Deputy Marcella Corcoran Kennedy - Government Busi.wav,parliament,,0.30-1.00,DAIL,/Users/cianan/Documents/College/GitHub/FYP/Data/DailData/roi_audio_processed/MBJSfhwY2Qg_Deputy Marcella Corcoran Kennedy - Government Busi.wav
/Users/cianan/Documents/College/GitHub/FYP/Data/DailData/roi_audio_processed/78vRIRPtDRY_Deputy Margaret Murphy O'Mahony - Government Busin.wav,78vRIRPtDRY,1,30,60,margaret murphy o'mahony,Fianna Fail,Cork South-West,Bandon,Cork,Munster,78vRIRPtDRY_Deputy Margaret Murphy O'Mahony - Government Busin.wav,parliament,,0.30-1.00,DAIL,/Users/cianan/Documents/College/GitHub/FYP/Data/DailData/roi_audio_processed/78vRIRPtDRY_Deputy Margaret Murphy O'Mahony - Government Busin.wav
/Users/cianan/Documents/College/GitHub/FYP/Data/DailData/roi_audio_processed/8Y0A9M4kNVs_Deputy Margaret Murphy O'Mahony - Questions on Pro.wav,8Y0A9M4kNVs,1,30,60,margaret murphy o'mahony,Fianna Fail,Cork South-West,Bandon,Cork,Munster,8Y0A9M4kNVs_Deputy Margaret Murphy O'Mahony - Questions on Pro.wav,parliament,,0.30-1.00,DAIL,/Users/cianan/Documents/College/GitHub/FYP/Data/DailData/roi_audio_processed/8Y0A9M4kNVs_Deputy Margaret Murphy O'Mahony - Questions on Pro.wav
/Users/cianan/Documents/College/GitHub/FYP/Data/DailData/roi_audio_processed/6wPV5t2YQmk_Deputy Margaret Murphy O'Mahony - Private Members’.wav,6wPV5t2YQmk,1,30,60,margaret murphy o'mahony,Fianna Fail,Cork South-West,Bandon,Cork,Munster,6wPV5t2YQmk_Deputy Margaret Murphy O'Mahony - Private Members‚Äô.wav,parliament,,0.30-1.00,DAIL,/Users/cianan/Documents/College/GitHub/FYP/Data/DailData/roi_audio_processed/6wPV5t2YQmk_Deputy Margaret Murphy O'Mahony - Private Members’.wav
/Users/cianan/Documents/College/GitHub/FYP/Data/DailData/roi_audio_processed/PNaznylLP1U_Deputy Maria Bailey - Order of Business - 05.03.20.wav,PNaznylLP1U,1,30,60,maria bailey,Fine Gael,Dun Laoghaire,Dalkey,Dublin Dun Laoghaire,Leinster,PNaznylLP1U_Deputy Maria Bailey - Order of Business - 05.03.20.wav,parliament,,0.30-1.00,DAIL,/Users/cianan/Documents/College/GitHub/FYP/Data/DailData/roi_audio_processed/PNaznylLP1U_Deputy Maria Bailey - Order of Business - 05.03.20.wav
/Users/cianan/Documents/College/GitHub/FYP/Data/DailData/roi_audio_processed/EIPeJ57gVZY_Senator Maria Byrne - Private Members’ Business - .wav,EIPeJ57gVZY,1,30,60,maria byrne,Fine Gael,,Limerick City,Limerick,Munster,EIPeJ57gVZY_Senator Maria Byrne - Private Members‚Äô Business - .wav,parliament,,0.30-1.00,DAIL,/Users/cianan/Documents/College/GitHub/FYP/Data/DailData/roi_audio_processed/EIPeJ57gVZY_Senator Maria Byrne - Private Members’ Business - .wav
/Users/cianan/Documents/College/GitHub/FYP/Data/DailData/roi_audio_processed/5PZT73TDYKM_Maria Byrne  - speech from  11 Apr 2019.wav,5PZT73TDYKM,1,30,60,maria byrne,Fine Gael,,Limerick City,Limerick,Munster,5PZT73TDYKM_Maria Byrne  - speech from  11 Apr 2019.wav,parliament,,0.30-1.00,DAIL,/Users/cianan/Documents/College/GitHub/FYP/Data/DailData/roi_audio_processed/5PZT73TDYKM_Maria Byrne  - speech from  11 Apr 2019.wav
/Users/cianan/Documents/College/GitHub/FYP/Data/DailData/roi_audio_processed/JD_Vg2VXC6Y_Senator Maria Byrne - speech from 27 Jun 2019.wav,JD_Vg2VXC6Y,1,30,60,maria byrne,Fine Gael,,Limerick City,Limerick,Munster,JD_Vg2VXC6Y_Senator Maria Byrne - speech from 27 Jun 2019.wav,parliament,,0.30-1.00,DAIL,/Users/cianan/Documents/College/GitHub/FYP/Data/DailData/roi_audio_processed/JD_Vg2VXC6Y_Senator Maria Byrne - speech from 27 Jun 2019.wav
/Users/cianan/Documents/College/GitHub/FYP/Data/DailData/roi_audio_processed/2tUUz7wtYBI_Senator Maria Byrne - speech from 25 Sep 2019.wav,2tUUz7wtYBI,1,30,60,maria byrne,Fine Gael,,Limerick City,Limerick,Munster,2tUUz7wtYBI_Senator Maria Byrne - speech from 25 Sep 2019.wav,parliament,,0.30-1.00,DAIL,/Users/cianan/Documents/College/GitHub/FYP/Data/DailData/roi_audio_processed/2tUUz7wtYBI_Senator Maria Byrne - speech from 25 Sep 2019.wav
/Users/cianan/Documents/College/GitHub/FYP/Data/DailData/roi_audio_processed/jR0FQPZijM4_Maria Byrne- speech from  09 Apr 2019.wav,jR0FQPZijM4,1,30,60,maria byrne,Fine Gael,,Limerick City,Limerick,Munster,jR0FQPZijM4_Maria Byrne- speech from  09 Apr 2019.wav,parliament,,0.30-1.00,DAIL,/Users/cianan/Documents/College/GitHub/FYP/Data/DailData/roi_audio_processed/jR0FQPZijM4_Maria Byrne- speech from  09 Apr 2019.wav
/Users/cianan/Documents/College/GitHub/FYP/Data/DailData/roi_audio_processed/bD6IRv_1UlQ_Senator Maria Byrne - speech from 28 May 2019.wav,bD6IRv_1UlQ,1,30,60,maria byrne,Fine Gael,,Limerick City,Limerick,Munster,bD6IRv_1UlQ_Senator Maria Byrne - speech from 28 May 2019.wav,parliament,,0.30-1.00,DAIL,/Users/cianan/Documents/College/GitHub/FYP/Data/DailData/roi_audio_processed/bD6IRv_1UlQ_Senator Maria Byrne - speech from 28 May 2019.wav
/Users/cianan/Documents/College/GitHub/FYP/Data/DailData/roi_audio_processed/jIZz76vZA9o_Senator Maria Byrne - speech from 12 Jun 2019.wav,jIZz76vZA9o,1,30,60,maria byrne,Fine Gael,,Limerick City,Limerick,Munster,jIZz76vZA9o_Senator Maria Byrne - speech from 12 Jun 2019.wav,parliament,,0.30-1.00,DAIL,/Users/cianan/Documents/College/GitHub/FYP/Data/DailData/roi_audio_processed/jIZz76vZA9o_Senator Maria Byrne - speech from 12 Jun 2019.wav
/Users/cianan/Documents/College/GitHub/FYP/Data/DailData/roi_audio_processed/srgGMrEq8Uo_Senator Maria Byrne - speech from 22 May 2019.wav,srgGMrEq8Uo,1,30,60,maria byrne,Fine Gael,,Limerick City,Limerick,Munster,srgGMrEq8Uo_Senator Maria Byrne - speech from 22 May 2019.wav,parliament,,0.30-1.00,DAIL,/Users/cianan/Documents/College/GitHub/FYP/Data/DailData/roi_audio_processed/srgGMrEq8Uo_Senator Maria Byrne - speech from 22 May 2019.wav
/Users/cianan/Documents/College/GitHub/FYP/Data/DailData/roi_audio_processed/SsF0vNBj2Fk_Maria Byrne  - speech from  16 Apr 2019.wav,SsF0vNBj2Fk,1,30,60,maria byrne,Fine Gael,,Limerick City,Limerick,Munster,SsF0vNBj2Fk_Maria Byrne  - speech from  16 Apr 2019.wav,parliament,,0.30-1.00,DAIL,/Users/cianan/Documents/College/GitHub/FYP/Data/DailData/roi_audio_processed/SsF0vNBj2Fk_Maria Byrne  - speech from  16 Apr 2019.wav
/Users/cianan/Documents/College/GitHub/FYP/Data/DailData/roi_audio_processed/gcctDupetm8_Senator Marie-Louise O'Donnell - speech from 11 Ju.wav,gcctDupetm8,1,30,60,marie louise o'donnell,Independent,,Foxford,Mayo,Connacht,gcctDupetm8_Senator Marie-Louise O'Donnell - speech from 11 Ju.wav,parliament,,0.30-1.00,DAIL,/Users/cianan/Documents/College/GitHub/FYP/Data/DailData/roi_audio_processed/gcctDupetm8_Senator Marie-Louise O'Donnell - speech from 11 Ju.wav
/Users/cianan/Documents/College/GitHub/FYP/Data/DailData/roi_audio_processed/9VBmOjHRUwM_Senator Marie-Louise O'Donnell - Order of Business.wav,9VBmOjHRUwM,1,30,60,marie louise o'donnell,Independent,,Foxford,Mayo,Connacht,9VBmOjHRUwM_Senator Marie-Louise O'Donnell - Order of Business.wav,parliament,,0.30-1.00,DAIL,/Users/cianan/Documents/College/GitHub/FYP/Data/DailData/roi_audio_processed/9VBmOjHRUwM_Senator Marie-Louise O'Donnell - Order of Business.wav
/Users/cianan/Documents/College/GitHub/FYP/Data/DailData/roi_audio_processed/NpWtY01L7Ow_Senator Marie-Louise O'Donnell - speech from 11 Ju.wav,NpWtY01L7Ow,1,30,60,marie louise o'donnell,Independent,,Foxford,Mayo,Connacht,NpWtY01L7Ow_Senator Marie-Louise O'Donnell - speech from 11 Ju.wav,parliament,,0.30-1.00,DAIL,/Users/cianan/Documents/College/GitHub/FYP/Data/DailData/roi_audio_processed/NpWtY01L7Ow_Senator Marie-Louise O'Donnell - speech from 11 Ju.wav
/Users/cianan/Documents/College/GitHub/FYP/Data/DailData/roi_audio_processed/MEpqkKJTfwU_Senator Marie-Louise O'Donnell - speech from 24 Se.wav,MEpqkKJTfwU,1,30,60,marie louise o'donnell,Independent,,Foxford,Mayo,Connacht,MEpqkKJTfwU_Senator Marie-Louise O'Donnell - speech from 24 Se.wav,parliament,,0.30-1.00,DAIL,/Users/cianan/Documents/College/GitHub/FYP/Data/DailData/roi_audio_processed/MEpqkKJTfwU_Senator Marie-Louise O'Donnell - speech from 24 Se.wav
/Users/cianan/Documents/College/GitHub/FYP/Data/DailData/roi_audio_processed/f1NGDrnywxs_Senator Marie-Louise O'Donnell - speech from 21 Ma.wav,f1NGDrnywxs,1,30,60,marie louise o'donnell,Independent,,Foxford,Mayo,Connacht,f1NGDrnywxs_Senator Marie-Louise O'Donnell - speech from 21 Ma.wav,parliament,,0.30-1.00,DAIL,/Users/cianan/Documents/College/GitHub/FYP/Data/DailData/roi_audio_processed/f1NGDrnywxs_Senator Marie-Louise O'Donnell - speech from 21 Ma.wav
/Users/cianan/Documents/College/GitHub/FYP/Data/DailData/roi_audio_processed/Ub2kCR5w_vE_Senator Marie-Louise O'Donnell - speech from - 14 .wav,Ub2kCR5w_vE,1,30,60,marie louise o'donnell,Independent,,Foxford,Mayo,Connacht,Ub2kCR5w_vE_Senator Marie-Louise O'Donnell - speech from - 14 .wav,parliament,,0.30-1.00,DAIL,/Users/cianan/Documents/College/GitHub/FYP/Data/DailData/roi_audio_processed/Ub2kCR5w_vE_Senator Marie-Louise O'Donnell - speech from - 14 .wav
/Users/cianan/Documents/College/GitHub/FYP/Data/DailData/roi_audio_processed/YVAwRNPWtj4_Marie Louise O'Donnell  - speech from  16 Apr 2019.wav,YVAwRNPWtj4,1,30,60,marie louise o'donnell,Independent,,Foxford,Mayo,Connacht,YVAwRNPWtj4_Marie Louise O'Donnell  - speech from  16 Apr 2019.wav,parliament,,0.30-1.00,DAIL,/Users/cianan/Documents/College/GitHub/FYP/Data/DailData/roi_audio_processed/YVAwRNPWtj4_Marie Louise O'Donnell  - speech from  16 Apr 2019.wav
/Users/cianan/Documents/College/GitHub/FYP/Data/DailData/roi_audio_processed/0wDkYik6t7g_Marie Louise O'Donnell - speech from  10 Apr 2019.wav,0wDkYik6t7g,1,30,60,marie louise o'donnell,Independent,,Foxford,Mayo,Connacht,0wDkYik6t7g_Marie Louise O'Donnell - speech from  10 Apr 2019.wav,parliament,,0.30-1.00,DAIL,/Users/cianan/Documents/College/GitHub/FYP/Data/DailData/roi_audio_processed/0wDkYik6t7g_Marie Louise O'Donnell - speech from  10 Apr 2019.wav
/Users/cianan/Documents/College/GitHub/FYP/Data/DailData/roi_audio_processed/VMxAlWq7wPA_Senator Mark Daly - speech from 28 May 2019.wav,VMxAlWq7wPA,1,30,60,mark daly,Fianna Fail,,Cork City,Cork,Munster,VMxAlWq7wPA_Senator Mark Daly - speech from 28 May 2019.wav,parliament,,0.30-1.00,DAIL,/Users/cianan/Documents/College/GitHub/FYP/Data/DailData/roi_audio_processed/VMxAlWq7wPA_Senator Mark Daly - speech from 28 May 2019.wav
/Users/cianan/Documents/College/GitHub/FYP/Data/DailData/roi_audio_processed/ZTy2CUPgDbg_Senator Mark Daly - speech from 11 Jul 2019.wav,ZTy2CUPgDbg,1,30,60,mark daly,Fianna Fail,,Cork City,Cork,Munster,ZTy2CUPgDbg_Senator Mark Daly - speech from 11 Jul 2019.wav,parliament,,0.30-1.00,DAIL,/Users/cianan/Documents/College/GitHub/FYP/Data/DailData/roi_audio_processed/ZTy2CUPgDbg_Senator Mark Daly - speech from 11 Jul 2019.wav
/Users/cianan/Documents/College/GitHub/FYP/Data/DailData/roi_audio_processed/qLKsMFtjJdg_Senator Mark Daly - speech from 16 May 2019.wav,qLKsMFtjJdg,1,30,60,mark daly,Fianna Fail,,Cork City,Cork,Munster,qLKsMFtjJdg_Senator Mark Daly - speech from 16 May 2019.wav,parliament,,0.30-1.00,DAIL,/Users/cianan/Documents/College/GitHub/FYP/Data/DailData/roi_audio_processed/qLKsMFtjJdg_Senator Mark Daly - speech from 16 May 2019.wav
/Users/cianan/Documents/College/GitHub/FYP/Data/DailData/roi_audio_processed/3vpy3m7c_5Q_Senator Mark Daly - speech from 13 Jun 2019.wav,3vpy3m7c_5Q,1,30,60,mark daly,Fianna Fail,,Cork City,Cork,Munster,3vpy3m7c_5Q_Senator Mark Daly - speech from 13 Jun 2019.wav,parliament,,0.30-1.00,DAIL,/Users/cianan/Documents/College/GitHub/FYP/Data/DailData/roi_audio_processed/3vpy3m7c_5Q_Senator Mark Daly - speech from 13 Jun 2019.wav
/Users/cianan/Documents/College/GitHub/FYP/Data/DailData/roi_audio_processed/pBRpd7WD-T0_Senator Martin Conway - speech from 11 Jun 2019.wav,pBRpd7WD-T0,1,30,60,martin conway,Independent,,Ennistymon,Clare,Munster,pBRpd7WD-T0_Senator Martin Conway - speech from 11 Jun 2019.wav,parliament,,0.30-1.00,DAIL,/Users/cianan/Documents/College/GitHub/FYP/Data/DailData/roi_audio_processed/pBRpd7WD-T0_Senator Martin Conway - speech from 11 Jun 2019.wav
/Users/cianan/Documents/College/GitHub/FYP/Data/DailData/roi_audio_processed/EgeejwA6lP0_Senator Martin Conway - speech from 8 May 2019.wav,EgeejwA6lP0,1,30,60,martin conway,Independent,,Ennistymon,Clare,Munster,EgeejwA6lP0_Senator Martin Conway - speech from 8 May 2019.wav,parliament,,0.30-1.00,DAIL,/Users/cianan/Documents/College/GitHub/FYP/Data/DailData/roi_audio_processed/EgeejwA6lP0_Senator Martin Conway - speech from 8 May 2019.wav
/Users/cianan/Documents/College/GitHub/FYP/Data/DailData/roi_audio_processed/sVLs46SUFAI_Martin Conway - speech from  17 Apr 2019.wav,sVLs46SUFAI,1,30,60,martin conway,Independent,,Ennistymon,Clare,Munster,sVLs46SUFAI_Martin Conway - speech from  17 Apr 2019.wav,parliament,,0.30-1.00,DAIL,/Users/cianan/Documents/College/GitHub/FYP/Data/DailData/roi_audio_processed/sVLs46SUFAI_Martin Conway - speech from  17 Apr 2019.wav
/Users/cianan/Documents/College/GitHub/FYP/Data/DailData/roi_audio_processed/p6DSytz6dFk_Senator Martin Conway - speech from 25 Sep 2019.wav,p6DSytz6dFk,1,30,60,martin conway,Independent,,Ennistymon,Clare,Munster,p6DSytz6dFk_Senator Martin Conway - speech from 25 Sep 2019.wav,parliament,,0.30-1.00,DAIL,/Users/cianan/Documents/College/GitHub/FYP/Data/DailData/roi_audio_processed/p6DSytz6dFk_Senator Martin Conway - speech from 25 Sep 2019.wav
/Users/cianan/Documents/College/GitHub/FYP/Data/DailData/roi_audio_processed/bU9W7SUJkpg_Senator Martin Conway - speech from 18 Jun 2019.wav,bU9W7SUJkpg,1,30,60,martin conway,Independent,,Ennistymon,Clare,Munster,bU9W7SUJkpg_Senator Martin Conway - speech from 18 Jun 2019.wav,parliament,,0.30-1.00,DAIL,/Users/cianan/Documents/College/GitHub/FYP/Data/DailData/roi_audio_processed/bU9W7SUJkpg_Senator Martin Conway - speech from 18 Jun 2019.wav
/Users/cianan/Documents/College/GitHub/FYP/Data/DailData/roi_audio_processed/RXLm7J7epg0_Senator Martin Conway - speech from 26 Jun 2019.wav,RXLm7J7epg0,1,30,60,martin conway,Independent,,Ennistymon,Clare,Munster,RXLm7J7epg0_Senator Martin Conway - speech from 26 Jun 2019.wav,parliament,,0.30-1.00,DAIL,/Users/cianan/Documents/College/GitHub/FYP/Data/DailData/roi_audio_processed/RXLm7J7epg0_Senator Martin Conway - speech from 26 Jun 2019.wav
/Users/cianan/Documents/College/GitHub/FYP/Data/DailData/roi_audio_processed/Breli2RRQEc_Martin Conway - speech from  17 Apr 2019.wav,Breli2RRQEc,1,30,60,martin conway,Independent,,Ennistymon,Clare,Munster,Breli2RRQEc_Martin Conway - speech from  17 Apr 2019.wav,parliament,,0.30-1.00,DAIL,/Users/cianan/Documents/College/GitHub/FYP/Data/DailData/roi_audio_processed/Breli2RRQEc_Martin Conway - speech from  17 Apr 2019.wav
/Users/cianan/Documents/College/GitHub/FYP/Data/DailData/roi_audio_processed/orn2DMcNR8g_Senator Martin Conway - speech from 8 May 2019.wav,orn2DMcNR8g,1,30,60,martin conway,Independent,,Ennistymon,Clare,Munster,orn2DMcNR8g_Senator Martin Conway - speech from 8 May 2019.wav,parliament,,0.30-1.00,DAIL,/Users/cianan/Documents/College/GitHub/FYP/Data/DailData/roi_audio_processed/orn2DMcNR8g_Senator Martin Conway - speech from 8 May 2019.wav
/Users/cianan/Documents/College/GitHub/FYP/Data/DailData/roi_audio_processed/hqeTgbRV-h8_Martin Conway - speech from  18 Apr 2019.wav,hqeTgbRV-h8,1,30,60,martin conway,Independent,,Ennistymon,Clare,Munster,hqeTgbRV-h8_Martin Conway - speech from  18 Apr 2019.wav,parliament,,0.30-1.00,DAIL,/Users/cianan/Documents/College/GitHub/FYP/Data/DailData/roi_audio_processed/hqeTgbRV-h8_Martin Conway - speech from  18 Apr 2019.wav
/Users/cianan/Documents/College/GitHub/FYP/Data/DailData/roi_audio_processed/ve4BhX-dgkg_Deputy Martin Ferris - Private Members’ Business -.wav,ve4BhX-dgkg,1,30,60,martin ferris,Sinn Fein,Kerry,Tralee,Kerry,Munster,ve4BhX-dgkg_Deputy Martin Ferris - Private Members‚Äô Business -.wav,parliament,,0.30-1.00,DAIL,/Users/cianan/Documents/College/GitHub/FYP/Data/DailData/roi_audio_processed/ve4BhX-dgkg_Deputy Martin Ferris - Private Members’ Business -.wav
/Users/cianan/Documents/College/GitHub/FYP/Data/DailData/roi_audio_processed/jccYhbyJldQ_Deputy Martin Ferris - Topical Issues - 30 May 201.wav,jccYhbyJldQ,1,30,60,martin ferris,Sinn Fein,Kerry,Tralee,Kerry,Munster,jccYhbyJldQ_Deputy Martin Ferris - Topical Issues - 30 May 201.wav,parliament,,0.30-1.00,DAIL,/Users/cianan/Documents/College/GitHub/FYP/Data/DailData/roi_audio_processed/jccYhbyJldQ_Deputy Martin Ferris - Topical Issues - 30 May 201.wav
/Users/cianan/Documents/College/GitHub/FYP/Data/DailData/roi_audio_processed/aerObcOsx44_Deputy Martin Ferris - Private Members’ Business -.wav,aerObcOsx44,1,30,60,martin ferris,Sinn Fein,Kerry,Tralee,Kerry,Munster,aerObcOsx44_Deputy Martin Ferris - Private Members‚Äô Business -.wav,parliament,,0.30-1.00,DAIL,/Users/cianan/Documents/College/GitHub/FYP/Data/DailData/roi_audio_processed/aerObcOsx44_Deputy Martin Ferris - Private Members’ Business -.wav
/Users/cianan/Documents/College/GitHub/FYP/Data/DailData/roi_audio_processed/lIFnDj4uSpk_Deputy Martin Heydon - Private Members’ Business -.wav,lIFnDj4uSpk,1,30,60,martin heydon,Fine Gael,Kildare South,Kilcullen,Kildare,Leinster,lIFnDj4uSpk_Deputy Martin Heydon - Private Members‚Äô Business -.wav,parliament,,0.30-1.00,DAIL,/Users/cianan/Documents/College/GitHub/FYP/Data/DailData/roi_audio_processed/lIFnDj4uSpk_Deputy Martin Heydon - Private Members’ Business -.wav
/Users/cianan/Documents/College/GitHub/FYP/Data/DailData/roi_audio_processed/5H7bUTLFTkc_Deputy Martin Heydon - Other Questions - 19 Sep 20.wav,5H7bUTLFTkc,1,30,60,martin heydon,Fine Gael,Kildare South,Kilcullen,Kildare,Leinster,5H7bUTLFTkc_Deputy Martin Heydon - Other Questions - 19 Sep 20.wav,parliament,,0.30-1.00,DAIL,/Users/cianan/Documents/College/GitHub/FYP/Data/DailData/roi_audio_processed/5H7bUTLFTkc_Deputy Martin Heydon - Other Questions - 19 Sep 20.wav
/Users/cianan/Documents/College/GitHub/FYP/Data/DailData/roi_audio_processed/tq-M9Awi-jg_Deputy Martin Heydon - Government Business - 13.03.wav,tq-M9Awi-jg,1,30,60,martin heydon,Fine Gael,Kildare South,Kilcullen,Kildare,Leinster,tq-M9Awi-jg_Deputy Martin Heydon - Government Business - 13.03.wav,parliament,,0.30-1.00,DAIL,/Users/cianan/Documents/College/GitHub/FYP/Data/DailData/roi_audio_processed/tq-M9Awi-jg_Deputy Martin Heydon - Government Business - 13.03.wav
/Users/cianan/Documents/College/GitHub/FYP/Data/DailData/roi_audio_processed/WymAj5Yxx6Q_Deputy Martin Heydon - Other Questions - 9 May 201.wav,WymAj5Yxx6Q,1,30,60,martin heydon,Fine Gael,Kildare South,Kilcullen,Kildare,Leinster,WymAj5Yxx6Q_Deputy Martin Heydon - Other Questions - 9 May 201.wav,parliament,,0.30-1.00,DAIL,/Users/cianan/Documents/College/GitHub/FYP/Data/DailData/roi_audio_processed/WymAj5Yxx6Q_Deputy Martin Heydon - Other Questions - 9 May 201.wav
/Users/cianan/Documents/College/GitHub/FYP/Data/DailData/roi_audio_processed/wMhUVBS1XjE_Deputy Martin Kenny - Priority Questions - 9 May 2.wav,wMhUVBS1XjE,1,30,60,martin kenny,Sinn Fein,Sligo-Leitrim,Sligo Town,Sligo,Connacht,wMhUVBS1XjE_Deputy Martin Kenny - Priority Questions - 9 May 2.wav,parliament,,0.30-1.00,DAIL,/Users/cianan/Documents/College/GitHub/FYP/Data/DailData/roi_audio_processed/wMhUVBS1XjE_Deputy Martin Kenny - Priority Questions - 9 May 2.wav
/Users/cianan/Documents/College/GitHub/FYP/Data/DailData/roi_audio_processed/xFHSYJRZYNk_Deputy Martin Kenny - Government Business - 17 Sep.wav,xFHSYJRZYNk,1,30,60,martin kenny,Sinn Fein,Sligo-Leitrim,Sligo Town,Sligo,Connacht,xFHSYJRZYNk_Deputy Martin Kenny - Government Business - 17 Sep.wav,parliament,,0.30-1.00,DAIL,/Users/cianan/Documents/College/GitHub/FYP/Data/DailData/roi_audio_processed/xFHSYJRZYNk_Deputy Martin Kenny - Government Business - 17 Sep.wav
/Users/cianan/Documents/College/GitHub/FYP/Data/DailData/roi_audio_processed/5OkdBGXeXsM_Deputy Martin Kenny - Topical Issues - 13 Jun 2019.wav,5OkdBGXeXsM,1,30,60,martin kenny,Sinn Fein,Sligo-Leitrim,Sligo Town,Sligo,Connacht,5OkdBGXeXsM_Deputy Martin Kenny - Topical Issues - 13 Jun 2019.wav,parliament,,0.30-1.00,DAIL,/Users/cianan/Documents/College/GitHub/FYP/Data/DailData/roi_audio_processed/5OkdBGXeXsM_Deputy Martin Kenny - Topical Issues - 13 Jun 2019.wav
/Users/cianan/Documents/College/GitHub/FYP/Data/DailData/roi_audio_processed/loZLFwlWHj4_Deputy Mary Lou McDonald - Leaders’ Questions - 9 .wav,loZLFwlWHj4,1,30,60,mary lou mcdonald,Sinn Fein,Dublin Central,Rathgar,Dublin South,Leinster,loZLFwlWHj4_Deputy Mary Lou McDonald - Leaders‚Äô Questions - 9 .wav,parliament,,0.30-1.00,DAIL,/Users/cianan/Documents/College/GitHub/FYP/Data/DailData/roi_audio_processed/loZLFwlWHj4_Deputy Mary Lou McDonald - Leaders’ Questions - 9 .wav
/Users/cianan/Documents/College/GitHub/FYP/Data/DailData/roi_audio_processed/RW0f469siaA_Deputy Mary Lou McDonald - Leaders’ Questions - 05.wav,RW0f469siaA,1,30,60,mary lou mcdonald,Sinn Fein,Dublin Central,Rathgar,Dublin South,Leinster,RW0f469siaA_Deputy Mary Lou McDonald - Leaders‚Äô Questions - 05.wav,parliament,,0.30-1.00,DAIL,/Users/cianan/Documents/College/GitHub/FYP/Data/DailData/roi_audio_processed/RW0f469siaA_Deputy Mary Lou McDonald - Leaders’ Questions - 05.wav
/Users/cianan/Documents/College/GitHub/FYP/Data/DailData/roi_audio_processed/wZHBI_H8FPs_Deputy Mary Lou McDonald - Leaders’ Questions - 14.wav,wZHBI_H8FPs,1,30,60,mary lou mcdonald,Sinn Fein,Dublin Central,Rathgar,Dublin South,Leinster,wZHBI_H8FPs_Deputy Mary Lou McDonald - Leaders‚Äô Questions - 14.wav,parliament,,0.30-1.00,DAIL,/Users/cianan/Documents/College/GitHub/FYP/Data/DailData/roi_audio_processed/wZHBI_H8FPs_Deputy Mary Lou McDonald - Leaders’ Questions - 14.wav
/Users/cianan/Documents/College/GitHub/FYP/Data/DailData/roi_audio_processed/eAh0utqzJUM_Deputy Mary Lou McDonald - Leaders’ Questions - 11.wav,eAh0utqzJUM,1,30,60,mary lou mcdonald,Sinn Fein,Dublin Central,Rathgar,Dublin South,Leinster,eAh0utqzJUM_Deputy Mary Lou McDonald - Leaders‚Äô Questions - 11.wav,parliament,,0.30-1.00,DAIL,/Users/cianan/Documents/College/GitHub/FYP/Data/DailData/roi_audio_processed/eAh0utqzJUM_Deputy Mary Lou McDonald - Leaders’ Questions - 11.wav
/Users/cianan/Documents/College/GitHub/FYP/Data/DailData/roi_audio_processed/S-XCfkiu5QA_Deputy Mary Lou McDonald - Leaders’ Questions - 17.wav,S-XCfkiu5QA,1,30,60,mary lou mcdonald,Sinn Fein,Dublin Central,Rathgar,Dublin South,Leinster,S-XCfkiu5QA_Deputy Mary Lou McDonald - Leaders‚Äô Questions - 17.wav,parliament,,0.30-1.00,DAIL,/Users/cianan/Documents/College/GitHub/FYP/Data/DailData/roi_audio_processed/S-XCfkiu5QA_Deputy Mary Lou McDonald - Leaders’ Questions - 17.wav
/Users/cianan/Documents/College/GitHub/FYP/Data/DailData/roi_audio_processed/D6e_0ODpc1M_Deputy Mary Mitchell O'Connor - Government Busines.wav,D6e_0ODpc1M,1,30,60,mary mitchell o'connor,Fine Gael,Dun Laoghaire,Milltown,Galway,Connacht,D6e_0ODpc1M_Deputy Mary Mitchell O'Connor - Government Busines.wav,parliament,,0.30-1.00,DAIL,/Users/cianan/Documents/College/GitHub/FYP/Data/DailData/roi_audio_processed/D6e_0ODpc1M_Deputy Mary Mitchell O'Connor - Government Busines.wav
/Users/cianan/Documents/College/GitHub/FYP/Data/DailData/roi_audio_processed/7ljJ4CFtDEM_Deputy Mattie McGrath - Questions on Promised Legi.wav,7ljJ4CFtDEM,1,30,60,mattie mcgrath,Fianna Fail,Tipperary,Newcastle,Tipperary,Munster,7ljJ4CFtDEM_Deputy Mattie McGrath - Questions on Promised Legi.wav,parliament,,0.30-1.00,DAIL,/Users/cianan/Documents/College/GitHub/FYP/Data/DailData/roi_audio_processed/7ljJ4CFtDEM_Deputy Mattie McGrath - Questions on Promised Legi.wav
/Users/cianan/Documents/College/GitHub/FYP/Data/DailData/roi_audio_processed/kP-4SLHmJ1o_Deputy Mattie McGrath - Private Members’ Business .wav,kP-4SLHmJ1o,1,30,60,mattie mcgrath,Fianna Fail,Tipperary,Newcastle,Tipperary,Munster,kP-4SLHmJ1o_Deputy Mattie McGrath - Private Members‚Äô Business .wav,parliament,,0.30-1.00,DAIL,/Users/cianan/Documents/College/GitHub/FYP/Data/DailData/roi_audio_processed/kP-4SLHmJ1o_Deputy Mattie McGrath - Private Members’ Business .wav
/Users/cianan/Documents/College/GitHub/FYP/Data/DailData/roi_audio_processed/E8xi3h_9efE_Deputy Mattie McGrath - Questions on Promised Legi.wav,E8xi3h_9efE,1,30,60,mattie mcgrath,Fianna Fail,Tipperary,Newcastle,Tipperary,Munster,E8xi3h_9efE_Deputy Mattie McGrath - Questions on Promised Legi.wav,parliament,,0.30-1.00,DAIL,/Users/cianan/Documents/College/GitHub/FYP/Data/DailData/roi_audio_processed/E8xi3h_9efE_Deputy Mattie McGrath - Questions on Promised Legi.wav
/Users/cianan/Documents/College/GitHub/FYP/Data/DailData/roi_audio_processed/68QIeVnbaCA_Deputy Mattie McGrath - Government Business - 19 J.wav,68QIeVnbaCA,1,30,60,mattie mcgrath,Fianna Fail,Tipperary,Newcastle,Tipperary,Munster,68QIeVnbaCA_Deputy Mattie McGrath - Government Business - 19 J.wav,parliament,,0.30-1.00,DAIL,/Users/cianan/Documents/College/GitHub/FYP/Data/DailData/roi_audio_processed/68QIeVnbaCA_Deputy Mattie McGrath - Government Business - 19 J.wav
/Users/cianan/Documents/College/GitHub/FYP/Data/DailData/roi_audio_processed/u3O7GF_9-Hg_Deputy Mattie McGrath - Government Business - 17 S.wav,u3O7GF_9-Hg,1,30,60,mattie mcgrath,Fianna Fail,Tipperary,Newcastle,Tipperary,Munster,u3O7GF_9-Hg_Deputy Mattie McGrath - Government Business - 17 S.wav,parliament,,0.30-1.00,DAIL,/Users/cianan/Documents/College/GitHub/FYP/Data/DailData/roi_audio_processed/u3O7GF_9-Hg_Deputy Mattie McGrath - Government Business - 17 S.wav
/Users/cianan/Documents/College/GitHub/FYP/Data/DailData/roi_audio_processed/JBzqO7dfED4_Deputy Mattie McGrath - Private Members’ Business .wav,JBzqO7dfED4,1,30,60,mattie mcgrath,Fianna Fail,Tipperary,Newcastle,Tipperary,Munster,JBzqO7dfED4_Deputy Mattie McGrath - Private Members‚Äô Business .wav,parliament,,0.30-1.00,DAIL,/Users/cianan/Documents/College/GitHub/FYP/Data/DailData/roi_audio_processed/JBzqO7dfED4_Deputy Mattie McGrath - Private Members’ Business .wav
/Users/cianan/Documents/College/GitHub/FYP/Data/DailData/roi_audio_processed/gHB2UGMbdtU_Deputy Mattie McGrath - Private Members’ Business .wav,gHB2UGMbdtU,1,30,60,mattie mcgrath,Fianna Fail,Tipperary,Newcastle,Tipperary,Munster,gHB2UGMbdtU_Deputy Mattie McGrath - Private Members‚Äô Business .wav,parliament,,0.30-1.00,DAIL,/Users/cianan/Documents/College/GitHub/FYP/Data/DailData/roi_audio_processed/gHB2UGMbdtU_Deputy Mattie McGrath - Private Members’ Business .wav
/Users/cianan/Documents/College/GitHub/FYP/Data/DailData/roi_audio_processed/VlQWsWDjrVs_Deputy Mattie McGrath - Government Business - 17.0.wav,VlQWsWDjrVs,1,30,60,mattie mcgrath,Fianna Fail,Tipperary,Newcastle,Tipperary,Munster,VlQWsWDjrVs_Deputy Mattie McGrath - Government Business - 17.0.wav,parliament,,0.30-1.00,DAIL,/Users/cianan/Documents/College/GitHub/FYP/Data/DailData/roi_audio_processed/VlQWsWDjrVs_Deputy Mattie McGrath - Government Business - 17.0.wav
/Users/cianan/Documents/College/GitHub/FYP/Data/DailData/roi_audio_processed/H_b4xWqjwU0_Deputy Mattie McGrath - Private Members’ Business .wav,H_b4xWqjwU0,1,30,60,mattie mcgrath,Fianna Fail,Tipperary,Newcastle,Tipperary,Munster,H_b4xWqjwU0_Deputy Mattie McGrath - Private Members‚Äô Business .wav,parliament,,0.30-1.00,DAIL,/Users/cianan/Documents/College/GitHub/FYP/Data/DailData/roi_audio_processed/H_b4xWqjwU0_Deputy Mattie McGrath - Private Members’ Business .wav
/Users/cianan/Documents/College/GitHub/FYP/Data/DailData/roi_audio_processed/VLWyN87mm2A_Deputy Mattie McGrath - Order of Business - 26.03..wav,VLWyN87mm2A,1,30,60,mattie mcgrath,Fianna Fail,Tipperary,Newcastle,Tipperary,Munster,VLWyN87mm2A_Deputy Mattie McGrath - Order of Business - 26.03..wav,parliament,,0.30-1.00,DAIL,/Users/cianan/Documents/College/GitHub/FYP/Data/DailData/roi_audio_processed/VLWyN87mm2A_Deputy Mattie McGrath - Order of Business - 26.03..wav
/Users/cianan/Documents/College/GitHub/FYP/Data/DailData/roi_audio_processed/2VD0wHMeUKA_Deputy Mattie McGrath - Questions on Promised Legi.wav,2VD0wHMeUKA,1,30,60,mattie mcgrath,Fianna Fail,Tipperary,Newcastle,Tipperary,Munster,2VD0wHMeUKA_Deputy Mattie McGrath - Questions on Promised Legi.wav,parliament,,0.30-1.00,DAIL,/Users/cianan/Documents/College/GitHub/FYP/Data/DailData/roi_audio_processed/2VD0wHMeUKA_Deputy Mattie McGrath - Questions on Promised Legi.wav
/Users/cianan/Documents/College/GitHub/FYP/Data/DailData/roi_audio_processed/GHXgTnKlLQU_Deputy Mattie McGrath - Private Members’ Business .wav,GHXgTnKlLQU,1,30,60,mattie mcgrath,Fianna Fail,Tipperary,Newcastle,Tipperary,Munster,GHXgTnKlLQU_Deputy Mattie McGrath - Private Members‚Äô Business .wav,parliament,,0.30-1.00,DAIL,/Users/cianan/Documents/College/GitHub/FYP/Data/DailData/roi_audio_processed/GHXgTnKlLQU_Deputy Mattie McGrath - Private Members’ Business .wav
/Users/cianan/Documents/College/GitHub/FYP/Data/DailData/roi_audio_processed/VVLqdNJu6kE_Deputy Mattie McGrath - Government Business - 10.0.wav,VVLqdNJu6kE,1,30,60,mattie mcgrath,Fianna Fail,Tipperary,Newcastle,Tipperary,Munster,VVLqdNJu6kE_Deputy Mattie McGrath - Government Business - 10.0.wav,parliament,,0.30-1.00,DAIL,/Users/cianan/Documents/College/GitHub/FYP/Data/DailData/roi_audio_processed/VVLqdNJu6kE_Deputy Mattie McGrath - Government Business - 10.0.wav
/Users/cianan/Documents/College/GitHub/FYP/Data/DailData/roi_audio_processed/QaJwDHgY0so_Deputy Mattie McGrath - Questions on Promised Legi.wav,QaJwDHgY0so,1,30,60,mattie mcgrath,Fianna Fail,Tipperary,Newcastle,Tipperary,Munster,QaJwDHgY0so_Deputy Mattie McGrath - Questions on Promised Legi.wav,parliament,,0.30-1.00,DAIL,/Users/cianan/Documents/College/GitHub/FYP/Data/DailData/roi_audio_processed/QaJwDHgY0so_Deputy Mattie McGrath - Questions on Promised Legi.wav
/Users/cianan/Documents/College/GitHub/FYP/Data/DailData/roi_audio_processed/0QhcGfNdRIs_Deputy Mattie McGrath - Order of Business - 28 May.wav,0QhcGfNdRIs,1,30,60,mattie mcgrath,Fianna Fail,Tipperary,Newcastle,Tipperary,Munster,0QhcGfNdRIs_Deputy Mattie McGrath - Order of Business - 28 May.wav,parliament,,0.30-1.00,DAIL,/Users/cianan/Documents/College/GitHub/FYP/Data/DailData/roi_audio_processed/0QhcGfNdRIs_Deputy Mattie McGrath - Order of Business - 28 May.wav
/Users/cianan/Documents/College/GitHub/FYP/Data/DailData/roi_audio_processed/VIwqIvVg54Y_Deputy Mattie McGrath - Questions on Promised Legi.wav,VIwqIvVg54Y,1,30,60,mattie mcgrath,Fianna Fail,Tipperary,Newcastle,Tipperary,Munster,VIwqIvVg54Y_Deputy Mattie McGrath - Questions on Promised Legi.wav,parliament,,0.30-1.00,DAIL,/Users/cianan/Documents/College/GitHub/FYP/Data/DailData/roi_audio_processed/VIwqIvVg54Y_Deputy Mattie McGrath - Questions on Promised Legi.wav
/Users/cianan/Documents/College/GitHub/FYP/Data/DailData/roi_audio_processed/GDp97_l_Ang_Deputy Mattie McGrath - Questions on Promised Legi.wav,GDp97_l_Ang,1,30,60,mattie mcgrath,Fianna Fail,Tipperary,Newcastle,Tipperary,Munster,GDp97_l_Ang_Deputy Mattie McGrath - Questions on Promised Legi.wav,parliament,,0.30-1.00,DAIL,/Users/cianan/Documents/College/GitHub/FYP/Data/DailData/roi_audio_processed/GDp97_l_Ang_Deputy Mattie McGrath - Questions on Promised Legi.wav
/Users/cianan/Documents/College/GitHub/FYP/Data/DailData/roi_audio_processed/ZSzuExpOoJc_Deputy Mattie McGrath - Questions on Promised Legi.wav,ZSzuExpOoJc,1,30,60,mattie mcgrath,Fianna Fail,Tipperary,Newcastle,Tipperary,Munster,ZSzuExpOoJc_Deputy Mattie McGrath - Questions on Promised Legi.wav,parliament,,0.30-1.00,DAIL,/Users/cianan/Documents/College/GitHub/FYP/Data/DailData/roi_audio_processed/ZSzuExpOoJc_Deputy Mattie McGrath - Questions on Promised Legi.wav
/Users/cianan/Documents/College/GitHub/FYP/Data/DailData/roi_audio_processed/ZcW9aoRlQaU_Deputy Mattie McGrath - Order of Business - 12.03..wav,ZcW9aoRlQaU,1,30,60,mattie mcgrath,Fianna Fail,Tipperary,Newcastle,Tipperary,Munster,ZcW9aoRlQaU_Deputy Mattie McGrath - Order of Business - 12.03..wav,parliament,,0.30-1.00,DAIL,/Users/cianan/Documents/College/GitHub/FYP/Data/DailData/roi_audio_processed/ZcW9aoRlQaU_Deputy Mattie McGrath - Order of Business - 12.03..wav
/Users/cianan/Documents/College/GitHub/FYP/Data/DailData/roi_audio_processed/faluTS8qX2c_Deputy Mattie McGrath - Private Members’ Business .wav,faluTS8qX2c,1,30,60,mattie mcgrath,Fianna Fail,Tipperary,Newcastle,Tipperary,Munster,faluTS8qX2c_Deputy Mattie McGrath - Private Members‚Äô Business .wav,parliament,,0.30-1.00,DAIL,/Users/cianan/Documents/College/GitHub/FYP/Data/DailData/roi_audio_processed/faluTS8qX2c_Deputy Mattie McGrath - Private Members’ Business .wav
/Users/cianan/Documents/College/GitHub/FYP/Data/DailData/roi_audio_processed/bonj_lOfSOw_Deputy Mattie McGrath - Government Business - 2 Oc.wav,bonj_lOfSOw,1,30,60,mattie mcgrath,Fianna Fail,Tipperary,Newcastle,Tipperary,Munster,bonj_lOfSOw_Deputy Mattie McGrath - Government Business - 2 Oc.wav,parliament,,0.30-1.00,DAIL,/Users/cianan/Documents/College/GitHub/FYP/Data/DailData/roi_audio_processed/bonj_lOfSOw_Deputy Mattie McGrath - Government Business - 2 Oc.wav
/Users/cianan/Documents/College/GitHub/FYP/Data/DailData/roi_audio_processed/_9lIRQmnDKs_Deputy Mattie McGrath - Order of Business - 17 Sep.wav,_9lIRQmnDKs,1,30,60,mattie mcgrath,Fianna Fail,Tipperary,Newcastle,Tipperary,Munster,_9lIRQmnDKs_Deputy Mattie McGrath - Order of Business - 17 Sep.wav,parliament,,0.30-1.00,DAIL,/Users/cianan/Documents/College/GitHub/FYP/Data/DailData/roi_audio_processed/_9lIRQmnDKs_Deputy Mattie McGrath - Order of Business - 17 Sep.wav
/Users/cianan/Documents/College/GitHub/FYP/Data/DailData/roi_audio_processed/vzQCkrLQ2lc_Deputy Mattie McGrath - Order of Business - 25 Jun.wav,vzQCkrLQ2lc,1,30,60,mattie mcgrath,Fianna Fail,Tipperary,Newcastle,Tipperary,Munster,vzQCkrLQ2lc_Deputy Mattie McGrath - Order of Business - 25 Jun.wav,parliament,,0.30-1.00,DAIL,/Users/cianan/Documents/College/GitHub/FYP/Data/DailData/roi_audio_processed/vzQCkrLQ2lc_Deputy Mattie McGrath - Order of Business - 25 Jun.wav
/Users/cianan/Documents/College/GitHub/FYP/Data/DailData/roi_audio_processed/wyrRdwpFnPI_Deputy Mattie McGrath - Government Business - 12 J.wav,wyrRdwpFnPI,1,30,60,mattie mcgrath,Fianna Fail,Tipperary,Newcastle,Tipperary,Munster,wyrRdwpFnPI_Deputy Mattie McGrath - Government Business - 12 J.wav,parliament,,0.30-1.00,DAIL,/Users/cianan/Documents/College/GitHub/FYP/Data/DailData/roi_audio_processed/wyrRdwpFnPI_Deputy Mattie McGrath - Government Business - 12 J.wav
/Users/cianan/Documents/College/GitHub/FYP/Data/DailData/roi_audio_processed/RE_JHZElUYw_Deputy Mattie McGrath - Priority Questions - 19 Se.wav,RE_JHZElUYw,1,30,60,mattie mcgrath,Fianna Fail,Tipperary,Newcastle,Tipperary,Munster,RE_JHZElUYw_Deputy Mattie McGrath - Priority Questions - 19 Se.wav,parliament,,0.30-1.00,DAIL,/Users/cianan/Documents/College/GitHub/FYP/Data/DailData/roi_audio_processed/RE_JHZElUYw_Deputy Mattie McGrath - Priority Questions - 19 Se.wav
/Users/cianan/Documents/College/GitHub/FYP/Data/DailData/roi_audio_processed/khADIP95h9M_Deputy Mattie McGrath - Government Business - 16.0.wav,khADIP95h9M,1,30,60,mattie mcgrath,Fianna Fail,Tipperary,Newcastle,Tipperary,Munster,khADIP95h9M_Deputy Mattie McGrath - Government Business - 16.0.wav,parliament,,0.30-1.00,DAIL,/Users/cianan/Documents/College/GitHub/FYP/Data/DailData/roi_audio_processed/khADIP95h9M_Deputy Mattie McGrath - Government Business - 16.0.wav
/Users/cianan/Documents/College/GitHub/FYP/Data/DailData/roi_audio_processed/Qkh0qT7BtX8_Deputy Mattie McGrath - Order of Business - 18 Jun.wav,Qkh0qT7BtX8,1,30,60,mattie mcgrath,Fianna Fail,Tipperary,Newcastle,Tipperary,Munster,Qkh0qT7BtX8_Deputy Mattie McGrath - Order of Business - 18 Jun.wav,parliament,,0.30-1.00,DAIL,/Users/cianan/Documents/College/GitHub/FYP/Data/DailData/roi_audio_processed/Qkh0qT7BtX8_Deputy Mattie McGrath - Order of Business - 18 Jun.wav
/Users/cianan/Documents/College/GitHub/FYP/Data/DailData/roi_audio_processed/nQxFdRzNTSY_Deputy Mattie McGrath - Government Business - 29 M.wav,nQxFdRzNTSY,1,30,60,mattie mcgrath,Fianna Fail,Tipperary,Newcastle,Tipperary,Munster,nQxFdRzNTSY_Deputy Mattie McGrath - Government Business - 29 M.wav,parliament,,0.30-1.00,DAIL,/Users/cianan/Documents/College/GitHub/FYP/Data/DailData/roi_audio_processed/nQxFdRzNTSY_Deputy Mattie McGrath - Government Business - 29 M.wav
/Users/cianan/Documents/College/GitHub/FYP/Data/DailData/roi_audio_processed/zQoTv5HaFqQ_Deputy Mattie McGrath - Private Members’ Business .wav,zQoTv5HaFqQ,1,30,60,mattie mcgrath,Fianna Fail,Tipperary,Newcastle,Tipperary,Munster,zQoTv5HaFqQ_Deputy Mattie McGrath - Private Members‚Äô Business .wav,parliament,,0.30-1.00,DAIL,/Users/cianan/Documents/College/GitHub/FYP/Data/DailData/roi_audio_processed/zQoTv5HaFqQ_Deputy Mattie McGrath - Private Members’ Business .wav
/Users/cianan/Documents/College/GitHub/FYP/Data/DailData/roi_audio_processed/QKtKXbt02-c_Deputy Mattie McGrath - Private Members’ Business .wav,QKtKXbt02-c,1,30,60,mattie mcgrath,Fianna Fail,Tipperary,Newcastle,Tipperary,Munster,QKtKXbt02-c_Deputy Mattie McGrath - Private Members‚Äô Business .wav,parliament,,0.30-1.00,DAIL,/Users/cianan/Documents/College/GitHub/FYP/Data/DailData/roi_audio_processed/QKtKXbt02-c_Deputy Mattie McGrath - Private Members’ Business .wav
/Users/cianan/Documents/College/GitHub/FYP/Data/DailData/roi_audio_processed/Y2syJXwgYEE_Deputy Mattie McGrath - Government Business - 17.0.wav,Y2syJXwgYEE,1,30,60,mattie mcgrath,Fianna Fail,Tipperary,Newcastle,Tipperary,Munster,Y2syJXwgYEE_Deputy Mattie McGrath - Government Business - 17.0.wav,parliament,,0.30-1.00,DAIL,/Users/cianan/Documents/College/GitHub/FYP/Data/DailData/roi_audio_processed/Y2syJXwgYEE_Deputy Mattie McGrath - Government Business - 17.0.wav
/Users/cianan/Documents/College/GitHub/FYP/Data/DailData/roi_audio_processed/0ZcjEGexyaw_Deputy Mattie McGrath - Questions on Promised Legi.wav,0ZcjEGexyaw,1,30,60,mattie mcgrath,Fianna Fail,Tipperary,Newcastle,Tipperary,Munster,0ZcjEGexyaw_Deputy Mattie McGrath - Questions on Promised Legi.wav,parliament,,0.30-1.00,DAIL,/Users/cianan/Documents/College/GitHub/FYP/Data/DailData/roi_audio_processed/0ZcjEGexyaw_Deputy Mattie McGrath - Questions on Promised Legi.wav
/Users/cianan/Documents/College/GitHub/FYP/Data/DailData/roi_audio_processed/FEoGNa6N4QE_Deputy Mattie McGrath - Government Business - 19 J.wav,FEoGNa6N4QE,1,30,60,mattie mcgrath,Fianna Fail,Tipperary,Newcastle,Tipperary,Munster,FEoGNa6N4QE_Deputy Mattie McGrath - Government Business - 19 J.wav,parliament,,0.30-1.00,DAIL,/Users/cianan/Documents/College/GitHub/FYP/Data/DailData/roi_audio_processed/FEoGNa6N4QE_Deputy Mattie McGrath - Government Business - 19 J.wav
/Users/cianan/Documents/College/GitHub/FYP/Data/DailData/roi_audio_processed/zDmvtUvYq6Q_Deputy Mattie McGrath - Questions on Promised Legi.wav,zDmvtUvYq6Q,1,30,60,mattie mcgrath,Fianna Fail,Tipperary,Newcastle,Tipperary,Munster,zDmvtUvYq6Q_Deputy Mattie McGrath - Questions on Promised Legi.wav,parliament,,0.30-1.00,DAIL,/Users/cianan/Documents/College/GitHub/FYP/Data/DailData/roi_audio_processed/zDmvtUvYq6Q_Deputy Mattie McGrath - Questions on Promised Legi.wav
/Users/cianan/Documents/College/GitHub/FYP/Data/DailData/roi_audio_processed/UBBZ4dtQUb8_Deputy Mattie McGrath - Order of Business - 12.03..wav,UBBZ4dtQUb8,1,30,60,mattie mcgrath,Fianna Fail,Tipperary,Newcastle,Tipperary,Munster,UBBZ4dtQUb8_Deputy Mattie McGrath - Order of Business - 12.03..wav,parliament,,0.30-1.00,DAIL,/Users/cianan/Documents/College/GitHub/FYP/Data/DailData/roi_audio_processed/UBBZ4dtQUb8_Deputy Mattie McGrath - Order of Business - 12.03..wav
/Users/cianan/Documents/College/GitHub/FYP/Data/DailData/roi_audio_processed/HQCdIphLTho_Deputy Mattie McGrath - Questions on Promised Legi.wav,HQCdIphLTho,1,30,60,mattie mcgrath,Fianna Fail,Tipperary,Newcastle,Tipperary,Munster,HQCdIphLTho_Deputy Mattie McGrath - Questions on Promised Legi.wav,parliament,,0.30-1.00,DAIL,/Users/cianan/Documents/College/GitHub/FYP/Data/DailData/roi_audio_processed/HQCdIphLTho_Deputy Mattie McGrath - Questions on Promised Legi.wav
/Users/cianan/Documents/College/GitHub/FYP/Data/DailData/roi_audio_processed/c8G_9049HNw_Deputy Mattie McGrath - Topical Issues - 26.03.201.wav,c8G_9049HNw,1,30,60,mattie mcgrath,Fianna Fail,Tipperary,Newcastle,Tipperary,Munster,c8G_9049HNw_Deputy Mattie McGrath - Topical Issues - 26.03.201.wav,parliament,,0.30-1.00,DAIL,/Users/cianan/Documents/College/GitHub/FYP/Data/DailData/roi_audio_processed/c8G_9049HNw_Deputy Mattie McGrath - Topical Issues - 26.03.201.wav
/Users/cianan/Documents/College/GitHub/FYP/Data/DailData/roi_audio_processed/Zx0CJI9pOUM_Deputy Mattie McGrath - Priority Questions - 12 Ju.wav,Zx0CJI9pOUM,1,30,60,mattie mcgrath,Fianna Fail,Tipperary,Newcastle,Tipperary,Munster,Zx0CJI9pOUM_Deputy Mattie McGrath - Priority Questions - 12 Ju.wav,parliament,,0.30-1.00,DAIL,/Users/cianan/Documents/College/GitHub/FYP/Data/DailData/roi_audio_processed/Zx0CJI9pOUM_Deputy Mattie McGrath - Priority Questions - 12 Ju.wav
/Users/cianan/Documents/College/GitHub/FYP/Data/DailData/roi_audio_processed/8m3Io8racTc_Deputy Mattie McGrath - Topical Issues - 10 Jul 20.wav,8m3Io8racTc,1,30,60,mattie mcgrath,Fianna Fail,Tipperary,Newcastle,Tipperary,Munster,8m3Io8racTc_Deputy Mattie McGrath - Topical Issues - 10 Jul 20.wav,parliament,,0.30-1.00,DAIL,/Users/cianan/Documents/College/GitHub/FYP/Data/DailData/roi_audio_processed/8m3Io8racTc_Deputy Mattie McGrath - Topical Issues - 10 Jul 20.wav
/Users/cianan/Documents/College/GitHub/FYP/Data/DailData/roi_audio_processed/7096v_xg3S0_Deputy Mattie McGrath - Leaders’ Questions - 29 Ma.wav,7096v_xg3S0,1,30,60,mattie mcgrath,Fianna Fail,Tipperary,Newcastle,Tipperary,Munster,7096v_xg3S0_Deputy Mattie McGrath - Leaders‚Äô Questions - 29 Ma.wav,parliament,,0.30-1.00,DAIL,/Users/cianan/Documents/College/GitHub/FYP/Data/DailData/roi_audio_processed/7096v_xg3S0_Deputy Mattie McGrath - Leaders’ Questions - 29 Ma.wav
/Users/cianan/Documents/College/GitHub/FYP/Data/DailData/roi_audio_processed/2L8cuMgIiZU_Deputy Mattie McGrath - Order of Business - 16.04..wav,2L8cuMgIiZU,1,30,60,mattie mcgrath,Fianna Fail,Tipperary,Newcastle,Tipperary,Munster,2L8cuMgIiZU_Deputy Mattie McGrath - Order of Business - 16.04..wav,parliament,,0.30-1.00,DAIL,/Users/cianan/Documents/College/GitHub/FYP/Data/DailData/roi_audio_processed/2L8cuMgIiZU_Deputy Mattie McGrath - Order of Business - 16.04..wav
/Users/cianan/Documents/College/GitHub/FYP/Data/DailData/roi_audio_processed/y8Xovx241qg_Deputy Mattie McGrath - Topical Issues - 16.04.201.wav,y8Xovx241qg,1,30,60,mattie mcgrath,Fianna Fail,Tipperary,Newcastle,Tipperary,Munster,y8Xovx241qg_Deputy Mattie McGrath - Topical Issues - 16.04.201.wav,parliament,,0.30-1.00,DAIL,/Users/cianan/Documents/College/GitHub/FYP/Data/DailData/roi_audio_processed/y8Xovx241qg_Deputy Mattie McGrath - Topical Issues - 16.04.201.wav
/Users/cianan/Documents/College/GitHub/FYP/Data/DailData/roi_audio_processed/wteuufdMmII_Deputy Mattie McGrath - Questions on Promised Legi.wav,wteuufdMmII,1,30,60,mattie mcgrath,Fianna Fail,Tipperary,Newcastle,Tipperary,Munster,wteuufdMmII_Deputy Mattie McGrath - Questions on Promised Legi.wav,parliament,,0.30-1.00,DAIL,/Users/cianan/Documents/College/GitHub/FYP/Data/DailData/roi_audio_processed/wteuufdMmII_Deputy Mattie McGrath - Questions on Promised Legi.wav
/Users/cianan/Documents/College/GitHub/FYP/Data/DailData/roi_audio_processed/iMTguGN7sXo_Deputy Mattie McGrath - Private Members’ Business .wav,iMTguGN7sXo,1,30,60,mattie mcgrath,Fianna Fail,Tipperary,Newcastle,Tipperary,Munster,iMTguGN7sXo_Deputy Mattie McGrath - Private Members‚Äô Business .wav,parliament,,0.30-1.00,DAIL,/Users/cianan/Documents/College/GitHub/FYP/Data/DailData/roi_audio_processed/iMTguGN7sXo_Deputy Mattie McGrath - Private Members’ Business .wav
/Users/cianan/Documents/College/GitHub/FYP/Data/DailData/roi_audio_processed/zV0Q1j4PSl4_Deputy Mattie McGrath - Government Business - 27.0.wav,zV0Q1j4PSl4,1,30,60,mattie mcgrath,Fianna Fail,Tipperary,Newcastle,Tipperary,Munster,zV0Q1j4PSl4_Deputy Mattie McGrath - Government Business - 27.0.wav,parliament,,0.30-1.00,DAIL,/Users/cianan/Documents/College/GitHub/FYP/Data/DailData/roi_audio_processed/zV0Q1j4PSl4_Deputy Mattie McGrath - Government Business - 27.0.wav
/Users/cianan/Documents/College/GitHub/FYP/Data/DailData/roi_audio_processed/VRsNjtUHEgc_Deputy Mattie McGrath - Order of Business - 8 May .wav,VRsNjtUHEgc,1,30,60,mattie mcgrath,Fianna Fail,Tipperary,Newcastle,Tipperary,Munster,VRsNjtUHEgc_Deputy Mattie McGrath - Order of Business - 8 May .wav,parliament,,0.30-1.00,DAIL,/Users/cianan/Documents/College/GitHub/FYP/Data/DailData/roi_audio_processed/VRsNjtUHEgc_Deputy Mattie McGrath - Order of Business - 8 May .wav
/Users/cianan/Documents/College/GitHub/FYP/Data/DailData/roi_audio_processed/2JwdaTEF_0o_Deputy Mattie McGrath - Order of Business - 25 Jun.wav,2JwdaTEF_0o,1,30,60,mattie mcgrath,Fianna Fail,Tipperary,Newcastle,Tipperary,Munster,2JwdaTEF_0o_Deputy Mattie McGrath - Order of Business - 25 Jun.wav,parliament,,0.30-1.00,DAIL,/Users/cianan/Documents/College/GitHub/FYP/Data/DailData/roi_audio_processed/2JwdaTEF_0o_Deputy Mattie McGrath - Order of Business - 25 Jun.wav
/Users/cianan/Documents/College/GitHub/FYP/Data/DailData/roi_audio_processed/rOU2OhSI030_Deputy Mattie McGrath - Private Members’ Business .wav,rOU2OhSI030,1,30,60,mattie mcgrath,Fianna Fail,Tipperary,Newcastle,Tipperary,Munster,rOU2OhSI030_Deputy Mattie McGrath - Private Members‚Äô Business .wav,parliament,,0.30-1.00,DAIL,/Users/cianan/Documents/College/GitHub/FYP/Data/DailData/roi_audio_processed/rOU2OhSI030_Deputy Mattie McGrath - Private Members’ Business .wav
/Users/cianan/Documents/College/GitHub/FYP/Data/DailData/roi_audio_processed/Qq5SLofMMB4_Deputy Mattie McGrath - Topical Issues - 29 May 20.wav,Qq5SLofMMB4,1,30,60,mattie mcgrath,Fianna Fail,Tipperary,Newcastle,Tipperary,Munster,Qq5SLofMMB4_Deputy Mattie McGrath - Topical Issues - 29 May 20.wav,parliament,,0.30-1.00,DAIL,/Users/cianan/Documents/College/GitHub/FYP/Data/DailData/roi_audio_processed/Qq5SLofMMB4_Deputy Mattie McGrath - Topical Issues - 29 May 20.wav
/Users/cianan/Documents/College/GitHub/FYP/Data/DailData/roi_audio_processed/YE1NUsREyR4_Deputy Mattie McGrath - Private Members’ Business .wav,YE1NUsREyR4,1,30,60,mattie mcgrath,Fianna Fail,Tipperary,Newcastle,Tipperary,Munster,YE1NUsREyR4_Deputy Mattie McGrath - Private Members‚Äô Business .wav,parliament,,0.30-1.00,DAIL,/Users/cianan/Documents/College/GitHub/FYP/Data/DailData/roi_audio_processed/YE1NUsREyR4_Deputy Mattie McGrath - Private Members’ Business .wav
/Users/cianan/Documents/College/GitHub/FYP/Data/DailData/roi_audio_processed/cNVJEBeYOnY_Deputy Mattie McGrath - Government Business - 11 J.wav,cNVJEBeYOnY,1,30,60,mattie mcgrath,Fianna Fail,Tipperary,Newcastle,Tipperary,Munster,cNVJEBeYOnY_Deputy Mattie McGrath - Government Business - 11 J.wav,parliament,,0.30-1.00,DAIL,/Users/cianan/Documents/College/GitHub/FYP/Data/DailData/roi_audio_processed/cNVJEBeYOnY_Deputy Mattie McGrath - Government Business - 11 J.wav
/Users/cianan/Documents/College/GitHub/FYP/Data/DailData/roi_audio_processed/78H4aWABTtA_Deputy Mattie McGrath - Government Business - 2 Oc.wav,78H4aWABTtA,1,30,60,mattie mcgrath,Fianna Fail,Tipperary,Newcastle,Tipperary,Munster,78H4aWABTtA_Deputy Mattie McGrath - Government Business - 2 Oc.wav,parliament,,0.30-1.00,DAIL,/Users/cianan/Documents/College/GitHub/FYP/Data/DailData/roi_audio_processed/78H4aWABTtA_Deputy Mattie McGrath - Government Business - 2 Oc.wav
/Users/cianan/Documents/College/GitHub/FYP/Data/DailData/roi_audio_processed/7fDhg6aSgRY_Deputy Mattie McGrath - Government Business - 10 J.wav,7fDhg6aSgRY,1,30,60,mattie mcgrath,Fianna Fail,Tipperary,Newcastle,Tipperary,Munster,7fDhg6aSgRY_Deputy Mattie McGrath - Government Business - 10 J.wav,parliament,,0.30-1.00,DAIL,/Users/cianan/Documents/College/GitHub/FYP/Data/DailData/roi_audio_processed/7fDhg6aSgRY_Deputy Mattie McGrath - Government Business - 10 J.wav
/Users/cianan/Documents/College/GitHub/FYP/Data/DailData/roi_audio_processed/AbJHeFbRM0s_Deputy Mattie McGrath - Government Business - 4 Ju.wav,AbJHeFbRM0s,1,30,60,mattie mcgrath,Fianna Fail,Tipperary,Newcastle,Tipperary,Munster,AbJHeFbRM0s_Deputy Mattie McGrath - Government Business - 4 Ju.wav,parliament,,0.30-1.00,DAIL,/Users/cianan/Documents/College/GitHub/FYP/Data/DailData/roi_audio_processed/AbJHeFbRM0s_Deputy Mattie McGrath - Government Business - 4 Ju.wav
/Users/cianan/Documents/College/GitHub/FYP/Data/DailData/roi_audio_processed/ct8sVobG13I_Deputy Mattie McGrath - Questions on Promised Legi.wav,ct8sVobG13I,1,30,60,mattie mcgrath,Fianna Fail,Tipperary,Newcastle,Tipperary,Munster,ct8sVobG13I_Deputy Mattie McGrath - Questions on Promised Legi.wav,parliament,,0.30-1.00,DAIL,/Users/cianan/Documents/College/GitHub/FYP/Data/DailData/roi_audio_processed/ct8sVobG13I_Deputy Mattie McGrath - Questions on Promised Legi.wav
/Users/cianan/Documents/College/GitHub/FYP/Data/DailData/roi_audio_processed/KpXDUES3EBw_Deputy Mattie McGrath - speech from 9 May 2019.wav,KpXDUES3EBw,1,30,60,mattie mcgrath,Fianna Fail,Tipperary,Newcastle,Tipperary,Munster,KpXDUES3EBw_Deputy Mattie McGrath - speech from 9 May 2019.wav,parliament,,0.30-1.00,DAIL,/Users/cianan/Documents/College/GitHub/FYP/Data/DailData/roi_audio_processed/KpXDUES3EBw_Deputy Mattie McGrath - speech from 9 May 2019.wav
/Users/cianan/Documents/College/GitHub/FYP/Data/DailData/roi_audio_processed/3y_DGt2_2FQ_Deputy Mattie McGrath - Priority Questions - 07.03.wav,3y_DGt2_2FQ,1,30,60,mattie mcgrath,Fianna Fail,Tipperary,Newcastle,Tipperary,Munster,3y_DGt2_2FQ_Deputy Mattie McGrath - Priority Questions - 07.03.wav,parliament,,0.30-1.00,DAIL,/Users/cianan/Documents/College/GitHub/FYP/Data/DailData/roi_audio_processed/3y_DGt2_2FQ_Deputy Mattie McGrath - Priority Questions - 07.03.wav
/Users/cianan/Documents/College/GitHub/FYP/Data/DailData/roi_audio_processed/TW1f_jt5nw0_Deputy Mattie McGrath - Order of Business - 9 Jul .wav,TW1f_jt5nw0,1,30,60,mattie mcgrath,Fianna Fail,Tipperary,Newcastle,Tipperary,Munster,TW1f_jt5nw0_Deputy Mattie McGrath - Order of Business - 9 Jul .wav,parliament,,0.30-1.00,DAIL,/Users/cianan/Documents/College/GitHub/FYP/Data/DailData/roi_audio_processed/TW1f_jt5nw0_Deputy Mattie McGrath - Order of Business - 9 Jul .wav
/Users/cianan/Documents/College/GitHub/FYP/Data/DailData/roi_audio_processed/hHm4JLB8RkM_Deputy Mattie McGrath - Private Members’ Business .wav,hHm4JLB8RkM,1,30,60,mattie mcgrath,Fianna Fail,Tipperary,Newcastle,Tipperary,Munster,hHm4JLB8RkM_Deputy Mattie McGrath - Private Members‚Äô Business .wav,parliament,,0.30-1.00,DAIL,/Users/cianan/Documents/College/GitHub/FYP/Data/DailData/roi_audio_processed/hHm4JLB8RkM_Deputy Mattie McGrath - Private Members’ Business .wav
/Users/cianan/Documents/College/GitHub/FYP/Data/DailData/roi_audio_processed/ukcRZtn0osc_Deputy Mattie McGrath - Questions on Promised Legi.wav,ukcRZtn0osc,1,30,60,mattie mcgrath,Fianna Fail,Tipperary,Newcastle,Tipperary,Munster,ukcRZtn0osc_Deputy Mattie McGrath - Questions on Promised Legi.wav,parliament,,0.30-1.00,DAIL,/Users/cianan/Documents/College/GitHub/FYP/Data/DailData/roi_audio_processed/ukcRZtn0osc_Deputy Mattie McGrath - Questions on Promised Legi.wav
/Users/cianan/Documents/College/GitHub/FYP/Data/DailData/roi_audio_processed/UmJsPSF7lYE_Deputy Mattie McGrath - Government Business - 9 Ju.wav,UmJsPSF7lYE,1,30,60,mattie mcgrath,Fianna Fail,Tipperary,Newcastle,Tipperary,Munster,UmJsPSF7lYE_Deputy Mattie McGrath - Government Business - 9 Ju.wav,parliament,,0.30-1.00,DAIL,/Users/cianan/Documents/College/GitHub/FYP/Data/DailData/roi_audio_processed/UmJsPSF7lYE_Deputy Mattie McGrath - Government Business - 9 Ju.wav
/Users/cianan/Documents/College/GitHub/FYP/Data/DailData/roi_audio_processed/uldWXxxfWvA_Deputy Mattie McGrath - Government Business - 3 Oc.wav,uldWXxxfWvA,1,30,60,mattie mcgrath,Fianna Fail,Tipperary,Newcastle,Tipperary,Munster,uldWXxxfWvA_Deputy Mattie McGrath - Government Business - 3 Oc.wav,parliament,,0.30-1.00,DAIL,/Users/cianan/Documents/College/GitHub/FYP/Data/DailData/roi_audio_processed/uldWXxxfWvA_Deputy Mattie McGrath - Government Business - 3 Oc.wav
/Users/cianan/Documents/College/GitHub/FYP/Data/DailData/roi_audio_processed/3G4ag79-haY_Deputy Mattie McGrath - Private Members’ Business .wav,3G4ag79-haY,1,30,60,mattie mcgrath,Fianna Fail,Tipperary,Newcastle,Tipperary,Munster,3G4ag79-haY_Deputy Mattie McGrath - Private Members‚Äô Business .wav,parliament,,0.30-1.00,DAIL,/Users/cianan/Documents/College/GitHub/FYP/Data/DailData/roi_audio_processed/3G4ag79-haY_Deputy Mattie McGrath - Private Members’ Business .wav
/Users/cianan/Documents/College/GitHub/FYP/Data/DailData/roi_audio_processed/PTRXoGf-wn8_Deputy Mattie McGrath - Government Business - 9 Ju.wav,PTRXoGf-wn8,1,30,60,mattie mcgrath,Fianna Fail,Tipperary,Newcastle,Tipperary,Munster,PTRXoGf-wn8_Deputy Mattie McGrath - Government Business - 9 Ju.wav,parliament,,0.30-1.00,DAIL,/Users/cianan/Documents/College/GitHub/FYP/Data/DailData/roi_audio_processed/PTRXoGf-wn8_Deputy Mattie McGrath - Government Business - 9 Ju.wav
/Users/cianan/Documents/College/GitHub/FYP/Data/DailData/roi_audio_processed/J_S5quP8gLw_Deputy Mattie McGrath - Questions on Promised Legi.wav,J_S5quP8gLw,1,30,60,mattie mcgrath,Fianna Fail,Tipperary,Newcastle,Tipperary,Munster,J_S5quP8gLw_Deputy Mattie McGrath - Questions on Promised Legi.wav,parliament,,0.30-1.00,DAIL,/Users/cianan/Documents/College/GitHub/FYP/Data/DailData/roi_audio_processed/J_S5quP8gLw_Deputy Mattie McGrath - Questions on Promised Legi.wav
/Users/cianan/Documents/College/GitHub/FYP/Data/DailData/roi_audio_processed/WuQ1a_Idb8g_Deputy Mattie McGrath - Government Business - 24 S.wav,WuQ1a_Idb8g,1,30,60,mattie mcgrath,Fianna Fail,Tipperary,Newcastle,Tipperary,Munster,WuQ1a_Idb8g_Deputy Mattie McGrath - Government Business - 24 S.wav,parliament,,0.30-1.00,DAIL,/Users/cianan/Documents/College/GitHub/FYP/Data/DailData/roi_audio_processed/WuQ1a_Idb8g_Deputy Mattie McGrath - Government Business - 24 S.wav
/Users/cianan/Documents/College/GitHub/FYP/Data/DailData/roi_audio_processed/_P6VzA5bs10_Deputy Mattie McGrath - Order of Business - 16.04..wav,_P6VzA5bs10,1,30,60,mattie mcgrath,Fianna Fail,Tipperary,Newcastle,Tipperary,Munster,_P6VzA5bs10_Deputy Mattie McGrath - Order of Business - 16.04..wav,parliament,,0.30-1.00,DAIL,/Users/cianan/Documents/College/GitHub/FYP/Data/DailData/roi_audio_processed/_P6VzA5bs10_Deputy Mattie McGrath - Order of Business - 16.04..wav
/Users/cianan/Documents/College/GitHub/FYP/Data/DailData/roi_audio_processed/TQvdOV7HJdQ_Deputy Mattie McGrath - Government Business - 2 Oc.wav,TQvdOV7HJdQ,1,30,60,mattie mcgrath,Fianna Fail,Tipperary,Newcastle,Tipperary,Munster,TQvdOV7HJdQ_Deputy Mattie McGrath - Government Business - 2 Oc.wav,parliament,,0.30-1.00,DAIL,/Users/cianan/Documents/College/GitHub/FYP/Data/DailData/roi_audio_processed/TQvdOV7HJdQ_Deputy Mattie McGrath - Government Business - 2 Oc.wav
/Users/cianan/Documents/College/GitHub/FYP/Data/DailData/roi_audio_processed/PIB6kGLQC-4_Deputy Mattie McGrath - Government Business - 10 J.wav,PIB6kGLQC-4,1,30,60,mattie mcgrath,Fianna Fail,Tipperary,Newcastle,Tipperary,Munster,PIB6kGLQC-4_Deputy Mattie McGrath - Government Business - 10 J.wav,parliament,,0.30-1.00,DAIL,/Users/cianan/Documents/College/GitHub/FYP/Data/DailData/roi_audio_processed/PIB6kGLQC-4_Deputy Mattie McGrath - Government Business - 10 J.wav
/Users/cianan/Documents/College/GitHub/FYP/Data/DailData/roi_audio_processed/e6KzABen2lk_Deputy Mattie McGrath - Government Business - 10.0.wav,e6KzABen2lk,1,30,60,mattie mcgrath,Fianna Fail,Tipperary,Newcastle,Tipperary,Munster,e6KzABen2lk_Deputy Mattie McGrath - Government Business - 10.0.wav,parliament,,0.30-1.00,DAIL,/Users/cianan/Documents/College/GitHub/FYP/Data/DailData/roi_audio_processed/e6KzABen2lk_Deputy Mattie McGrath - Government Business - 10.0.wav
/Users/cianan/Documents/College/GitHub/FYP/Data/DailData/roi_audio_processed/lnWnabSXj8k_Deputy Mattie McGrath - Questions on Promised Legi.wav,lnWnabSXj8k,1,30,60,mattie mcgrath,Fianna Fail,Tipperary,Newcastle,Tipperary,Munster,lnWnabSXj8k_Deputy Mattie McGrath - Questions on Promised Legi.wav,parliament,,0.30-1.00,DAIL,/Users/cianan/Documents/College/GitHub/FYP/Data/DailData/roi_audio_processed/lnWnabSXj8k_Deputy Mattie McGrath - Questions on Promised Legi.wav
/Users/cianan/Documents/College/GitHub/FYP/Data/DailData/roi_audio_processed/hrHpZyhfSSI_Deputy Mattie McGrath - Private Members’ Business .wav,hrHpZyhfSSI,1,30,60,mattie mcgrath,Fianna Fail,Tipperary,Newcastle,Tipperary,Munster,hrHpZyhfSSI_Deputy Mattie McGrath - Private Members‚Äô Business .wav,parliament,,0.30-1.00,DAIL,/Users/cianan/Documents/College/GitHub/FYP/Data/DailData/roi_audio_processed/hrHpZyhfSSI_Deputy Mattie McGrath - Private Members’ Business .wav
/Users/cianan/Documents/College/GitHub/FYP/Data/DailData/roi_audio_processed/pmdzHLDNgtE_Deputy Mattie McGrath - Questions on Promised Legi.wav,pmdzHLDNgtE,1,30,60,mattie mcgrath,Fianna Fail,Tipperary,Newcastle,Tipperary,Munster,pmdzHLDNgtE_Deputy Mattie McGrath - Questions on Promised Legi.wav,parliament,,0.30-1.00,DAIL,/Users/cianan/Documents/College/GitHub/FYP/Data/DailData/roi_audio_processed/pmdzHLDNgtE_Deputy Mattie McGrath - Questions on Promised Legi.wav
/Users/cianan/Documents/College/GitHub/FYP/Data/DailData/roi_audio_processed/cAyzoqptT9U_Deputy Mattie McGrath - Priority Questions - 3 Oct.wav,cAyzoqptT9U,1,30,60,mattie mcgrath,Fianna Fail,Tipperary,Newcastle,Tipperary,Munster,cAyzoqptT9U_Deputy Mattie McGrath - Priority Questions - 3 Oct.wav,parliament,,0.30-1.00,DAIL,/Users/cianan/Documents/College/GitHub/FYP/Data/DailData/roi_audio_processed/cAyzoqptT9U_Deputy Mattie McGrath - Priority Questions - 3 Oct.wav
/Users/cianan/Documents/College/GitHub/FYP/Data/DailData/roi_audio_processed/OI87VRsGry8_Deputy Mattie McGrath - Private Members’ Business .wav,OI87VRsGry8,1,30,60,mattie mcgrath,Fianna Fail,Tipperary,Newcastle,Tipperary,Munster,OI87VRsGry8_Deputy Mattie McGrath - Private Members‚Äô Business .wav,parliament,,0.30-1.00,DAIL,/Users/cianan/Documents/College/GitHub/FYP/Data/DailData/roi_audio_processed/OI87VRsGry8_Deputy Mattie McGrath - Private Members’ Business .wav
/Users/cianan/Documents/College/GitHub/FYP/Data/DailData/roi_audio_processed/oQSU2CAc_UE_Deputy Mattie McGrath - Questions on Promised Legi.wav,oQSU2CAc_UE,1,30,60,mattie mcgrath,Fianna Fail,Tipperary,Newcastle,Tipperary,Munster,oQSU2CAc_UE_Deputy Mattie McGrath - Questions on Promised Legi.wav,parliament,,0.30-1.00,DAIL,/Users/cianan/Documents/College/GitHub/FYP/Data/DailData/roi_audio_processed/oQSU2CAc_UE_Deputy Mattie McGrath - Questions on Promised Legi.wav
/Users/cianan/Documents/College/GitHub/FYP/Data/DailData/roi_audio_processed/ydn2uzrNHh4_Deputy Mattie McGrath - Questions on Promised Legi.wav,ydn2uzrNHh4,1,30,60,mattie mcgrath,Fianna Fail,Tipperary,Newcastle,Tipperary,Munster,ydn2uzrNHh4_Deputy Mattie McGrath - Questions on Promised Legi.wav,parliament,,0.30-1.00,DAIL,/Users/cianan/Documents/College/GitHub/FYP/Data/DailData/roi_audio_processed/ydn2uzrNHh4_Deputy Mattie McGrath - Questions on Promised Legi.wav
/Users/cianan/Documents/College/GitHub/FYP/Data/DailData/roi_audio_processed/8Ea03ZeLums_Deputy Mattie McGrath - Government Business - 27.0.wav,8Ea03ZeLums,1,30,60,mattie mcgrath,Fianna Fail,Tipperary,Newcastle,Tipperary,Munster,8Ea03ZeLums_Deputy Mattie McGrath - Government Business - 27.0.wav,parliament,,0.30-1.00,DAIL,/Users/cianan/Documents/College/GitHub/FYP/Data/DailData/roi_audio_processed/8Ea03ZeLums_Deputy Mattie McGrath - Government Business - 27.0.wav
/Users/cianan/Documents/College/GitHub/FYP/Data/DailData/roi_audio_processed/3h1Y3JlQvx8_Deputy Mattie McGrath - speech from 8 May 2019.wav,3h1Y3JlQvx8,1,30,60,mattie mcgrath,Fianna Fail,Tipperary,Newcastle,Tipperary,Munster,3h1Y3JlQvx8_Deputy Mattie McGrath - speech from 8 May 2019.wav,parliament,,0.30-1.00,DAIL,/Users/cianan/Documents/College/GitHub/FYP/Data/DailData/roi_audio_processed/3h1Y3JlQvx8_Deputy Mattie McGrath - speech from 8 May 2019.wav
/Users/cianan/Documents/College/GitHub/FYP/Data/DailData/roi_audio_processed/TnvyKYsO6Lo_Deputy Mattie McGrath - Private Members’ Business .wav,TnvyKYsO6Lo,1,30,60,mattie mcgrath,Fianna Fail,Tipperary,Newcastle,Tipperary,Munster,TnvyKYsO6Lo_Deputy Mattie McGrath - Private Members‚Äô Business .wav,parliament,,0.30-1.00,DAIL,/Users/cianan/Documents/College/GitHub/FYP/Data/DailData/roi_audio_processed/TnvyKYsO6Lo_Deputy Mattie McGrath - Private Members’ Business .wav
/Users/cianan/Documents/College/GitHub/FYP/Data/DailData/roi_audio_processed/AH9vV6Qm-lo_Deputy Mattie McGrath - Private Members’ Business .wav,AH9vV6Qm-lo,1,30,60,mattie mcgrath,Fianna Fail,Tipperary,Newcastle,Tipperary,Munster,AH9vV6Qm-lo_Deputy Mattie McGrath - Private Members‚Äô Business .wav,parliament,,0.30-1.00,DAIL,/Users/cianan/Documents/College/GitHub/FYP/Data/DailData/roi_audio_processed/AH9vV6Qm-lo_Deputy Mattie McGrath - Private Members’ Business .wav
/Users/cianan/Documents/College/GitHub/FYP/Data/DailData/roi_audio_processed/ykFj-pRJLDs_Deputy Mattie McGrath - Order of Business - 19 Jun.wav,ykFj-pRJLDs,1,30,60,mattie mcgrath,Fianna Fail,Tipperary,Newcastle,Tipperary,Munster,ykFj-pRJLDs_Deputy Mattie McGrath - Order of Business - 19 Jun.wav,parliament,,0.30-1.00,DAIL,/Users/cianan/Documents/College/GitHub/FYP/Data/DailData/roi_audio_processed/ykFj-pRJLDs_Deputy Mattie McGrath - Order of Business - 19 Jun.wav
/Users/cianan/Documents/College/GitHub/FYP/Data/DailData/roi_audio_processed/n70dv8FtFs4_Deputy Mattie McGrath - Questions on Promised Legi.wav,n70dv8FtFs4,1,30,60,mattie mcgrath,Fianna Fail,Tipperary,Newcastle,Tipperary,Munster,n70dv8FtFs4_Deputy Mattie McGrath - Questions on Promised Legi.wav,parliament,,0.30-1.00,DAIL,/Users/cianan/Documents/College/GitHub/FYP/Data/DailData/roi_audio_processed/n70dv8FtFs4_Deputy Mattie McGrath - Questions on Promised Legi.wav
/Users/cianan/Documents/College/GitHub/FYP/Data/DailData/roi_audio_processed/xpgQ7kFXGtc_Deputy Mattie McGrath - Order of Business - 16.04..wav,xpgQ7kFXGtc,1,30,60,mattie mcgrath,Fianna Fail,Tipperary,Newcastle,Tipperary,Munster,xpgQ7kFXGtc_Deputy Mattie McGrath - Order of Business - 16.04..wav,parliament,,0.30-1.00,DAIL,/Users/cianan/Documents/College/GitHub/FYP/Data/DailData/roi_audio_processed/xpgQ7kFXGtc_Deputy Mattie McGrath - Order of Business - 16.04..wav
/Users/cianan/Documents/College/GitHub/FYP/Data/DailData/roi_audio_processed/njdbZm0_VXo_Deputy Mattie McGrath - Private Members’ Business .wav,njdbZm0_VXo,1,30,60,mattie mcgrath,Fianna Fail,Tipperary,Newcastle,Tipperary,Munster,njdbZm0_VXo_Deputy Mattie McGrath - Private Members‚Äô Business .wav,parliament,,0.30-1.00,DAIL,/Users/cianan/Documents/College/GitHub/FYP/Data/DailData/roi_audio_processed/njdbZm0_VXo_Deputy Mattie McGrath - Private Members’ Business .wav
/Users/cianan/Documents/College/GitHub/FYP/Data/DailData/roi_audio_processed/smEwTXTWZyE_Deputy Mattie McGrath - Questions on Promised Legi.wav,smEwTXTWZyE,1,30,60,mattie mcgrath,Fianna Fail,Tipperary,Newcastle,Tipperary,Munster,smEwTXTWZyE_Deputy Mattie McGrath - Questions on Promised Legi.wav,parliament,,0.30-1.00,DAIL,/Users/cianan/Documents/College/GitHub/FYP/Data/DailData/roi_audio_processed/smEwTXTWZyE_Deputy Mattie McGrath - Questions on Promised Legi.wav
/Users/cianan/Documents/College/GitHub/FYP/Data/DailData/roi_audio_processed/NMQINYQNlvg_Deputy Mattie McGrath - Order of Business - 18 Jun.wav,NMQINYQNlvg,1,30,60,mattie mcgrath,Fianna Fail,Tipperary,Newcastle,Tipperary,Munster,NMQINYQNlvg_Deputy Mattie McGrath - Order of Business - 18 Jun.wav,parliament,,0.30-1.00,DAIL,/Users/cianan/Documents/College/GitHub/FYP/Data/DailData/roi_audio_processed/NMQINYQNlvg_Deputy Mattie McGrath - Order of Business - 18 Jun.wav
/Users/cianan/Documents/College/GitHub/FYP/Data/DailData/roi_audio_processed/KvlHGwogkZ4_Deputy Mattie McGrath - Government Business - 27 J.wav,KvlHGwogkZ4,1,30,60,mattie mcgrath,Fianna Fail,Tipperary,Newcastle,Tipperary,Munster,KvlHGwogkZ4_Deputy Mattie McGrath - Government Business - 27 J.wav,parliament,,0.30-1.00,DAIL,/Users/cianan/Documents/College/GitHub/FYP/Data/DailData/roi_audio_processed/KvlHGwogkZ4_Deputy Mattie McGrath - Government Business - 27 J.wav
/Users/cianan/Documents/College/GitHub/FYP/Data/DailData/roi_audio_processed/6oPm91StNiA_Deputy Mattie McGrath - Government Business - 26 J.wav,6oPm91StNiA,1,30,60,mattie mcgrath,Fianna Fail,Tipperary,Newcastle,Tipperary,Munster,6oPm91StNiA_Deputy Mattie McGrath - Government Business - 26 J.wav,parliament,,0.30-1.00,DAIL,/Users/cianan/Documents/College/GitHub/FYP/Data/DailData/roi_audio_processed/6oPm91StNiA_Deputy Mattie McGrath - Government Business - 26 J.wav
/Users/cianan/Documents/College/GitHub/FYP/Data/DailData/roi_audio_processed/IHPezo_2IEw_Deputy Mattie McGrath - Government Business - 18 S.wav,IHPezo_2IEw,1,30,60,mattie mcgrath,Fianna Fail,Tipperary,Newcastle,Tipperary,Munster,IHPezo_2IEw_Deputy Mattie McGrath - Government Business - 18 S.wav,parliament,,0.30-1.00,DAIL,/Users/cianan/Documents/College/GitHub/FYP/Data/DailData/roi_audio_processed/IHPezo_2IEw_Deputy Mattie McGrath - Government Business - 18 S.wav
/Users/cianan/Documents/College/GitHub/FYP/Data/DailData/roi_audio_processed/T3USJ5Yxl6M_Deputy Mattie McGrath - Order of Business - 24 Sep.wav,T3USJ5Yxl6M,1,30,60,mattie mcgrath,Fianna Fail,Tipperary,Newcastle,Tipperary,Munster,T3USJ5Yxl6M_Deputy Mattie McGrath - Order of Business - 24 Sep.wav,parliament,,0.30-1.00,DAIL,/Users/cianan/Documents/College/GitHub/FYP/Data/DailData/roi_audio_processed/T3USJ5Yxl6M_Deputy Mattie McGrath - Order of Business - 24 Sep.wav
/Users/cianan/Documents/College/GitHub/FYP/Data/DailData/roi_audio_processed/uCffxN8c1tg_Deputy Mattie McGrath - Private Members’ Business .wav,uCffxN8c1tg,1,30,60,mattie mcgrath,Fianna Fail,Tipperary,Newcastle,Tipperary,Munster,uCffxN8c1tg_Deputy Mattie McGrath - Private Members‚Äô Business .wav,parliament,,0.30-1.00,DAIL,/Users/cianan/Documents/College/GitHub/FYP/Data/DailData/roi_audio_processed/uCffxN8c1tg_Deputy Mattie McGrath - Private Members’ Business .wav
/Users/cianan/Documents/College/GitHub/FYP/Data/DailData/roi_audio_processed/0zWNEV3G2PU_Deputy Mattie McGrath - Government Business - 12.0.wav,0zWNEV3G2PU,1,30,60,mattie mcgrath,Fianna Fail,Tipperary,Newcastle,Tipperary,Munster,0zWNEV3G2PU_Deputy Mattie McGrath - Government Business - 12.0.wav,parliament,,0.30-1.00,DAIL,/Users/cianan/Documents/College/GitHub/FYP/Data/DailData/roi_audio_processed/0zWNEV3G2PU_Deputy Mattie McGrath - Government Business - 12.0.wav
/Users/cianan/Documents/College/GitHub/FYP/Data/DailData/roi_audio_processed/a3p9s0l01FU_Deputy Mattie McGrath - Government Business - 10.0.wav,a3p9s0l01FU,1,30,60,mattie mcgrath,Fianna Fail,Tipperary,Newcastle,Tipperary,Munster,a3p9s0l01FU_Deputy Mattie McGrath - Government Business - 10.0.wav,parliament,,0.30-1.00,DAIL,/Users/cianan/Documents/College/GitHub/FYP/Data/DailData/roi_audio_processed/a3p9s0l01FU_Deputy Mattie McGrath - Government Business - 10.0.wav
/Users/cianan/Documents/College/GitHub/FYP/Data/DailData/roi_audio_processed/myI7I2HoUBk_Deputy Mattie McGrath - Questions on Promised Legi.wav,myI7I2HoUBk,1,30,60,mattie mcgrath,Fianna Fail,Tipperary,Newcastle,Tipperary,Munster,myI7I2HoUBk_Deputy Mattie McGrath - Questions on Promised Legi.wav,parliament,,0.30-1.00,DAIL,/Users/cianan/Documents/College/GitHub/FYP/Data/DailData/roi_audio_processed/myI7I2HoUBk_Deputy Mattie McGrath - Questions on Promised Legi.wav
/Users/cianan/Documents/College/GitHub/FYP/Data/DailData/roi_audio_processed/BgzkFQQOjbI_Deputy Mattie McGrath - Topical Issues - 16.04.201.wav,BgzkFQQOjbI,1,30,60,mattie mcgrath,Fianna Fail,Tipperary,Newcastle,Tipperary,Munster,BgzkFQQOjbI_Deputy Mattie McGrath - Topical Issues - 16.04.201.wav,parliament,,0.30-1.00,DAIL,/Users/cianan/Documents/College/GitHub/FYP/Data/DailData/roi_audio_processed/BgzkFQQOjbI_Deputy Mattie McGrath - Topical Issues - 16.04.201.wav
/Users/cianan/Documents/College/GitHub/FYP/Data/DailData/roi_audio_processed/vgH0lGVvosI_Deputy Mattie McGrath - Questions on Promised Legi.wav,vgH0lGVvosI,1,30,60,mattie mcgrath,Fianna Fail,Tipperary,Newcastle,Tipperary,Munster,vgH0lGVvosI_Deputy Mattie McGrath - Questions on Promised Legi.wav,parliament,,0.30-1.00,DAIL,/Users/cianan/Documents/College/GitHub/FYP/Data/DailData/roi_audio_processed/vgH0lGVvosI_Deputy Mattie McGrath - Questions on Promised Legi.wav
/Users/cianan/Documents/College/GitHub/FYP/Data/DailData/roi_audio_processed/NI_eEdtcoHc_Deputy Mattie McGrath - Expressions of Sympathy - .wav,NI_eEdtcoHc,1,30,60,mattie mcgrath,Fianna Fail,Tipperary,Newcastle,Tipperary,Munster,NI_eEdtcoHc_Deputy Mattie McGrath - Expressions of Sympathy - .wav,parliament,,0.30-1.00,DAIL,/Users/cianan/Documents/College/GitHub/FYP/Data/DailData/roi_audio_processed/NI_eEdtcoHc_Deputy Mattie McGrath - Expressions of Sympathy - .wav
/Users/cianan/Documents/College/GitHub/FYP/Data/DailData/roi_audio_processed/OPKo4jrTTdU_Deputy Mattie McGrath - Questions on Promised Legi.wav,OPKo4jrTTdU,1,30,60,mattie mcgrath,Fianna Fail,Tipperary,Newcastle,Tipperary,Munster,OPKo4jrTTdU_Deputy Mattie McGrath - Questions on Promised Legi.wav,parliament,,0.30-1.00,DAIL,/Users/cianan/Documents/College/GitHub/FYP/Data/DailData/roi_audio_processed/OPKo4jrTTdU_Deputy Mattie McGrath - Questions on Promised Legi.wav
/Users/cianan/Documents/College/GitHub/FYP/Data/DailData/roi_audio_processed/noKeiPXYedU_Deputy Mattie McGrath - Private Members’ Business .wav,noKeiPXYedU,1,30,60,mattie mcgrath,Fianna Fail,Tipperary,Newcastle,Tipperary,Munster,noKeiPXYedU_Deputy Mattie McGrath - Private Members‚Äô Business .wav,parliament,,0.30-1.00,DAIL,/Users/cianan/Documents/College/GitHub/FYP/Data/DailData/roi_audio_processed/noKeiPXYedU_Deputy Mattie McGrath - Private Members’ Business .wav
/Users/cianan/Documents/College/GitHub/FYP/Data/DailData/roi_audio_processed/w_gVQNomI-g_Deputy Mattie McGrath - Government Business - 10 J.wav,w_gVQNomI-g,1,30,60,mattie mcgrath,Fianna Fail,Tipperary,Newcastle,Tipperary,Munster,w_gVQNomI-g_Deputy Mattie McGrath - Government Business - 10 J.wav,parliament,,0.30-1.00,DAIL,/Users/cianan/Documents/College/GitHub/FYP/Data/DailData/roi_audio_processed/w_gVQNomI-g_Deputy Mattie McGrath - Government Business - 10 J.wav
/Users/cianan/Documents/College/GitHub/FYP/Data/DailData/roi_audio_processed/KNHBj1e1TIo_Deputy Mattie McGrath - Private Members’ Business .wav,KNHBj1e1TIo,1,30,60,mattie mcgrath,Fianna Fail,Tipperary,Newcastle,Tipperary,Munster,KNHBj1e1TIo_Deputy Mattie McGrath - Private Members‚Äô Business .wav,parliament,,0.30-1.00,DAIL,/Users/cianan/Documents/College/GitHub/FYP/Data/DailData/roi_audio_processed/KNHBj1e1TIo_Deputy Mattie McGrath - Private Members’ Business .wav
/Users/cianan/Documents/College/GitHub/FYP/Data/DailData/roi_audio_processed/b26bbJbn3NQ_Deputy Mattie McGrath - Government Business - 18 J.wav,b26bbJbn3NQ,1,30,60,mattie mcgrath,Fianna Fail,Tipperary,Newcastle,Tipperary,Munster,b26bbJbn3NQ_Deputy Mattie McGrath - Government Business - 18 J.wav,parliament,,0.30-1.00,DAIL,/Users/cianan/Documents/College/GitHub/FYP/Data/DailData/roi_audio_processed/b26bbJbn3NQ_Deputy Mattie McGrath - Government Business - 18 J.wav
/Users/cianan/Documents/College/GitHub/FYP/Data/DailData/roi_audio_processed/vWsbd0Nhoio_Deputy Mattie McGrath - Priority Questions - 10 Ju.wav,vWsbd0Nhoio,1,30,60,mattie mcgrath,Fianna Fail,Tipperary,Newcastle,Tipperary,Munster,vWsbd0Nhoio_Deputy Mattie McGrath - Priority Questions - 10 Ju.wav,parliament,,0.30-1.00,DAIL,/Users/cianan/Documents/College/GitHub/FYP/Data/DailData/roi_audio_processed/vWsbd0Nhoio_Deputy Mattie McGrath - Priority Questions - 10 Ju.wav
/Users/cianan/Documents/College/GitHub/FYP/Data/DailData/roi_audio_processed/_2_Um4o3uv0_Deputy Mattie McGrath - Government Business - 12 J.wav,_2_Um4o3uv0,1,30,60,mattie mcgrath,Fianna Fail,Tipperary,Newcastle,Tipperary,Munster,_2_Um4o3uv0_Deputy Mattie McGrath - Government Business - 12 J.wav,parliament,,0.30-1.00,DAIL,/Users/cianan/Documents/College/GitHub/FYP/Data/DailData/roi_audio_processed/_2_Um4o3uv0_Deputy Mattie McGrath - Government Business - 12 J.wav
/Users/cianan/Documents/College/GitHub/FYP/Data/DailData/roi_audio_processed/LDpNxWGI9Ek_Deputy Mattie McGrath - Government Business - 10 J.wav,LDpNxWGI9Ek,1,30,60,mattie mcgrath,Fianna Fail,Tipperary,Newcastle,Tipperary,Munster,LDpNxWGI9Ek_Deputy Mattie McGrath - Government Business - 10 J.wav,parliament,,0.30-1.00,DAIL,/Users/cianan/Documents/College/GitHub/FYP/Data/DailData/roi_audio_processed/LDpNxWGI9Ek_Deputy Mattie McGrath - Government Business - 10 J.wav
/Users/cianan/Documents/College/GitHub/FYP/Data/DailData/roi_audio_processed/QrOY3JuEqw0_Deputy Mattie McGrath - Leaders’ Questions - 9 May.wav,QrOY3JuEqw0,1,30,60,mattie mcgrath,Fianna Fail,Tipperary,Newcastle,Tipperary,Munster,QrOY3JuEqw0_Deputy Mattie McGrath - Leaders‚Äô Questions - 9 May.wav,parliament,,0.30-1.00,DAIL,/Users/cianan/Documents/College/GitHub/FYP/Data/DailData/roi_audio_processed/QrOY3JuEqw0_Deputy Mattie McGrath - Leaders’ Questions - 9 May.wav
/Users/cianan/Documents/College/GitHub/FYP/Data/DailData/roi_audio_processed/T3ZSw3fgmHc_Deputy Mattie McGrath - Government Business - 25 S.wav,T3ZSw3fgmHc,1,30,60,mattie mcgrath,Fianna Fail,Tipperary,Newcastle,Tipperary,Munster,T3ZSw3fgmHc_Deputy Mattie McGrath - Government Business - 25 S.wav,parliament,,0.30-1.00,DAIL,/Users/cianan/Documents/College/GitHub/FYP/Data/DailData/roi_audio_processed/T3ZSw3fgmHc_Deputy Mattie McGrath - Government Business - 25 S.wav
/Users/cianan/Documents/College/GitHub/FYP/Data/DailData/roi_audio_processed/l_lY63xq3zM_Deputy Mattie McGrath - Government Business - 12 J.wav,l_lY63xq3zM,1,30,60,mattie mcgrath,Fianna Fail,Tipperary,Newcastle,Tipperary,Munster,l_lY63xq3zM_Deputy Mattie McGrath - Government Business - 12 J.wav,parliament,,0.30-1.00,DAIL,/Users/cianan/Documents/College/GitHub/FYP/Data/DailData/roi_audio_processed/l_lY63xq3zM_Deputy Mattie McGrath - Government Business - 12 J.wav
/Users/cianan/Documents/College/GitHub/FYP/Data/DailData/roi_audio_processed/9Tmnffhz_Ds_Deputy Mattie McGrath - Government Business - 19 J.wav,9Tmnffhz_Ds,1,30,60,mattie mcgrath,Fianna Fail,Tipperary,Newcastle,Tipperary,Munster,9Tmnffhz_Ds_Deputy Mattie McGrath - Government Business - 19 J.wav,parliament,,0.30-1.00,DAIL,/Users/cianan/Documents/College/GitHub/FYP/Data/DailData/roi_audio_processed/9Tmnffhz_Ds_Deputy Mattie McGrath - Government Business - 19 J.wav
/Users/cianan/Documents/College/GitHub/FYP/Data/DailData/roi_audio_processed/1okFZSLpr8o_Deputy Mattie McGrath - Topical Issues - 26.03.201.wav,1okFZSLpr8o,1,30,60,mattie mcgrath,Fianna Fail,Tipperary,Newcastle,Tipperary,Munster,1okFZSLpr8o_Deputy Mattie McGrath - Topical Issues - 26.03.201.wav,parliament,,0.30-1.00,DAIL,/Users/cianan/Documents/College/GitHub/FYP/Data/DailData/roi_audio_processed/1okFZSLpr8o_Deputy Mattie McGrath - Topical Issues - 26.03.201.wav
/Users/cianan/Documents/College/GitHub/FYP/Data/DailData/roi_audio_processed/4olmJh9Zg3Y_Deputy Mattie McGrath - Questions on Promised Legi.wav,4olmJh9Zg3Y,1,30,60,mattie mcgrath,Fianna Fail,Tipperary,Newcastle,Tipperary,Munster,4olmJh9Zg3Y_Deputy Mattie McGrath - Questions on Promised Legi.wav,parliament,,0.30-1.00,DAIL,/Users/cianan/Documents/College/GitHub/FYP/Data/DailData/roi_audio_processed/4olmJh9Zg3Y_Deputy Mattie McGrath - Questions on Promised Legi.wav
/Users/cianan/Documents/College/GitHub/FYP/Data/DailData/roi_audio_processed/WwALfNQ1h3s_Deputy Mattie McGrath - Topical Issues - 26.03.201.wav,WwALfNQ1h3s,1,30,60,mattie mcgrath,Fianna Fail,Tipperary,Newcastle,Tipperary,Munster,WwALfNQ1h3s_Deputy Mattie McGrath - Topical Issues - 26.03.201.wav,parliament,,0.30-1.00,DAIL,/Users/cianan/Documents/College/GitHub/FYP/Data/DailData/roi_audio_processed/WwALfNQ1h3s_Deputy Mattie McGrath - Topical Issues - 26.03.201.wav
/Users/cianan/Documents/College/GitHub/FYP/Data/DailData/roi_audio_processed/66OegRKz_Hc_Deputy Mattie McGrath - Order of Business - 2 Jul .wav,66OegRKz_Hc,1,30,60,mattie mcgrath,Fianna Fail,Tipperary,Newcastle,Tipperary,Munster,66OegRKz_Hc_Deputy Mattie McGrath - Order of Business - 2 Jul .wav,parliament,,0.30-1.00,DAIL,/Users/cianan/Documents/College/GitHub/FYP/Data/DailData/roi_audio_processed/66OegRKz_Hc_Deputy Mattie McGrath - Order of Business - 2 Jul .wav
/Users/cianan/Documents/College/GitHub/FYP/Data/DailData/roi_audio_processed/WxvF8x_jnHQ_Deputy Mattie McGrath - Government Business - 12 J.wav,WxvF8x_jnHQ,1,30,60,mattie mcgrath,Fianna Fail,Tipperary,Newcastle,Tipperary,Munster,WxvF8x_jnHQ_Deputy Mattie McGrath - Government Business - 12 J.wav,parliament,,0.30-1.00,DAIL,/Users/cianan/Documents/College/GitHub/FYP/Data/DailData/roi_audio_processed/WxvF8x_jnHQ_Deputy Mattie McGrath - Government Business - 12 J.wav
/Users/cianan/Documents/College/GitHub/FYP/Data/DailData/roi_audio_processed/f3_r1FkLXMg_Deputy Mattie McGrath - Government Business - 26 J.wav,f3_r1FkLXMg,1,30,60,mattie mcgrath,Fianna Fail,Tipperary,Newcastle,Tipperary,Munster,f3_r1FkLXMg_Deputy Mattie McGrath - Government Business - 26 J.wav,parliament,,0.30-1.00,DAIL,/Users/cianan/Documents/College/GitHub/FYP/Data/DailData/roi_audio_processed/f3_r1FkLXMg_Deputy Mattie McGrath - Government Business - 26 J.wav
/Users/cianan/Documents/College/GitHub/FYP/Data/DailData/roi_audio_processed/FSEJ_0ft6Cw_Deputy Mattie McGrath - Questions on Promised Legi.wav,FSEJ_0ft6Cw,1,30,60,mattie mcgrath,Fianna Fail,Tipperary,Newcastle,Tipperary,Munster,FSEJ_0ft6Cw_Deputy Mattie McGrath - Questions on Promised Legi.wav,parliament,,0.30-1.00,DAIL,/Users/cianan/Documents/College/GitHub/FYP/Data/DailData/roi_audio_processed/FSEJ_0ft6Cw_Deputy Mattie McGrath - Questions on Promised Legi.wav
/Users/cianan/Documents/College/GitHub/FYP/Data/DailData/roi_audio_processed/qjISopFzsNE_Deputy Mattie McGrath - Topical Issues - 25 Jun 20.wav,qjISopFzsNE,1,30,60,mattie mcgrath,Fianna Fail,Tipperary,Newcastle,Tipperary,Munster,qjISopFzsNE_Deputy Mattie McGrath - Topical Issues - 25 Jun 20.wav,parliament,,0.30-1.00,DAIL,/Users/cianan/Documents/College/GitHub/FYP/Data/DailData/roi_audio_processed/qjISopFzsNE_Deputy Mattie McGrath - Topical Issues - 25 Jun 20.wav
/Users/cianan/Documents/College/GitHub/FYP/Data/DailData/roi_audio_processed/urtDXCezZ-M_Deputy Mattie McGrath - Government Business - 25 J.wav,urtDXCezZ-M,1,30,60,mattie mcgrath,Fianna Fail,Tipperary,Newcastle,Tipperary,Munster,urtDXCezZ-M_Deputy Mattie McGrath - Government Business - 25 J.wav,parliament,,0.30-1.00,DAIL,/Users/cianan/Documents/College/GitHub/FYP/Data/DailData/roi_audio_processed/urtDXCezZ-M_Deputy Mattie McGrath - Government Business - 25 J.wav
/Users/cianan/Documents/College/GitHub/FYP/Data/DailData/roi_audio_processed/00gUGrlPyds_Deputy Mattie McGrath Leaders’ Questions - 10 Jul .wav,00gUGrlPyds,1,30,60,mattie mcgrath,Fianna Fail,Tipperary,Newcastle,Tipperary,Munster,00gUGrlPyds_Deputy Mattie McGrath Leaders‚Äô Questions - 10 Jul .wav,parliament,,0.30-1.00,DAIL,/Users/cianan/Documents/College/GitHub/FYP/Data/DailData/roi_audio_processed/00gUGrlPyds_Deputy Mattie McGrath Leaders’ Questions - 10 Jul .wav
/Users/cianan/Documents/College/GitHub/FYP/Data/DailData/roi_audio_processed/8ptw8dG8rgA_Maura Hopkins - speech from  09 Apr 2019.wav,8ptw8dG8rgA,1,30,60,maura hopkins,Fine Gael,,Ballaghaderreen,Roscommon,Connacht,8ptw8dG8rgA_Maura Hopkins - speech from  09 Apr 2019.wav,parliament,,0.30-1.00,DAIL,/Users/cianan/Documents/College/GitHub/FYP/Data/DailData/roi_audio_processed/8ptw8dG8rgA_Maura Hopkins - speech from  09 Apr 2019.wav
/Users/cianan/Documents/College/GitHub/FYP/Data/DailData/roi_audio_processed/7_8oNk3pLww_Senator Maura Hopkins - speech from 19 Jun 2019.wav,7_8oNk3pLww,1,30,60,maura hopkins,Fine Gael,,Ballaghaderreen,Roscommon,Connacht,7_8oNk3pLww_Senator Maura Hopkins - speech from 19 Jun 2019.wav,parliament,,0.30-1.00,DAIL,/Users/cianan/Documents/College/GitHub/FYP/Data/DailData/roi_audio_processed/7_8oNk3pLww_Senator Maura Hopkins - speech from 19 Jun 2019.wav
/Users/cianan/Documents/College/GitHub/FYP/Data/DailData/roi_audio_processed/u2y48jBq88w_Maura Hopkins - speech from  17 Apr 2019.wav,u2y48jBq88w,1,30,60,maura hopkins,Fine Gael,,Ballaghaderreen,Roscommon,Connacht,u2y48jBq88w_Maura Hopkins - speech from  17 Apr 2019.wav,parliament,,0.30-1.00,DAIL,/Users/cianan/Documents/College/GitHub/FYP/Data/DailData/roi_audio_processed/u2y48jBq88w_Maura Hopkins - speech from  17 Apr 2019.wav
/Users/cianan/Documents/College/GitHub/FYP/Data/DailData/roi_audio_processed/F4pnpfUHGrg_Senator Maura Hopkins - Order of Business - 15 May.wav,F4pnpfUHGrg,1,30,60,maura hopkins,Fine Gael,,Ballaghaderreen,Roscommon,Connacht,F4pnpfUHGrg_Senator Maura Hopkins - Order of Business - 15 May.wav,parliament,,0.30-1.00,DAIL,/Users/cianan/Documents/College/GitHub/FYP/Data/DailData/roi_audio_processed/F4pnpfUHGrg_Senator Maura Hopkins - Order of Business - 15 May.wav
/Users/cianan/Documents/College/GitHub/FYP/Data/DailData/roi_audio_processed/nBDao46FaSA_Maura Hopkins - speech from  09 Apr 2019.wav,nBDao46FaSA,1,30,60,maura hopkins,Fine Gael,,Ballaghaderreen,Roscommon,Connacht,nBDao46FaSA_Maura Hopkins - speech from  09 Apr 2019.wav,parliament,,0.30-1.00,DAIL,/Users/cianan/Documents/College/GitHub/FYP/Data/DailData/roi_audio_processed/nBDao46FaSA_Maura Hopkins - speech from  09 Apr 2019.wav
/Users/cianan/Documents/College/GitHub/FYP/Data/DailData/roi_audio_processed/T_3fSS5YgxI_Senator Maura Hopkins - speech from 22 May 2019.wav,T_3fSS5YgxI,1,30,60,maura hopkins,Fine Gael,,Ballaghaderreen,Roscommon,Connacht,T_3fSS5YgxI_Senator Maura Hopkins - speech from 22 May 2019.wav,parliament,,0.30-1.00,DAIL,/Users/cianan/Documents/College/GitHub/FYP/Data/DailData/roi_audio_processed/T_3fSS5YgxI_Senator Maura Hopkins - speech from 22 May 2019.wav
/Users/cianan/Documents/College/GitHub/FYP/Data/DailData/roi_audio_processed/Oy5tR7hGfCE_Senator Maura Hopkins - speech from 1 Oct 2019.wav,Oy5tR7hGfCE,1,30,60,maura hopkins,Fine Gael,,Ballaghaderreen,Roscommon,Connacht,Oy5tR7hGfCE_Senator Maura Hopkins - speech from 1 Oct 2019.wav,parliament,,0.30-1.00,DAIL,/Users/cianan/Documents/College/GitHub/FYP/Data/DailData/roi_audio_processed/Oy5tR7hGfCE_Senator Maura Hopkins - speech from 1 Oct 2019.wav
/Users/cianan/Documents/College/GitHub/FYP/Data/DailData/roi_audio_processed/lwWJOpTeVRI_Deputy Maureen O'Sullivan - Other Questions - 18 J.wav,lwWJOpTeVRI,1,30,60,maureen o'sullivan,Independent,Dublin Central,East Wall,Dublin North,Leinster,lwWJOpTeVRI_Deputy Maureen O'Sullivan - Other Questions - 18 J.wav,parliament,,0.30-1.00,DAIL,/Users/cianan/Documents/College/GitHub/FYP/Data/DailData/roi_audio_processed/lwWJOpTeVRI_Deputy Maureen O'Sullivan - Other Questions - 18 J.wav
/Users/cianan/Documents/College/GitHub/FYP/Data/DailData/roi_audio_processed/umTO0cyMp-E_Deputy Maureen O'Sullivan - Government Business - .wav,umTO0cyMp-E,1,30,60,maureen o'sullivan,Independent,Dublin Central,East Wall,Dublin North,Leinster,umTO0cyMp-E_Deputy Maureen O'Sullivan - Government Business - .wav,parliament,,0.30-1.00,DAIL,/Users/cianan/Documents/College/GitHub/FYP/Data/DailData/roi_audio_processed/umTO0cyMp-E_Deputy Maureen O'Sullivan - Government Business - .wav
/Users/cianan/Documents/College/GitHub/FYP/Data/DailData/roi_audio_processed/kCyvKIbk0jU_Deputy Maureen O'Sullivan - Government Business - .wav,kCyvKIbk0jU,1,30,60,maureen o'sullivan,Independent,Dublin Central,East Wall,Dublin North,Leinster,kCyvKIbk0jU_Deputy Maureen O'Sullivan - Government Business - .wav,parliament,,0.30-1.00,DAIL,/Users/cianan/Documents/College/GitHub/FYP/Data/DailData/roi_audio_processed/kCyvKIbk0jU_Deputy Maureen O'Sullivan - Government Business - .wav
/Users/cianan/Documents/College/GitHub/FYP/Data/DailData/roi_audio_processed/eSMH2qLnr8w_Deputy Maureen O'Sullivan - Other Questions - 17 S.wav,eSMH2qLnr8w,1,30,60,maureen o'sullivan,Independent,Dublin Central,East Wall,Dublin North,Leinster,eSMH2qLnr8w_Deputy Maureen O'Sullivan - Other Questions - 17 S.wav,parliament,,0.30-1.00,DAIL,/Users/cianan/Documents/College/GitHub/FYP/Data/DailData/roi_audio_processed/eSMH2qLnr8w_Deputy Maureen O'Sullivan - Other Questions - 17 S.wav
/Users/cianan/Documents/College/GitHub/FYP/Data/DailData/roi_audio_processed/YyzQOwWNaUs_Deputy Maurice Quinlivan - Government Business - 0.wav,YyzQOwWNaUs,1,30,60,maurice quinlivan,Sinn Fein,Limerick City,Ballynanty,Limerick,Munster,YyzQOwWNaUs_Deputy Maurice Quinlivan - Government Business - 0.wav,parliament,,0.30-1.00,DAIL,/Users/cianan/Documents/College/GitHub/FYP/Data/DailData/roi_audio_processed/YyzQOwWNaUs_Deputy Maurice Quinlivan - Government Business - 0.wav
/Users/cianan/Documents/College/GitHub/FYP/Data/DailData/roi_audio_processed/3P_1wkPOM0Q_Deputy Maurice Quinlivan - Priority Questions - 27.wav,3P_1wkPOM0Q,1,30,60,maurice quinlivan,Sinn Fein,Limerick City,Ballynanty,Limerick,Munster,3P_1wkPOM0Q_Deputy Maurice Quinlivan - Priority Questions - 27.wav,parliament,,0.30-1.00,DAIL,/Users/cianan/Documents/College/GitHub/FYP/Data/DailData/roi_audio_processed/3P_1wkPOM0Q_Deputy Maurice Quinlivan - Priority Questions - 27.wav
/Users/cianan/Documents/College/GitHub/FYP/Data/DailData/roi_audio_processed/om7Z9DRDsFg_Deputy Maurice Quinlivan - Questions on Promised L.wav,om7Z9DRDsFg,1,30,60,maurice quinlivan,Sinn Fein,Limerick City,Ballynanty,Limerick,Munster,om7Z9DRDsFg_Deputy Maurice Quinlivan - Questions on Promised L.wav,parliament,,0.30-1.00,DAIL,/Users/cianan/Documents/College/GitHub/FYP/Data/DailData/roi_audio_processed/om7Z9DRDsFg_Deputy Maurice Quinlivan - Questions on Promised L.wav
/Users/cianan/Documents/College/GitHub/FYP/Data/DailData/roi_audio_processed/1OUGarSLgmw_Deputy Maurice Quinlivan - Topical Issues - 14 May.wav,1OUGarSLgmw,1,30,60,maurice quinlivan,Sinn Fein,Limerick City,Ballynanty,Limerick,Munster,1OUGarSLgmw_Deputy Maurice Quinlivan - Topical Issues - 14 May.wav,parliament,,0.30-1.00,DAIL,/Users/cianan/Documents/College/GitHub/FYP/Data/DailData/roi_audio_processed/1OUGarSLgmw_Deputy Maurice Quinlivan - Topical Issues - 14 May.wav
/Users/cianan/Documents/College/GitHub/FYP/Data/DailData/roi_audio_processed/qQOWo9IhNB8_Deputy Maurice Quinlivan - Order of Business - 24 .wav,qQOWo9IhNB8,1,30,60,maurice quinlivan,Sinn Fein,Limerick City,Ballynanty,Limerick,Munster,qQOWo9IhNB8_Deputy Maurice Quinlivan - Order of Business - 24 .wav,parliament,,0.30-1.00,DAIL,/Users/cianan/Documents/College/GitHub/FYP/Data/DailData/roi_audio_processed/qQOWo9IhNB8_Deputy Maurice Quinlivan - Order of Business - 24 .wav
/Users/cianan/Documents/College/GitHub/FYP/Data/DailData/roi_audio_processed/3X9BUoLaVKo_Deputy Michael Collins - Government Business - 17 .wav,3X9BUoLaVKo,1,30,60,michael collins,Independent Ireland,Cork South-West,Cork City,Cork,Munster,3X9BUoLaVKo_Deputy Michael Collins - Government Business - 17 .wav,parliament,,0.30-1.00,DAIL,/Users/cianan/Documents/College/GitHub/FYP/Data/DailData/roi_audio_processed/3X9BUoLaVKo_Deputy Michael Collins - Government Business - 17 .wav
/Users/cianan/Documents/College/GitHub/FYP/Data/DailData/roi_audio_processed/f5bI1_ns0ms_Deputy Michael Creed - Government Business - 17 Se.wav,f5bI1_ns0ms,1,30,60,michael creed,Fine Gael,Cork North-West,Macroom,Cork,Munster,f5bI1_ns0ms_Deputy Michael Creed - Government Business - 17 Se.wav,parliament,,0.30-1.00,DAIL,/Users/cianan/Documents/College/GitHub/FYP/Data/DailData/roi_audio_processed/f5bI1_ns0ms_Deputy Michael Creed - Government Business - 17 Se.wav
/Users/cianan/Documents/College/GitHub/FYP/Data/DailData/roi_audio_processed/psXQXpLe86M_Deputy Michael D'Arcy - Government Business - 12.0.wav,psXQXpLe86M,1,30,60,michael d'arcy,Fine Gael,Wexford,Wexford Town,Wexford,Leinster,psXQXpLe86M_Deputy Michael D'Arcy - Government Business - 12.0.wav,parliament,,0.30-1.00,DAIL,/Users/cianan/Documents/College/GitHub/FYP/Data/DailData/roi_audio_processed/psXQXpLe86M_Deputy Michael D'Arcy - Government Business - 12.0.wav
/Users/cianan/Documents/College/GitHub/FYP/Data/DailData/roi_audio_processed/BmAzpS00SBM_Deputy Michael D'Arcy - Private Members’ Business .wav,BmAzpS00SBM,1,30,60,michael d'arcy,Fine Gael,Wexford,Wexford Town,Wexford,Leinster,BmAzpS00SBM_Deputy Michael D'Arcy - Private Members‚Äô Business .wav,parliament,,0.30-1.00,DAIL,/Users/cianan/Documents/College/GitHub/FYP/Data/DailData/roi_audio_processed/BmAzpS00SBM_Deputy Michael D'Arcy - Private Members’ Business .wav
/Users/cianan/Documents/College/GitHub/FYP/Data/DailData/roi_audio_processed/xSKYIxWrMvc_Deputy Michael Fitzmaurice - Private Members’ Busi.wav,xSKYIxWrMvc,1,30,60,michael fitzmaurice,Independent Ireland,Roscommon-Galway,Glinsk,Galway,Connacht,xSKYIxWrMvc_Deputy Michael Fitzmaurice - Private Members‚Äô Busi.wav,parliament,,0.30-1.00,DAIL,/Users/cianan/Documents/College/GitHub/FYP/Data/DailData/roi_audio_processed/xSKYIxWrMvc_Deputy Michael Fitzmaurice - Private Members’ Busi.wav
/Users/cianan/Documents/College/GitHub/FYP/Data/DailData/roi_audio_processed/ijNCKrY2zug_Deputy Michael Fitzmaurice - Order of Business - 1.wav,ijNCKrY2zug,1,30,60,michael fitzmaurice,Independent Ireland,Roscommon-Galway,Glinsk,Galway,Connacht,ijNCKrY2zug_Deputy Michael Fitzmaurice - Order of Business - 1.wav,parliament,,0.30-1.00,DAIL,/Users/cianan/Documents/College/GitHub/FYP/Data/DailData/roi_audio_processed/ijNCKrY2zug_Deputy Michael Fitzmaurice - Order of Business - 1.wav
/Users/cianan/Documents/College/GitHub/FYP/Data/DailData/roi_audio_processed/_gXTceDxePc_Deputy Michael Fitzmaurice - Questions on Promised.wav,_gXTceDxePc,1,30,60,michael fitzmaurice,Independent Ireland,Roscommon-Galway,Glinsk,Galway,Connacht,_gXTceDxePc_Deputy Michael Fitzmaurice - Questions on Promised.wav,parliament,,0.30-1.00,DAIL,/Users/cianan/Documents/College/GitHub/FYP/Data/DailData/roi_audio_processed/_gXTceDxePc_Deputy Michael Fitzmaurice - Questions on Promised.wav
/Users/cianan/Documents/College/GitHub/FYP/Data/DailData/roi_audio_processed/MkcaEj8S7sA_Deputy Michael Fitzmaurice - Government Business -.wav,MkcaEj8S7sA,1,30,60,michael fitzmaurice,Independent Ireland,Roscommon-Galway,Glinsk,Galway,Connacht,MkcaEj8S7sA_Deputy Michael Fitzmaurice - Government Business -.wav,parliament,,0.30-1.00,DAIL,/Users/cianan/Documents/College/GitHub/FYP/Data/DailData/roi_audio_processed/MkcaEj8S7sA_Deputy Michael Fitzmaurice - Government Business -.wav
/Users/cianan/Documents/College/GitHub/FYP/Data/DailData/roi_audio_processed/Mp0gZT9i_jA_Deputy Michael Fitzmaurice - Private Members’ Busi.wav,Mp0gZT9i_jA,1,30,60,michael fitzmaurice,Independent Ireland,Roscommon-Galway,Glinsk,Galway,Connacht,Mp0gZT9i_jA_Deputy Michael Fitzmaurice - Private Members‚Äô Busi.wav,parliament,,0.30-1.00,DAIL,/Users/cianan/Documents/College/GitHub/FYP/Data/DailData/roi_audio_processed/Mp0gZT9i_jA_Deputy Michael Fitzmaurice - Private Members’ Busi.wav
/Users/cianan/Documents/College/GitHub/FYP/Data/DailData/roi_audio_processed/gx90Yuuw7XM_Deputy Michael Fitzmaurice - Private Members’ Busi.wav,gx90Yuuw7XM,1,30,60,michael fitzmaurice,Independent Ireland,Roscommon-Galway,Glinsk,Galway,Connacht,gx90Yuuw7XM_Deputy Michael Fitzmaurice - Private Members‚Äô Busi.wav,parliament,,0.30-1.00,DAIL,/Users/cianan/Documents/College/GitHub/FYP/Data/DailData/roi_audio_processed/gx90Yuuw7XM_Deputy Michael Fitzmaurice - Private Members’ Busi.wav
/Users/cianan/Documents/College/GitHub/FYP/Data/DailData/roi_audio_processed/h27try2siBM_Deputy Michael Fitzmaurice - Order of Business - 2.wav,h27try2siBM,1,30,60,michael fitzmaurice,Independent Ireland,Roscommon-Galway,Glinsk,Galway,Connacht,h27try2siBM_Deputy Michael Fitzmaurice - Order of Business - 2.wav,parliament,,0.30-1.00,DAIL,/Users/cianan/Documents/College/GitHub/FYP/Data/DailData/roi_audio_processed/h27try2siBM_Deputy Michael Fitzmaurice - Order of Business - 2.wav
/Users/cianan/Documents/College/GitHub/FYP/Data/DailData/roi_audio_processed/5BU3lYWH8j8_Deputy Michael Fitzmaurice - Government Business -.wav,5BU3lYWH8j8,1,30,60,michael fitzmaurice,Independent Ireland,Roscommon-Galway,Glinsk,Galway,Connacht,5BU3lYWH8j8_Deputy Michael Fitzmaurice - Government Business -.wav,parliament,,0.30-1.00,DAIL,/Users/cianan/Documents/College/GitHub/FYP/Data/DailData/roi_audio_processed/5BU3lYWH8j8_Deputy Michael Fitzmaurice - Government Business -.wav
/Users/cianan/Documents/College/GitHub/FYP/Data/DailData/roi_audio_processed/psxZCfbKihk_Deputy Michael Fitzmaurice - Topical Issues - 11 J.wav,psxZCfbKihk,1,30,60,michael fitzmaurice,Independent Ireland,Roscommon-Galway,Glinsk,Galway,Connacht,psxZCfbKihk_Deputy Michael Fitzmaurice - Topical Issues - 11 J.wav,parliament,,0.30-1.00,DAIL,/Users/cianan/Documents/College/GitHub/FYP/Data/DailData/roi_audio_processed/psxZCfbKihk_Deputy Michael Fitzmaurice - Topical Issues - 11 J.wav
/Users/cianan/Documents/College/GitHub/FYP/Data/DailData/roi_audio_processed/huy5Cgpr15Q_Deputy Michael Fitzmaurice - Private Members’ Busi.wav,huy5Cgpr15Q,1,30,60,michael fitzmaurice,Independent Ireland,Roscommon-Galway,Glinsk,Galway,Connacht,huy5Cgpr15Q_Deputy Michael Fitzmaurice - Private Members‚Äô Busi.wav,parliament,,0.30-1.00,DAIL,/Users/cianan/Documents/College/GitHub/FYP/Data/DailData/roi_audio_processed/huy5Cgpr15Q_Deputy Michael Fitzmaurice - Private Members’ Busi.wav
/Users/cianan/Documents/College/GitHub/FYP/Data/DailData/roi_audio_processed/rs59F6VXDh0_Deputy Michael Fitzmaurice - Private Members’ Busi.wav,rs59F6VXDh0,1,30,60,michael fitzmaurice,Independent Ireland,Roscommon-Galway,Glinsk,Galway,Connacht,rs59F6VXDh0_Deputy Michael Fitzmaurice - Private Members‚Äô Busi.wav,parliament,,0.30-1.00,DAIL,/Users/cianan/Documents/College/GitHub/FYP/Data/DailData/roi_audio_processed/rs59F6VXDh0_Deputy Michael Fitzmaurice - Private Members’ Busi.wav
/Users/cianan/Documents/College/GitHub/FYP/Data/DailData/roi_audio_processed/5raNgSO89oI_Deputy Michael Fitzmaurice - Private Members’ Busi.wav,5raNgSO89oI,1,30,60,michael fitzmaurice,Independent Ireland,Roscommon-Galway,Glinsk,Galway,Connacht,5raNgSO89oI_Deputy Michael Fitzmaurice - Private Members‚Äô Busi.wav,parliament,,0.30-1.00,DAIL,/Users/cianan/Documents/College/GitHub/FYP/Data/DailData/roi_audio_processed/5raNgSO89oI_Deputy Michael Fitzmaurice - Private Members’ Busi.wav
/Users/cianan/Documents/College/GitHub/FYP/Data/DailData/roi_audio_processed/WOUVPnja9F4_Deputy Michael Fitzmaurice - Topical Issues - 27.0.wav,WOUVPnja9F4,1,30,60,michael fitzmaurice,Independent Ireland,Roscommon-Galway,Glinsk,Galway,Connacht,WOUVPnja9F4_Deputy Michael Fitzmaurice - Topical Issues - 27.0.wav,parliament,,0.30-1.00,DAIL,/Users/cianan/Documents/College/GitHub/FYP/Data/DailData/roi_audio_processed/WOUVPnja9F4_Deputy Michael Fitzmaurice - Topical Issues - 27.0.wav
/Users/cianan/Documents/College/GitHub/FYP/Data/DailData/roi_audio_processed/Mj5bcPSby0I_Deputy Michael Fitzmaurice - Private Members’ Busi.wav,Mj5bcPSby0I,1,30,60,michael fitzmaurice,Independent Ireland,Roscommon-Galway,Glinsk,Galway,Connacht,Mj5bcPSby0I_Deputy Michael Fitzmaurice - Private Members‚Äô Busi.wav,parliament,,0.30-1.00,DAIL,/Users/cianan/Documents/College/GitHub/FYP/Data/DailData/roi_audio_processed/Mj5bcPSby0I_Deputy Michael Fitzmaurice - Private Members’ Busi.wav
/Users/cianan/Documents/College/GitHub/FYP/Data/DailData/roi_audio_processed/EaFU4qKGyTs_Deputy Michael Fitzmaurice - Private Members’ Busi.wav,EaFU4qKGyTs,1,30,60,michael fitzmaurice,Independent Ireland,Roscommon-Galway,Glinsk,Galway,Connacht,EaFU4qKGyTs_Deputy Michael Fitzmaurice - Private Members‚Äô Busi.wav,parliament,,0.30-1.00,DAIL,/Users/cianan/Documents/College/GitHub/FYP/Data/DailData/roi_audio_processed/EaFU4qKGyTs_Deputy Michael Fitzmaurice - Private Members’ Busi.wav
/Users/cianan/Documents/College/GitHub/FYP/Data/DailData/roi_audio_processed/EsqvoKMzSVY_Deputy Michael Fitzmaurice - Government Business -.wav,EsqvoKMzSVY,1,30,60,michael fitzmaurice,Independent Ireland,Roscommon-Galway,Glinsk,Galway,Connacht,EsqvoKMzSVY_Deputy Michael Fitzmaurice - Government Business -.wav,parliament,,0.30-1.00,DAIL,/Users/cianan/Documents/College/GitHub/FYP/Data/DailData/roi_audio_processed/EsqvoKMzSVY_Deputy Michael Fitzmaurice - Government Business -.wav
/Users/cianan/Documents/College/GitHub/FYP/Data/DailData/roi_audio_processed/Kb3_BnOnTg0_Deputy Michael Fitzmaurice - Government Business -.wav,Kb3_BnOnTg0,1,30,60,michael fitzmaurice,Independent Ireland,Roscommon-Galway,Glinsk,Galway,Connacht,Kb3_BnOnTg0_Deputy Michael Fitzmaurice - Government Business -.wav,parliament,,0.30-1.00,DAIL,/Users/cianan/Documents/College/GitHub/FYP/Data/DailData/roi_audio_processed/Kb3_BnOnTg0_Deputy Michael Fitzmaurice - Government Business -.wav
/Users/cianan/Documents/College/GitHub/FYP/Data/DailData/roi_audio_processed/SmclqneLY9U_Deputy Michael Fitzmaurice - Government Business -.wav,SmclqneLY9U,1,30,60,michael fitzmaurice,Independent Ireland,Roscommon-Galway,Glinsk,Galway,Connacht,SmclqneLY9U_Deputy Michael Fitzmaurice - Government Business -.wav,parliament,,0.30-1.00,DAIL,/Users/cianan/Documents/College/GitHub/FYP/Data/DailData/roi_audio_processed/SmclqneLY9U_Deputy Michael Fitzmaurice - Government Business -.wav
/Users/cianan/Documents/College/GitHub/FYP/Data/DailData/roi_audio_processed/wmEyFrGNTnE_Deputy Michael Fitzmaurice - Private Members’ Busi.wav,wmEyFrGNTnE,1,30,60,michael fitzmaurice,Independent Ireland,Roscommon-Galway,Glinsk,Galway,Connacht,wmEyFrGNTnE_Deputy Michael Fitzmaurice - Private Members‚Äô Busi.wav,parliament,,0.30-1.00,DAIL,/Users/cianan/Documents/College/GitHub/FYP/Data/DailData/roi_audio_processed/wmEyFrGNTnE_Deputy Michael Fitzmaurice - Private Members’ Busi.wav
/Users/cianan/Documents/College/GitHub/FYP/Data/DailData/roi_audio_processed/7g6o1A8IdDY_Deputy Michael Fitzmaurice - Government Business -.wav,7g6o1A8IdDY,1,30,60,michael fitzmaurice,Independent Ireland,Roscommon-Galway,Glinsk,Galway,Connacht,7g6o1A8IdDY_Deputy Michael Fitzmaurice - Government Business -.wav,parliament,,0.30-1.00,DAIL,/Users/cianan/Documents/College/GitHub/FYP/Data/DailData/roi_audio_processed/7g6o1A8IdDY_Deputy Michael Fitzmaurice - Government Business -.wav
/Users/cianan/Documents/College/GitHub/FYP/Data/DailData/roi_audio_processed/sLlTrWMqX20_Deputy Michael Fitzmaurice - Topical Issues - 11 J.wav,sLlTrWMqX20,1,30,60,michael fitzmaurice,Independent Ireland,Roscommon-Galway,Glinsk,Galway,Connacht,sLlTrWMqX20_Deputy Michael Fitzmaurice - Topical Issues - 11 J.wav,parliament,,0.30-1.00,DAIL,/Users/cianan/Documents/College/GitHub/FYP/Data/DailData/roi_audio_processed/sLlTrWMqX20_Deputy Michael Fitzmaurice - Topical Issues - 11 J.wav
/Users/cianan/Documents/College/GitHub/FYP/Data/DailData/roi_audio_processed/sputmbSAAMk_Deputy Michael Fitzmaurice - Government Business -.wav,sputmbSAAMk,1,30,60,michael fitzmaurice,Independent Ireland,Roscommon-Galway,Glinsk,Galway,Connacht,sputmbSAAMk_Deputy Michael Fitzmaurice - Government Business -.wav,parliament,,0.30-1.00,DAIL,/Users/cianan/Documents/College/GitHub/FYP/Data/DailData/roi_audio_processed/sputmbSAAMk_Deputy Michael Fitzmaurice - Government Business -.wav
/Users/cianan/Documents/College/GitHub/FYP/Data/DailData/roi_audio_processed/A3bNw_5k8m8_Deputy Michael Fitzmaurice - Private Members’ Busi.wav,A3bNw_5k8m8,1,30,60,michael fitzmaurice,Independent Ireland,Roscommon-Galway,Glinsk,Galway,Connacht,A3bNw_5k8m8_Deputy Michael Fitzmaurice - Private Members‚Äô Busi.wav,parliament,,0.30-1.00,DAIL,/Users/cianan/Documents/College/GitHub/FYP/Data/DailData/roi_audio_processed/A3bNw_5k8m8_Deputy Michael Fitzmaurice - Private Members’ Busi.wav
/Users/cianan/Documents/College/GitHub/FYP/Data/DailData/roi_audio_processed/k6na-f5pmHI_Deputy Michael Fitzmaurice - Government Business -.wav,k6na-f5pmHI,1,30,60,michael fitzmaurice,Independent Ireland,Roscommon-Galway,Glinsk,Galway,Connacht,k6na-f5pmHI_Deputy Michael Fitzmaurice - Government Business -.wav,parliament,,0.30-1.00,DAIL,/Users/cianan/Documents/College/GitHub/FYP/Data/DailData/roi_audio_processed/k6na-f5pmHI_Deputy Michael Fitzmaurice - Government Business -.wav
/Users/cianan/Documents/College/GitHub/FYP/Data/DailData/roi_audio_processed/aJbrJewNsao_Deputy Michael Fitzmaurice - Order of Business - 1.wav,aJbrJewNsao,1,30,60,michael fitzmaurice,Independent Ireland,Roscommon-Galway,Glinsk,Galway,Connacht,aJbrJewNsao_Deputy Michael Fitzmaurice - Order of Business - 1.wav,parliament,,0.30-1.00,DAIL,/Users/cianan/Documents/College/GitHub/FYP/Data/DailData/roi_audio_processed/aJbrJewNsao_Deputy Michael Fitzmaurice - Order of Business - 1.wav
/Users/cianan/Documents/College/GitHub/FYP/Data/DailData/roi_audio_processed/XXUTdPlsdQE_Deputy Michael Fitzmaurice - Topical Issues - 12.0.wav,XXUTdPlsdQE,1,30,60,michael fitzmaurice,Independent Ireland,Roscommon-Galway,Glinsk,Galway,Connacht,XXUTdPlsdQE_Deputy Michael Fitzmaurice - Topical Issues - 12.0.wav,parliament,,0.30-1.00,DAIL,/Users/cianan/Documents/College/GitHub/FYP/Data/DailData/roi_audio_processed/XXUTdPlsdQE_Deputy Michael Fitzmaurice - Topical Issues - 12.0.wav
/Users/cianan/Documents/College/GitHub/FYP/Data/DailData/roi_audio_processed/tk38N4-3W1M_Deputy Michael Fitzmaurice - Government Business -.wav,tk38N4-3W1M,1,30,60,michael fitzmaurice,Independent Ireland,Roscommon-Galway,Glinsk,Galway,Connacht,tk38N4-3W1M_Deputy Michael Fitzmaurice - Government Business -.wav,parliament,,0.30-1.00,DAIL,/Users/cianan/Documents/College/GitHub/FYP/Data/DailData/roi_audio_processed/tk38N4-3W1M_Deputy Michael Fitzmaurice - Government Business -.wav
/Users/cianan/Documents/College/GitHub/FYP/Data/DailData/roi_audio_processed/ADIPTTiNr3E_Deputy Michael Fitzmaurice - Government Business -.wav,ADIPTTiNr3E,1,30,60,michael fitzmaurice,Independent Ireland,Roscommon-Galway,Glinsk,Galway,Connacht,ADIPTTiNr3E_Deputy Michael Fitzmaurice - Government Business -.wav,parliament,,0.30-1.00,DAIL,/Users/cianan/Documents/College/GitHub/FYP/Data/DailData/roi_audio_processed/ADIPTTiNr3E_Deputy Michael Fitzmaurice - Government Business -.wav
/Users/cianan/Documents/College/GitHub/FYP/Data/DailData/roi_audio_processed/n2ktVAU-s04_Deputy Michael Fitzmaurice - Topical Issues - 11 J.wav,n2ktVAU-s04,1,30,60,michael fitzmaurice,Independent Ireland,Roscommon-Galway,Glinsk,Galway,Connacht,n2ktVAU-s04_Deputy Michael Fitzmaurice - Topical Issues - 11 J.wav,parliament,,0.30-1.00,DAIL,/Users/cianan/Documents/College/GitHub/FYP/Data/DailData/roi_audio_processed/n2ktVAU-s04_Deputy Michael Fitzmaurice - Topical Issues - 11 J.wav
/Users/cianan/Documents/College/GitHub/FYP/Data/DailData/roi_audio_processed/16VxYiVKgwo_Deputy Michael Harty - Private Members’ Business -.wav,16VxYiVKgwo,1,30,60,michael harty,Independent,Clare,Limerick City,Limerick,Munster,16VxYiVKgwo_Deputy Michael Harty - Private Members‚Äô Business -.wav,parliament,,0.30-1.00,DAIL,/Users/cianan/Documents/College/GitHub/FYP/Data/DailData/roi_audio_processed/16VxYiVKgwo_Deputy Michael Harty - Private Members’ Business -.wav
/Users/cianan/Documents/College/GitHub/FYP/Data/DailData/roi_audio_processed/4EfuO9-S0WY_Deputy Michael Harty - Leaders’ Questions - 05.03..wav,4EfuO9-S0WY,1,30,60,michael harty,Independent,Clare,Limerick City,Limerick,Munster,4EfuO9-S0WY_Deputy Michael Harty - Leaders‚Äô Questions - 05.03..wav,parliament,,0.30-1.00,DAIL,/Users/cianan/Documents/College/GitHub/FYP/Data/DailData/roi_audio_processed/4EfuO9-S0WY_Deputy Michael Harty - Leaders’ Questions - 05.03..wav
/Users/cianan/Documents/College/GitHub/FYP/Data/DailData/roi_audio_processed/VuWZjLf6B7w_Deputy Michael Healy-Rae - Private Members’ Busine.wav,VuWZjLf6B7w,1,30,60,michael healy,Independent,Kerry,Kilgarvan,Kerry,Munster,VuWZjLf6B7w_Deputy Michael Healy-Rae - Private Members‚Äô Busine.wav,parliament,,0.30-1.00,DAIL,/Users/cianan/Documents/College/GitHub/FYP/Data/DailData/roi_audio_processed/VuWZjLf6B7w_Deputy Michael Healy-Rae - Private Members’ Busine.wav
/Users/cianan/Documents/College/GitHub/FYP/Data/DailData/roi_audio_processed/uA5oEyFiqc8_Deputy Michael Healy-Rae - Priority Questions - 19.wav,uA5oEyFiqc8,1,30,60,michael healy,Independent,Kerry,Kilgarvan,Kerry,Munster,uA5oEyFiqc8_Deputy Michael Healy-Rae - Priority Questions - 19.wav,parliament,,0.30-1.00,DAIL,/Users/cianan/Documents/College/GitHub/FYP/Data/DailData/roi_audio_processed/uA5oEyFiqc8_Deputy Michael Healy-Rae - Priority Questions - 19.wav
/Users/cianan/Documents/College/GitHub/FYP/Data/DailData/roi_audio_processed/K1WpPCLmBGQ_Deputy Michael Healy-Rae - Private Members’ Busine.wav,K1WpPCLmBGQ,1,30,60,michael healy,Independent,Kerry,Kilgarvan,Kerry,Munster,K1WpPCLmBGQ_Deputy Michael Healy-Rae - Private Members‚Äô Busine.wav,parliament,,0.30-1.00,DAIL,/Users/cianan/Documents/College/GitHub/FYP/Data/DailData/roi_audio_processed/K1WpPCLmBGQ_Deputy Michael Healy-Rae - Private Members’ Busine.wav
/Users/cianan/Documents/College/GitHub/FYP/Data/DailData/roi_audio_processed/qpIIFaklb4s_Deputy Michael Healy-Rae - Topical Issues - 17 Sep.wav,qpIIFaklb4s,1,30,60,michael healy,Independent,Kerry,Kilgarvan,Kerry,Munster,qpIIFaklb4s_Deputy Michael Healy-Rae - Topical Issues - 17 Sep.wav,parliament,,0.30-1.00,DAIL,/Users/cianan/Documents/College/GitHub/FYP/Data/DailData/roi_audio_processed/qpIIFaklb4s_Deputy Michael Healy-Rae - Topical Issues - 17 Sep.wav
/Users/cianan/Documents/College/GitHub/FYP/Data/DailData/roi_audio_processed/eAOce92B5f8_Deputy Michael Lowry - Expressions of Sympathy - 2.wav,eAOce92B5f8,1,30,60,michael lowry,Independent,Tipperary,Thurles,Tipperary,Munster,eAOce92B5f8_Deputy Michael Lowry - Expressions of Sympathy - 2.wav,parliament,,0.30-1.00,DAIL,/Users/cianan/Documents/College/GitHub/FYP/Data/DailData/roi_audio_processed/eAOce92B5f8_Deputy Michael Lowry - Expressions of Sympathy - 2.wav
/Users/cianan/Documents/College/GitHub/FYP/Data/DailData/roi_audio_processed/h3AzJGtFOzE_Senator Michael McDowell - speech from 9 May 2019.wav,h3AzJGtFOzE,1,30,60,michael mcdowell,Progressive Democrats,,Dublin City,Dublin City Centre,Leinster,h3AzJGtFOzE_Senator Michael McDowell - speech from 9 May 2019.wav,parliament,,0.30-1.00,DAIL,/Users/cianan/Documents/College/GitHub/FYP/Data/DailData/roi_audio_processed/h3AzJGtFOzE_Senator Michael McDowell - speech from 9 May 2019.wav
/Users/cianan/Documents/College/GitHub/FYP/Data/DailData/roi_audio_processed/WwC3mC5LUUA_Michael McDowell - speech from  18 Apr 2019.wav,WwC3mC5LUUA,1,30,60,michael mcdowell,Progressive Democrats,,Dublin City,Dublin City Centre,Leinster,WwC3mC5LUUA_Michael McDowell - speech from  18 Apr 2019.wav,parliament,,0.30-1.00,DAIL,/Users/cianan/Documents/College/GitHub/FYP/Data/DailData/roi_audio_processed/WwC3mC5LUUA_Michael McDowell - speech from  18 Apr 2019.wav
/Users/cianan/Documents/College/GitHub/FYP/Data/DailData/roi_audio_processed/u2WcXeQ7xJg_Michael McDowell - speech from  10 Apr 2019.wav,u2WcXeQ7xJg,1,30,60,michael mcdowell,Progressive Democrats,,Dublin City,Dublin City Centre,Leinster,u2WcXeQ7xJg_Michael McDowell - speech from  10 Apr 2019.wav,parliament,,0.30-1.00,DAIL,/Users/cianan/Documents/College/GitHub/FYP/Data/DailData/roi_audio_processed/u2WcXeQ7xJg_Michael McDowell - speech from  10 Apr 2019.wav
/Users/cianan/Documents/College/GitHub/FYP/Data/DailData/roi_audio_processed/IGq_qZdOiZg_Michael McDowell - speech from  10 Apr 2019.wav,IGq_qZdOiZg,1,30,60,michael mcdowell,Progressive Democrats,,Dublin City,Dublin City Centre,Leinster,IGq_qZdOiZg_Michael McDowell - speech from  10 Apr 2019.wav,parliament,,0.30-1.00,DAIL,/Users/cianan/Documents/College/GitHub/FYP/Data/DailData/roi_audio_processed/IGq_qZdOiZg_Michael McDowell - speech from  10 Apr 2019.wav
/Users/cianan/Documents/College/GitHub/FYP/Data/DailData/roi_audio_processed/jRAIUBkOfTg_Michael McDowell - speech from  17 Apr 2019.wav,jRAIUBkOfTg,1,30,60,michael mcdowell,Progressive Democrats,,Dublin City,Dublin City Centre,Leinster,jRAIUBkOfTg_Michael McDowell - speech from  17 Apr 2019.wav,parliament,,0.30-1.00,DAIL,/Users/cianan/Documents/College/GitHub/FYP/Data/DailData/roi_audio_processed/jRAIUBkOfTg_Michael McDowell - speech from  17 Apr 2019.wav
/Users/cianan/Documents/College/GitHub/FYP/Data/DailData/roi_audio_processed/U9ry-jqs9vY_Senator Michael McDowell - speech from 9 May 2019.wav,U9ry-jqs9vY,1,30,60,michael mcdowell,Progressive Democrats,,Dublin City,Dublin City Centre,Leinster,U9ry-jqs9vY_Senator Michael McDowell - speech from 9 May 2019.wav,parliament,,0.30-1.00,DAIL,/Users/cianan/Documents/College/GitHub/FYP/Data/DailData/roi_audio_processed/U9ry-jqs9vY_Senator Michael McDowell - speech from 9 May 2019.wav
/Users/cianan/Documents/College/GitHub/FYP/Data/DailData/roi_audio_processed/dwVLI-rletM_Michael McDowell - speech from  17 Apr 2019.wav,dwVLI-rletM,1,30,60,michael mcdowell,Progressive Democrats,,Dublin City,Dublin City Centre,Leinster,dwVLI-rletM_Michael McDowell - speech from  17 Apr 2019.wav,parliament,,0.30-1.00,DAIL,/Users/cianan/Documents/College/GitHub/FYP/Data/DailData/roi_audio_processed/dwVLI-rletM_Michael McDowell - speech from  17 Apr 2019.wav
/Users/cianan/Documents/College/GitHub/FYP/Data/DailData/roi_audio_processed/gxf79BspDGE_Senator Michael McDowell - speech from 24 Sep 2019.wav,gxf79BspDGE,1,30,60,michael mcdowell,Progressive Democrats,,Dublin City,Dublin City Centre,Leinster,gxf79BspDGE_Senator Michael McDowell - speech from 24 Sep 2019.wav,parliament,,0.30-1.00,DAIL,/Users/cianan/Documents/College/GitHub/FYP/Data/DailData/roi_audio_processed/gxf79BspDGE_Senator Michael McDowell - speech from 24 Sep 2019.wav
/Users/cianan/Documents/College/GitHub/FYP/Data/DailData/roi_audio_processed/0HofLm5ph_w_Michael McDowell - speech from  09 Apr 2019.wav,0HofLm5ph_w,1,30,60,michael mcdowell,Progressive Democrats,,Dublin City,Dublin City Centre,Leinster,0HofLm5ph_w_Michael McDowell - speech from  09 Apr 2019.wav,parliament,,0.30-1.00,DAIL,/Users/cianan/Documents/College/GitHub/FYP/Data/DailData/roi_audio_processed/0HofLm5ph_w_Michael McDowell - speech from  09 Apr 2019.wav
/Users/cianan/Documents/College/GitHub/FYP/Data/DailData/roi_audio_processed/OhsEQnnQ8ps_Senator Michael McDowell - speech from 9 May 2019.wav,OhsEQnnQ8ps,1,30,60,michael mcdowell,Progressive Democrats,,Dublin City,Dublin City Centre,Leinster,OhsEQnnQ8ps_Senator Michael McDowell - speech from 9 May 2019.wav,parliament,,0.30-1.00,DAIL,/Users/cianan/Documents/College/GitHub/FYP/Data/DailData/roi_audio_processed/OhsEQnnQ8ps_Senator Michael McDowell - speech from 9 May 2019.wav
/Users/cianan/Documents/College/GitHub/FYP/Data/DailData/roi_audio_processed/A-rWph-D_U8_Senator Michael McDowell - speech from 21 May 2019.wav,A-rWph-D_U8,1,30,60,michael mcdowell,Progressive Democrats,,Dublin City,Dublin City Centre,Leinster,A-rWph-D_U8_Senator Michael McDowell - speech from 21 May 2019.wav,parliament,,0.30-1.00,DAIL,/Users/cianan/Documents/College/GitHub/FYP/Data/DailData/roi_audio_processed/A-rWph-D_U8_Senator Michael McDowell - speech from 21 May 2019.wav
/Users/cianan/Documents/College/GitHub/FYP/Data/DailData/roi_audio_processed/K8XgVB9GQO4_Michael McDowell - speech from  17 Apr 2019.wav,K8XgVB9GQO4,1,30,60,michael mcdowell,Progressive Democrats,,Dublin City,Dublin City Centre,Leinster,K8XgVB9GQO4_Michael McDowell - speech from  17 Apr 2019.wav,parliament,,0.30-1.00,DAIL,/Users/cianan/Documents/College/GitHub/FYP/Data/DailData/roi_audio_processed/K8XgVB9GQO4_Michael McDowell - speech from  17 Apr 2019.wav
/Users/cianan/Documents/College/GitHub/FYP/Data/DailData/roi_audio_processed/DzpyPGor3Y4_Michael McDowell - speech from  10 Apr 2019.wav,DzpyPGor3Y4,1,30,60,michael mcdowell,Progressive Democrats,,Dublin City,Dublin City Centre,Leinster,DzpyPGor3Y4_Michael McDowell - speech from  10 Apr 2019.wav,parliament,,0.30-1.00,DAIL,/Users/cianan/Documents/College/GitHub/FYP/Data/DailData/roi_audio_processed/DzpyPGor3Y4_Michael McDowell - speech from  10 Apr 2019.wav
/Users/cianan/Documents/College/GitHub/FYP/Data/DailData/roi_audio_processed/yi_utE_FetE_Michael McDowell - speech from  17 Apr 2019.wav,yi_utE_FetE,1,30,60,michael mcdowell,Progressive Democrats,,Dublin City,Dublin City Centre,Leinster,yi_utE_FetE_Michael McDowell - speech from  17 Apr 2019.wav,parliament,,0.30-1.00,DAIL,/Users/cianan/Documents/College/GitHub/FYP/Data/DailData/roi_audio_processed/yi_utE_FetE_Michael McDowell - speech from  17 Apr 2019.wav
/Users/cianan/Documents/College/GitHub/FYP/Data/DailData/roi_audio_processed/_M2MhvvNiyo_Senator Michael McDowell - speech from - 14 May 20.wav,_M2MhvvNiyo,1,30,60,michael mcdowell,Progressive Democrats,,Dublin City,Dublin City Centre,Leinster,_M2MhvvNiyo_Senator Michael McDowell - speech from - 14 May 20.wav,parliament,,0.30-1.00,DAIL,/Users/cianan/Documents/College/GitHub/FYP/Data/DailData/roi_audio_processed/_M2MhvvNiyo_Senator Michael McDowell - speech from - 14 May 20.wav
/Users/cianan/Documents/College/GitHub/FYP/Data/DailData/roi_audio_processed/7rhvxc5zXO4_Michael McDowell - speech from  17 Apr 2019.wav,7rhvxc5zXO4,1,30,60,michael mcdowell,Progressive Democrats,,Dublin City,Dublin City Centre,Leinster,7rhvxc5zXO4_Michael McDowell - speech from  17 Apr 2019.wav,parliament,,0.30-1.00,DAIL,/Users/cianan/Documents/College/GitHub/FYP/Data/DailData/roi_audio_processed/7rhvxc5zXO4_Michael McDowell - speech from  17 Apr 2019.wav
/Users/cianan/Documents/College/GitHub/FYP/Data/DailData/roi_audio_processed/2enPFMgX3Sg_Senator Michael McDowell - speech from 11 Jun 2019.wav,2enPFMgX3Sg,1,30,60,michael mcdowell,Progressive Democrats,,Dublin City,Dublin City Centre,Leinster,2enPFMgX3Sg_Senator Michael McDowell - speech from 11 Jun 2019.wav,parliament,,0.30-1.00,DAIL,/Users/cianan/Documents/College/GitHub/FYP/Data/DailData/roi_audio_processed/2enPFMgX3Sg_Senator Michael McDowell - speech from 11 Jun 2019.wav
/Users/cianan/Documents/College/GitHub/FYP/Data/DailData/roi_audio_processed/FEGHge6y2DQ_Senator Michael McDowell - speech from 28 May 2019.wav,FEGHge6y2DQ,1,30,60,michael mcdowell,Progressive Democrats,,Dublin City,Dublin City Centre,Leinster,FEGHge6y2DQ_Senator Michael McDowell - speech from 28 May 2019.wav,parliament,,0.30-1.00,DAIL,/Users/cianan/Documents/College/GitHub/FYP/Data/DailData/roi_audio_processed/FEGHge6y2DQ_Senator Michael McDowell - speech from 28 May 2019.wav
/Users/cianan/Documents/College/GitHub/FYP/Data/DailData/roi_audio_processed/fxr24mV2LQg_Deputy Michael McGrath - Topical Issues - 10.04.20.wav,fxr24mV2LQg,1,30,60,michael mcgrath,Fianna Fail,Cork South-Central,Cork City,Cork,Munster,fxr24mV2LQg_Deputy Michael McGrath - Topical Issues - 10.04.20.wav,parliament,,0.30-1.00,DAIL,/Users/cianan/Documents/College/GitHub/FYP/Data/DailData/roi_audio_processed/fxr24mV2LQg_Deputy Michael McGrath - Topical Issues - 10.04.20.wav
/Users/cianan/Documents/College/GitHub/FYP/Data/DailData/roi_audio_processed/QO38OjKV5fg_Deputy Michael McGrath - Priority Questions - 05.0.wav,QO38OjKV5fg,1,30,60,michael mcgrath,Fianna Fail,Cork South-Central,Cork City,Cork,Munster,QO38OjKV5fg_Deputy Michael McGrath - Priority Questions - 05.0.wav,parliament,,0.30-1.00,DAIL,/Users/cianan/Documents/College/GitHub/FYP/Data/DailData/roi_audio_processed/QO38OjKV5fg_Deputy Michael McGrath - Priority Questions - 05.0.wav
/Users/cianan/Documents/College/GitHub/FYP/Data/DailData/roi_audio_processed/fPcRIZ1sPvU_Deputy Michael McGrath - Government Business - 18 .wav,fPcRIZ1sPvU,1,30,60,michael mcgrath,Fianna Fail,Cork South-Central,Cork City,Cork,Munster,fPcRIZ1sPvU_Deputy Michael McGrath - Government Business - 18 .wav,parliament,,0.30-1.00,DAIL,/Users/cianan/Documents/College/GitHub/FYP/Data/DailData/roi_audio_processed/fPcRIZ1sPvU_Deputy Michael McGrath - Government Business - 18 .wav
/Users/cianan/Documents/College/GitHub/FYP/Data/DailData/roi_audio_processed/0RPPSWMm04E_Deputy Michael McGrath - Priority Questions - 19 J.wav,0RPPSWMm04E,1,30,60,michael mcgrath,Fianna Fail,Cork South-Central,Cork City,Cork,Munster,0RPPSWMm04E_Deputy Michael McGrath - Priority Questions - 19 J.wav,parliament,,0.30-1.00,DAIL,/Users/cianan/Documents/College/GitHub/FYP/Data/DailData/roi_audio_processed/0RPPSWMm04E_Deputy Michael McGrath - Priority Questions - 19 J.wav
/Users/cianan/Documents/College/GitHub/FYP/Data/DailData/roi_audio_processed/XJcemFh4pVk_Deputy Michael McGrath - Government Business - 14 .wav,XJcemFh4pVk,1,30,60,michael mcgrath,Fianna Fail,Cork South-Central,Cork City,Cork,Munster,XJcemFh4pVk_Deputy Michael McGrath - Government Business - 14 .wav,parliament,,0.30-1.00,DAIL,/Users/cianan/Documents/College/GitHub/FYP/Data/DailData/roi_audio_processed/XJcemFh4pVk_Deputy Michael McGrath - Government Business - 14 .wav
/Users/cianan/Documents/College/GitHub/FYP/Data/DailData/roi_audio_processed/Lpvnh_pBiu4_Deputy Michael Moynihan - Other Questions - 07.03..wav,Lpvnh_pBiu4,1,30,60,michael moynihan,Fianna Fail,Cork North-West,Kiskeam,Cork,Munster,Lpvnh_pBiu4_Deputy Michael Moynihan - Other Questions - 07.03..wav,parliament,,0.30-1.00,DAIL,/Users/cianan/Documents/College/GitHub/FYP/Data/DailData/roi_audio_processed/Lpvnh_pBiu4_Deputy Michael Moynihan - Other Questions - 07.03..wav
/Users/cianan/Documents/College/GitHub/FYP/Data/DailData/roi_audio_processed/3DOiPTgcYyE_Deputy Michael Moynihan - Questions on Promised Le.wav,3DOiPTgcYyE,1,30,60,michael moynihan,Fianna Fail,Cork North-West,Kiskeam,Cork,Munster,3DOiPTgcYyE_Deputy Michael Moynihan - Questions on Promised Le.wav,parliament,,0.30-1.00,DAIL,/Users/cianan/Documents/College/GitHub/FYP/Data/DailData/roi_audio_processed/3DOiPTgcYyE_Deputy Michael Moynihan - Questions on Promised Le.wav
/Users/cianan/Documents/College/GitHub/FYP/Data/DailData/roi_audio_processed/i7zI8FLEnBg_Deputy Michael Moynihan - Private Members’ Busines.wav,i7zI8FLEnBg,1,30,60,michael moynihan,Fianna Fail,Cork North-West,Kiskeam,Cork,Munster,i7zI8FLEnBg_Deputy Michael Moynihan - Private Members‚Äô Busines.wav,parliament,,0.30-1.00,DAIL,/Users/cianan/Documents/College/GitHub/FYP/Data/DailData/roi_audio_processed/i7zI8FLEnBg_Deputy Michael Moynihan - Private Members’ Busines.wav
/Users/cianan/Documents/College/GitHub/FYP/Data/DailData/roi_audio_processed/WNfrJv1tug8_Deputy Micheál Martin - Leaders’ Questions - 17 Se.wav,WNfrJv1tug8,1,30,60,micheal martin,Fianna Fail,Cork South-Central,Cork City,Cork,Munster,WNfrJv1tug8_Deputy Miche√°l Martin - Leaders‚Äô Questions - 17 Se.wav,parliament,,0.30-1.00,DAIL,/Users/cianan/Documents/College/GitHub/FYP/Data/DailData/roi_audio_processed/WNfrJv1tug8_Deputy Micheál Martin - Leaders’ Questions - 17 Se.wav
/Users/cianan/Documents/College/GitHub/FYP/Data/DailData/roi_audio_processed/igAyI6C91Gw_Deputy Micheál Martin - Leaders’ Questions - 05.03.wav,igAyI6C91Gw,1,30,60,micheal martin,Fianna Fail,Cork South-Central,Cork City,Cork,Munster,igAyI6C91Gw_Deputy Miche√°l Martin - Leaders‚Äô Questions - 05.03.wav,parliament,,0.30-1.00,DAIL,/Users/cianan/Documents/College/GitHub/FYP/Data/DailData/roi_audio_processed/igAyI6C91Gw_Deputy Micheál Martin - Leaders’ Questions - 05.03.wav
/Users/cianan/Documents/College/GitHub/FYP/Data/DailData/roi_audio_processed/au72Cc9RCOw_Deputy Micheál Martin - Leaders’ Questions - 14 Ma.wav,au72Cc9RCOw,1,30,60,micheal martin,Fianna Fail,Cork South-Central,Cork City,Cork,Munster,au72Cc9RCOw_Deputy Miche√°l Martin - Leaders‚Äô Questions - 14 Ma.wav,parliament,,0.30-1.00,DAIL,/Users/cianan/Documents/College/GitHub/FYP/Data/DailData/roi_audio_processed/au72Cc9RCOw_Deputy Micheál Martin - Leaders’ Questions - 14 Ma.wav
/Users/cianan/Documents/College/GitHub/FYP/Data/DailData/roi_audio_processed/_a2srYgXOl8_Deputy Micheál Martin - Leaders’ Questions - 19 Ju.wav,_a2srYgXOl8,1,30,60,micheal martin,Fianna Fail,Cork South-Central,Cork City,Cork,Munster,_a2srYgXOl8_Deputy Miche√°l Martin - Leaders‚Äô Questions - 19 Ju.wav,parliament,,0.30-1.00,DAIL,/Users/cianan/Documents/College/GitHub/FYP/Data/DailData/roi_audio_processed/_a2srYgXOl8_Deputy Micheál Martin - Leaders’ Questions - 19 Ju.wav
/Users/cianan/Documents/College/GitHub/FYP/Data/DailData/roi_audio_processed/j6oYmcdLqgM_Senator Michelle Mulherin - Order of Business - 8 .wav,j6oYmcdLqgM,1,30,60,michelle mulherin,Fine Gael,Mayo,Ballina,Mayo,Connacht,j6oYmcdLqgM_Senator Michelle Mulherin - Order of Business - 8 .wav,parliament,,0.30-1.00,DAIL,/Users/cianan/Documents/College/GitHub/FYP/Data/DailData/roi_audio_processed/j6oYmcdLqgM_Senator Michelle Mulherin - Order of Business - 8 .wav
/Users/cianan/Documents/College/GitHub/FYP/Data/DailData/roi_audio_processed/g8o_RQ3JmVA_Senator Michelle Mulherin - speech from 25 Sep 201.wav,g8o_RQ3JmVA,1,30,60,michelle mulherin,Fine Gael,Mayo,Ballina,Mayo,Connacht,g8o_RQ3JmVA_Senator Michelle Mulherin - speech from 25 Sep 201.wav,parliament,,0.30-1.00,DAIL,/Users/cianan/Documents/College/GitHub/FYP/Data/DailData/roi_audio_processed/g8o_RQ3JmVA_Senator Michelle Mulherin - speech from 25 Sep 201.wav
/Users/cianan/Documents/College/GitHub/FYP/Data/DailData/roi_audio_processed/2hYD-yru6Ms_Senator Michelle Mulherin - speech from 21 May 201.wav,2hYD-yru6Ms,1,30,60,michelle mulherin,Fine Gael,Mayo,Ballina,Mayo,Connacht,2hYD-yru6Ms_Senator Michelle Mulherin - speech from 21 May 201.wav,parliament,,0.30-1.00,DAIL,/Users/cianan/Documents/College/GitHub/FYP/Data/DailData/roi_audio_processed/2hYD-yru6Ms_Senator Michelle Mulherin - speech from 21 May 201.wav
/Users/cianan/Documents/College/GitHub/FYP/Data/DailData/roi_audio_processed/BxrGlVtJv14_Michelle Mulherin - speech from  18 Apr 2019.wav,BxrGlVtJv14,1,30,60,michelle mulherin,Fine Gael,Mayo,Ballina,Mayo,Connacht,BxrGlVtJv14_Michelle Mulherin - speech from  18 Apr 2019.wav,parliament,,0.30-1.00,DAIL,/Users/cianan/Documents/College/GitHub/FYP/Data/DailData/roi_audio_processed/BxrGlVtJv14_Michelle Mulherin - speech from  18 Apr 2019.wav
/Users/cianan/Documents/College/GitHub/FYP/Data/DailData/roi_audio_processed/6Qn5as1WUc4_Senator Michelle Mulherin - Order of Business - 15.wav,6Qn5as1WUc4,1,30,60,michelle mulherin,Fine Gael,Mayo,Ballina,Mayo,Connacht,6Qn5as1WUc4_Senator Michelle Mulherin - Order of Business - 15.wav,parliament,,0.30-1.00,DAIL,/Users/cianan/Documents/College/GitHub/FYP/Data/DailData/roi_audio_processed/6Qn5as1WUc4_Senator Michelle Mulherin - Order of Business - 15.wav
/Users/cianan/Documents/College/GitHub/FYP/Data/DailData/roi_audio_processed/7o1zmu4zYWg_Michelle Mulherin - speech from  10 Apr 2019.wav,7o1zmu4zYWg,1,30,60,michelle mulherin,Fine Gael,Mayo,Ballina,Mayo,Connacht,7o1zmu4zYWg_Michelle Mulherin - speech from  10 Apr 2019.wav,parliament,,0.30-1.00,DAIL,/Users/cianan/Documents/College/GitHub/FYP/Data/DailData/roi_audio_processed/7o1zmu4zYWg_Michelle Mulherin - speech from  10 Apr 2019.wav
/Users/cianan/Documents/College/GitHub/FYP/Data/DailData/roi_audio_processed/2g2mvvCyi_0_Senator Michelle Mulherin - speech from 26 Jun 201.wav,2g2mvvCyi_0,1,30,60,michelle mulherin,Fine Gael,Mayo,Ballina,Mayo,Connacht,2g2mvvCyi_0_Senator Michelle Mulherin - speech from 26 Jun 201.wav,parliament,,0.30-1.00,DAIL,/Users/cianan/Documents/College/GitHub/FYP/Data/DailData/roi_audio_processed/2g2mvvCyi_0_Senator Michelle Mulherin - speech from 26 Jun 201.wav
/Users/cianan/Documents/College/GitHub/FYP/Data/DailData/roi_audio_processed/Xv2KBo_ZfqA_Senator Michelle Mulherin - speech from 28 May 201.wav,Xv2KBo_ZfqA,1,30,60,michelle mulherin,Fine Gael,Mayo,Ballina,Mayo,Connacht,Xv2KBo_ZfqA_Senator Michelle Mulherin - speech from 28 May 201.wav,parliament,,0.30-1.00,DAIL,/Users/cianan/Documents/College/GitHub/FYP/Data/DailData/roi_audio_processed/Xv2KBo_ZfqA_Senator Michelle Mulherin - speech from 28 May 201.wav
/Users/cianan/Documents/College/GitHub/FYP/Data/DailData/roi_audio_processed/x8Hrih3B6ag_Senator Michelle Mulherin - speech from 11 Jun 201.wav,x8Hrih3B6ag,1,30,60,michelle mulherin,Fine Gael,Mayo,Ballina,Mayo,Connacht,x8Hrih3B6ag_Senator Michelle Mulherin - speech from 11 Jun 201.wav,parliament,,0.30-1.00,DAIL,/Users/cianan/Documents/College/GitHub/FYP/Data/DailData/roi_audio_processed/x8Hrih3B6ag_Senator Michelle Mulherin - speech from 11 Jun 201.wav
/Users/cianan/Documents/College/GitHub/FYP/Data/DailData/roi_audio_processed/jO7uo3GAXCk_Michelle Mulherin - speech from  17 Apr 2019.wav,jO7uo3GAXCk,1,30,60,michelle mulherin,Fine Gael,Mayo,Ballina,Mayo,Connacht,jO7uo3GAXCk_Michelle Mulherin - speech from  17 Apr 2019.wav,parliament,,0.30-1.00,DAIL,/Users/cianan/Documents/College/GitHub/FYP/Data/DailData/roi_audio_processed/jO7uo3GAXCk_Michelle Mulherin - speech from  17 Apr 2019.wav
/Users/cianan/Documents/College/GitHub/FYP/Data/DailData/roi_audio_processed/7bKbpbZ2T7I_Deputy Mick Barry - Private Members’ Business - 12.wav,7bKbpbZ2T7I,1,30,60,mick barry,PBP-Solidarity,Cork North-Central,Rathfarnam,Dublin South,Leinster,7bKbpbZ2T7I_Deputy Mick Barry - Private Members‚Äô Business - 12.wav,parliament,Born in Ohio,0.30-1.00,DAIL,/Users/cianan/Documents/College/GitHub/FYP/Data/DailData/roi_audio_processed/7bKbpbZ2T7I_Deputy Mick Barry - Private Members’ Business - 12.wav
/Users/cianan/Documents/College/GitHub/FYP/Data/DailData/roi_audio_processed/__3ICC7-lwI_Deputy Mick Barry - Order of Business - 19 Jun 201.wav,__3ICC7-lwI,1,30,60,mick barry,PBP-Solidarity,Cork North-Central,Rathfarnam,Dublin South,Leinster,__3ICC7-lwI_Deputy Mick Barry - Order of Business - 19 Jun 201.wav,parliament,Born in Ohio,0.30-1.00,DAIL,/Users/cianan/Documents/College/GitHub/FYP/Data/DailData/roi_audio_processed/__3ICC7-lwI_Deputy Mick Barry - Order of Business - 19 Jun 201.wav
/Users/cianan/Documents/College/GitHub/FYP/Data/DailData/roi_audio_processed/_BQdENYAFD8_Deputy Mick Barry - Government Business - 17 Sep 2.wav,_BQdENYAFD8,1,30,60,mick barry,PBP-Solidarity,Cork North-Central,Rathfarnam,Dublin South,Leinster,_BQdENYAFD8_Deputy Mick Barry - Government Business - 17 Sep 2.wav,parliament,Born in Ohio,0.30-1.00,DAIL,/Users/cianan/Documents/College/GitHub/FYP/Data/DailData/roi_audio_processed/_BQdENYAFD8_Deputy Mick Barry - Government Business - 17 Sep 2.wav
/Users/cianan/Documents/College/GitHub/FYP/Data/DailData/roi_audio_processed/_4FCd-dw8Rk_Deputy Mick Barry - Private Members’ Business - 14.wav,_4FCd-dw8Rk,1,30,60,mick barry,PBP-Solidarity,Cork North-Central,Rathfarnam,Dublin South,Leinster,_4FCd-dw8Rk_Deputy Mick Barry - Private Members‚Äô Business - 14.wav,parliament,Born in Ohio,0.30-1.00,DAIL,/Users/cianan/Documents/College/GitHub/FYP/Data/DailData/roi_audio_processed/_4FCd-dw8Rk_Deputy Mick Barry - Private Members’ Business - 14.wav
/Users/cianan/Documents/College/GitHub/FYP/Data/DailData/roi_audio_processed/Z0iGJ4_BMqA_Deputy Mick Wallace - Government Business - 27 Jun.wav,Z0iGJ4_BMqA,1,30,60,mick wallace,Independents 4 Change,Wexford,Wellingtonbridge,Wexford,Leinster,Z0iGJ4_BMqA_Deputy Mick Wallace - Government Business - 27 Jun.wav,parliament,,0.30-1.00,DAIL,/Users/cianan/Documents/College/GitHub/FYP/Data/DailData/roi_audio_processed/Z0iGJ4_BMqA_Deputy Mick Wallace - Government Business - 27 Jun.wav
/Users/cianan/Documents/College/GitHub/FYP/Data/DailData/roi_audio_processed/C9e6RVUjSnM_Deputy Mick Wallace - Government Business - 11.04..wav,C9e6RVUjSnM,1,30,60,mick wallace,Independents 4 Change,Wexford,Wellingtonbridge,Wexford,Leinster,C9e6RVUjSnM_Deputy Mick Wallace - Government Business - 11.04..wav,parliament,,0.30-1.00,DAIL,/Users/cianan/Documents/College/GitHub/FYP/Data/DailData/roi_audio_processed/C9e6RVUjSnM_Deputy Mick Wallace - Government Business - 11.04..wav
/Users/cianan/Documents/College/GitHub/FYP/Data/DailData/roi_audio_processed/hwS_mE0KCrg_Deputy Mick Wallace - Private Members’ Business - .wav,hwS_mE0KCrg,1,30,60,mick wallace,Independents 4 Change,Wexford,Wellingtonbridge,Wexford,Leinster,hwS_mE0KCrg_Deputy Mick Wallace - Private Members‚Äô Business - .wav,parliament,,0.30-1.00,DAIL,/Users/cianan/Documents/College/GitHub/FYP/Data/DailData/roi_audio_processed/hwS_mE0KCrg_Deputy Mick Wallace - Private Members’ Business - .wav
/Users/cianan/Documents/College/GitHub/FYP/Data/DailData/roi_audio_processed/bbTn7GI6LWQ_Deputy Mick Wallace - Government Business - 27.03..wav,bbTn7GI6LWQ,1,30,60,mick wallace,Independents 4 Change,Wexford,Wellingtonbridge,Wexford,Leinster,bbTn7GI6LWQ_Deputy Mick Wallace - Government Business - 27.03..wav,parliament,,0.30-1.00,DAIL,/Users/cianan/Documents/College/GitHub/FYP/Data/DailData/roi_audio_processed/bbTn7GI6LWQ_Deputy Mick Wallace - Government Business - 27.03..wav
/Users/cianan/Documents/College/GitHub/FYP/Data/DailData/roi_audio_processed/c3XR4qe5Qas_Deputy Mick Wallace - Priority Questions - 18.04.2.wav,c3XR4qe5Qas,1,30,60,mick wallace,Independents 4 Change,Wexford,Wellingtonbridge,Wexford,Leinster,c3XR4qe5Qas_Deputy Mick Wallace - Priority Questions - 18.04.2.wav,parliament,,0.30-1.00,DAIL,/Users/cianan/Documents/College/GitHub/FYP/Data/DailData/roi_audio_processed/c3XR4qe5Qas_Deputy Mick Wallace - Priority Questions - 18.04.2.wav
/Users/cianan/Documents/College/GitHub/FYP/Data/DailData/roi_audio_processed/YLC_wODxciQ_Deputy Mick Wallace - Other Questions - 16.04.2019.wav,YLC_wODxciQ,1,30,60,mick wallace,Independents 4 Change,Wexford,Wellingtonbridge,Wexford,Leinster,YLC_wODxciQ_Deputy Mick Wallace - Other Questions - 16.04.2019.wav,parliament,,0.30-1.00,DAIL,/Users/cianan/Documents/College/GitHub/FYP/Data/DailData/roi_audio_processed/YLC_wODxciQ_Deputy Mick Wallace - Other Questions - 16.04.2019.wav
/Users/cianan/Documents/College/GitHub/FYP/Data/DailData/roi_audio_processed/pIk4LdWo50Q_Deputy Mick Wallace - Other Questions - 13 Jun 201.wav,pIk4LdWo50Q,1,30,60,mick wallace,Independents 4 Change,Wexford,Wellingtonbridge,Wexford,Leinster,pIk4LdWo50Q_Deputy Mick Wallace - Other Questions - 13 Jun 201.wav,parliament,,0.30-1.00,DAIL,/Users/cianan/Documents/College/GitHub/FYP/Data/DailData/roi_audio_processed/pIk4LdWo50Q_Deputy Mick Wallace - Other Questions - 13 Jun 201.wav
/Users/cianan/Documents/College/GitHub/FYP/Data/DailData/roi_audio_processed/xXXWIoB6A84_Deputy Mick Wallace - Government Business - 12 Jun.wav,xXXWIoB6A84,1,30,60,mick wallace,Independents 4 Change,Wexford,Wellingtonbridge,Wexford,Leinster,xXXWIoB6A84_Deputy Mick Wallace - Government Business - 12 Jun.wav,parliament,,0.30-1.00,DAIL,/Users/cianan/Documents/College/GitHub/FYP/Data/DailData/roi_audio_processed/xXXWIoB6A84_Deputy Mick Wallace - Government Business - 12 Jun.wav
/Users/cianan/Documents/College/GitHub/FYP/Data/DailData/roi_audio_processed/Zpx9ePhKjuo_Deputy Mick Wallace - Other Questions - 26.03.2019.wav,Zpx9ePhKjuo,1,30,60,mick wallace,Independents 4 Change,Wexford,Wellingtonbridge,Wexford,Leinster,Zpx9ePhKjuo_Deputy Mick Wallace - Other Questions - 26.03.2019.wav,parliament,,0.30-1.00,DAIL,/Users/cianan/Documents/College/GitHub/FYP/Data/DailData/roi_audio_processed/Zpx9ePhKjuo_Deputy Mick Wallace - Other Questions - 26.03.2019.wav
/Users/cianan/Documents/College/GitHub/FYP/Data/DailData/roi_audio_processed/5zRR9wLswcI_Deputy Mick Wallace - Private Members’ Business - .wav,5zRR9wLswcI,1,30,60,mick wallace,Independents 4 Change,Wexford,Wellingtonbridge,Wexford,Leinster,5zRR9wLswcI_Deputy Mick Wallace - Private Members‚Äô Business - .wav,parliament,,0.30-1.00,DAIL,/Users/cianan/Documents/College/GitHub/FYP/Data/DailData/roi_audio_processed/5zRR9wLswcI_Deputy Mick Wallace - Private Members’ Business - .wav
/Users/cianan/Documents/College/GitHub/FYP/Data/DailData/roi_audio_processed/f8W71BWfgcw_Deputy Mick Wallace - Other Questions - 11 Jun 201.wav,f8W71BWfgcw,1,30,60,mick wallace,Independents 4 Change,Wexford,Wellingtonbridge,Wexford,Leinster,f8W71BWfgcw_Deputy Mick Wallace - Other Questions - 11 Jun 201.wav,parliament,,0.30-1.00,DAIL,/Users/cianan/Documents/College/GitHub/FYP/Data/DailData/roi_audio_processed/f8W71BWfgcw_Deputy Mick Wallace - Other Questions - 11 Jun 201.wav
/Users/cianan/Documents/College/GitHub/FYP/Data/DailData/roi_audio_processed/NqrZPBqmflA_Deputy Mick Wallace - Government Business - 17.04..wav,NqrZPBqmflA,1,30,60,mick wallace,Independents 4 Change,Wexford,Wellingtonbridge,Wexford,Leinster,NqrZPBqmflA_Deputy Mick Wallace - Government Business - 17.04..wav,parliament,,0.30-1.00,DAIL,/Users/cianan/Documents/College/GitHub/FYP/Data/DailData/roi_audio_processed/NqrZPBqmflA_Deputy Mick Wallace - Government Business - 17.04..wav
/Users/cianan/Documents/College/GitHub/FYP/Data/DailData/roi_audio_processed/MjSMn4fSUic_Deputy Mick Wallace - Leaders’ Questions - 10.04.2.wav,MjSMn4fSUic,1,30,60,mick wallace,Independents 4 Change,Wexford,Wellingtonbridge,Wexford,Leinster,MjSMn4fSUic_Deputy Mick Wallace - Leaders‚Äô Questions - 10.04.2.wav,parliament,,0.30-1.00,DAIL,/Users/cianan/Documents/College/GitHub/FYP/Data/DailData/roi_audio_processed/MjSMn4fSUic_Deputy Mick Wallace - Leaders’ Questions - 10.04.2.wav
/Users/cianan/Documents/College/GitHub/FYP/Data/DailData/roi_audio_processed/qhvT8rti62A_Deputy Mick Wallace - Private Members’ Business - .wav,qhvT8rti62A,1,30,60,mick wallace,Independents 4 Change,Wexford,Wellingtonbridge,Wexford,Leinster,qhvT8rti62A_Deputy Mick Wallace - Private Members‚Äô Business - .wav,parliament,,0.30-1.00,DAIL,/Users/cianan/Documents/College/GitHub/FYP/Data/DailData/roi_audio_processed/qhvT8rti62A_Deputy Mick Wallace - Private Members’ Business - .wav
/Users/cianan/Documents/College/GitHub/FYP/Data/DailData/roi_audio_processed/r6I-iWTIVfA_Deputy Mick Wallace - Government Business - 16.04..wav,r6I-iWTIVfA,1,30,60,mick wallace,Independents 4 Change,Wexford,Wellingtonbridge,Wexford,Leinster,r6I-iWTIVfA_Deputy Mick Wallace - Government Business - 16.04..wav,parliament,,0.30-1.00,DAIL,/Users/cianan/Documents/College/GitHub/FYP/Data/DailData/roi_audio_processed/r6I-iWTIVfA_Deputy Mick Wallace - Government Business - 16.04..wav
/Users/cianan/Documents/College/GitHub/FYP/Data/DailData/roi_audio_processed/36ZufxygB2A_Deputy Mick Wallace - Government Business - 17.04..wav,36ZufxygB2A,1,30,60,mick wallace,Independents 4 Change,Wexford,Wellingtonbridge,Wexford,Leinster,36ZufxygB2A_Deputy Mick Wallace - Government Business - 17.04..wav,parliament,,0.30-1.00,DAIL,/Users/cianan/Documents/College/GitHub/FYP/Data/DailData/roi_audio_processed/36ZufxygB2A_Deputy Mick Wallace - Government Business - 17.04..wav
/Users/cianan/Documents/College/GitHub/FYP/Data/DailData/roi_audio_processed/mBNSZsSTuVs_Deputy Mick Wallace - Government Business - 27.03..wav,mBNSZsSTuVs,1,30,60,mick wallace,Independents 4 Change,Wexford,Wellingtonbridge,Wexford,Leinster,mBNSZsSTuVs_Deputy Mick Wallace - Government Business - 27.03..wav,parliament,,0.30-1.00,DAIL,/Users/cianan/Documents/College/GitHub/FYP/Data/DailData/roi_audio_processed/mBNSZsSTuVs_Deputy Mick Wallace - Government Business - 27.03..wav
/Users/cianan/Documents/College/GitHub/FYP/Data/DailData/roi_audio_processed/ic68bhjO88s_Deputy Mick Wallace - Private Members’ Business - .wav,ic68bhjO88s,1,30,60,mick wallace,Independents 4 Change,Wexford,Wellingtonbridge,Wexford,Leinster,ic68bhjO88s_Deputy Mick Wallace - Private Members‚Äô Business - .wav,parliament,,0.30-1.00,DAIL,/Users/cianan/Documents/College/GitHub/FYP/Data/DailData/roi_audio_processed/ic68bhjO88s_Deputy Mick Wallace - Private Members’ Business - .wav
/Users/cianan/Documents/College/GitHub/FYP/Data/DailData/roi_audio_processed/o-6CuuMZ400_Deputy Mick Wallace - Government Business - 17.04..wav,o-6CuuMZ400,1,30,60,mick wallace,Independents 4 Change,Wexford,Wellingtonbridge,Wexford,Leinster,o-6CuuMZ400_Deputy Mick Wallace - Government Business - 17.04..wav,parliament,,0.30-1.00,DAIL,/Users/cianan/Documents/College/GitHub/FYP/Data/DailData/roi_audio_processed/o-6CuuMZ400_Deputy Mick Wallace - Government Business - 17.04..wav
/Users/cianan/Documents/College/GitHub/FYP/Data/DailData/roi_audio_processed/RkHGtVM7nHs_Deputy Mick Wallace - Leaders’ Questions - 22 May .wav,RkHGtVM7nHs,1,30,60,mick wallace,Independents 4 Change,Wexford,Wellingtonbridge,Wexford,Leinster,RkHGtVM7nHs_Deputy Mick Wallace - Leaders‚Äô Questions - 22 May .wav,parliament,,0.30-1.00,DAIL,/Users/cianan/Documents/College/GitHub/FYP/Data/DailData/roi_audio_processed/RkHGtVM7nHs_Deputy Mick Wallace - Leaders’ Questions - 22 May .wav
/Users/cianan/Documents/College/GitHub/FYP/Data/DailData/roi_audio_processed/CZDlwzD5kPI_Deputy Mick Wallace - Government Business - 17.04..wav,CZDlwzD5kPI,1,30,60,mick wallace,Independents 4 Change,Wexford,Wellingtonbridge,Wexford,Leinster,CZDlwzD5kPI_Deputy Mick Wallace - Government Business - 17.04..wav,parliament,,0.30-1.00,DAIL,/Users/cianan/Documents/College/GitHub/FYP/Data/DailData/roi_audio_processed/CZDlwzD5kPI_Deputy Mick Wallace - Government Business - 17.04..wav
/Users/cianan/Documents/College/GitHub/FYP/Data/DailData/roi_audio_processed/rCFUR_tv568_Deputy Mick Wallace - Other Questions - 12 Jun 201.wav,rCFUR_tv568,1,30,60,mick wallace,Independents 4 Change,Wexford,Wellingtonbridge,Wexford,Leinster,rCFUR_tv568_Deputy Mick Wallace - Other Questions - 12 Jun 201.wav,parliament,,0.30-1.00,DAIL,/Users/cianan/Documents/College/GitHub/FYP/Data/DailData/roi_audio_processed/rCFUR_tv568_Deputy Mick Wallace - Other Questions - 12 Jun 201.wav
/Users/cianan/Documents/College/GitHub/FYP/Data/DailData/roi_audio_processed/136-YK2DNLA_Deputy Mick Wallace - Other Questions - 17.04.2019.wav,136-YK2DNLA,1,30,60,mick wallace,Independents 4 Change,Wexford,Wellingtonbridge,Wexford,Leinster,136-YK2DNLA_Deputy Mick Wallace - Other Questions - 17.04.2019.wav,parliament,,0.30-1.00,DAIL,/Users/cianan/Documents/College/GitHub/FYP/Data/DailData/roi_audio_processed/136-YK2DNLA_Deputy Mick Wallace - Other Questions - 17.04.2019.wav
/Users/cianan/Documents/College/GitHub/FYP/Data/DailData/roi_audio_processed/qpTSpmF7PrI_Deputy Mick Wallace - Topical Issues - 13 Jun 2019.wav,qpTSpmF7PrI,1,30,60,mick wallace,Independents 4 Change,Wexford,Wellingtonbridge,Wexford,Leinster,qpTSpmF7PrI_Deputy Mick Wallace - Topical Issues - 13 Jun 2019.wav,parliament,,0.30-1.00,DAIL,/Users/cianan/Documents/College/GitHub/FYP/Data/DailData/roi_audio_processed/qpTSpmF7PrI_Deputy Mick Wallace - Topical Issues - 13 Jun 2019.wav
/Users/cianan/Documents/College/GitHub/FYP/Data/DailData/roi_audio_processed/HLp5YlkMpDk_Deputy Neale Richmond – speech from 02 Sep 2020.wav,HLp5YlkMpDk,1,30,60,neale richmond,Fine Gael,Dublin Rathdown,Balinteer,Dublin Dun Laoghaire,Leinster,HLp5YlkMpDk_Deputy Neale Richmond ‚Äì speech from 02 Sep 2020.wav,parliament,,0.30-1.00,DAIL,/Users/cianan/Documents/College/GitHub/FYP/Data/DailData/roi_audio_processed/HLp5YlkMpDk_Deputy Neale Richmond – speech from 02 Sep 2020.wav
/Users/cianan/Documents/College/GitHub/FYP/Data/DailData/roi_audio_processed/azLrt3LQZ0Y_Senator Neale Richmond - speech from 2 Jul 2019.wav,azLrt3LQZ0Y,1,30,60,neale richmond,Fine Gael,Dublin Rathdown,Balinteer,Dublin Dun Laoghaire,Leinster,azLrt3LQZ0Y_Senator Neale Richmond - speech from 2 Jul 2019.wav,parliament,,0.30-1.00,DAIL,/Users/cianan/Documents/College/GitHub/FYP/Data/DailData/roi_audio_processed/azLrt3LQZ0Y_Senator Neale Richmond - speech from 2 Jul 2019.wav
/Users/cianan/Documents/College/GitHub/FYP/Data/DailData/roi_audio_processed/1CBtA_a_Mmo_Senator Neale Richmond - speech from 16 May 2019.wav,1CBtA_a_Mmo,1,30,60,neale richmond,Fine Gael,Dublin Rathdown,Balinteer,Dublin Dun Laoghaire,Leinster,1CBtA_a_Mmo_Senator Neale Richmond - speech from 16 May 2019.wav,parliament,,0.30-1.00,DAIL,/Users/cianan/Documents/College/GitHub/FYP/Data/DailData/roi_audio_processed/1CBtA_a_Mmo_Senator Neale Richmond - speech from 16 May 2019.wav
/Users/cianan/Documents/College/GitHub/FYP/Data/DailData/roi_audio_processed/jRJO6-xo_Dk_Senator Neale Richmond - speech from 11 Jun 2019.wav,jRJO6-xo_Dk,1,30,60,neale richmond,Fine Gael,Dublin Rathdown,Balinteer,Dublin Dun Laoghaire,Leinster,jRJO6-xo_Dk_Senator Neale Richmond - speech from 11 Jun 2019.wav,parliament,,0.30-1.00,DAIL,/Users/cianan/Documents/College/GitHub/FYP/Data/DailData/roi_audio_processed/jRJO6-xo_Dk_Senator Neale Richmond - speech from 11 Jun 2019.wav
/Users/cianan/Documents/College/GitHub/FYP/Data/DailData/roi_audio_processed/wKPNf38c8TQ_Deputy Neale Richmond - speech from 5 Mar 2020.wav,wKPNf38c8TQ,1,30,60,neale richmond,Fine Gael,Dublin Rathdown,Balinteer,Dublin Dun Laoghaire,Leinster,wKPNf38c8TQ_Deputy Neale Richmond - speech from 5 Mar 2020.wav,parliament,,0.30-1.00,DAIL,/Users/cianan/Documents/College/GitHub/FYP/Data/DailData/roi_audio_processed/wKPNf38c8TQ_Deputy Neale Richmond - speech from 5 Mar 2020.wav
/Users/cianan/Documents/College/GitHub/FYP/Data/DailData/roi_audio_processed/nFJxreyXIIY_Deputy Neale Richmond - speech from 24 Nov 2020.wav,nFJxreyXIIY,1,30,60,neale richmond,Fine Gael,Dublin Rathdown,Balinteer,Dublin Dun Laoghaire,Leinster,nFJxreyXIIY_Deputy Neale Richmond - speech from 24 Nov 2020.wav,parliament,,0.30-1.00,DAIL,/Users/cianan/Documents/College/GitHub/FYP/Data/DailData/roi_audio_processed/nFJxreyXIIY_Deputy Neale Richmond - speech from 24 Nov 2020.wav
/Users/cianan/Documents/College/GitHub/FYP/Data/DailData/roi_audio_processed/OH-qXdj7FSw_Neale Richmond - speech from  10 Apr 2019.wav,OH-qXdj7FSw,1,30,60,neale richmond,Fine Gael,Dublin Rathdown,Balinteer,Dublin Dun Laoghaire,Leinster,OH-qXdj7FSw_Neale Richmond - speech from  10 Apr 2019.wav,parliament,,0.30-1.00,DAIL,/Users/cianan/Documents/College/GitHub/FYP/Data/DailData/roi_audio_processed/OH-qXdj7FSw_Neale Richmond - speech from  10 Apr 2019.wav
/Users/cianan/Documents/College/GitHub/FYP/Data/DailData/roi_audio_processed/oRiLd-LDeeY_Deputy Neale Richmond - speech from 16 Dec 2020.wav,oRiLd-LDeeY,1,30,60,neale richmond,Fine Gael,Dublin Rathdown,Balinteer,Dublin Dun Laoghaire,Leinster,oRiLd-LDeeY_Deputy Neale Richmond - speech from 16 Dec 2020.wav,parliament,,0.30-1.00,DAIL,/Users/cianan/Documents/College/GitHub/FYP/Data/DailData/roi_audio_processed/oRiLd-LDeeY_Deputy Neale Richmond - speech from 16 Dec 2020.wav
/Users/cianan/Documents/College/GitHub/FYP/Data/DailData/roi_audio_processed/JLyPKLy2_80_Deputy Neale Richmond - speech from 21 Jul 2020.wav,JLyPKLy2_80,1,30,60,neale richmond,Fine Gael,Dublin Rathdown,Balinteer,Dublin Dun Laoghaire,Leinster,JLyPKLy2_80_Deputy Neale Richmond - speech from 21 Jul 2020.wav,parliament,,0.30-1.00,DAIL,/Users/cianan/Documents/College/GitHub/FYP/Data/DailData/roi_audio_processed/JLyPKLy2_80_Deputy Neale Richmond - speech from 21 Jul 2020.wav
/Users/cianan/Documents/College/GitHub/FYP/Data/DailData/roi_audio_processed/PZUuKL562Tw_Senator Neale Richmond - speech from 1 Oct 2019.wav,PZUuKL562Tw,1,30,60,neale richmond,Fine Gael,Dublin Rathdown,Balinteer,Dublin Dun Laoghaire,Leinster,PZUuKL562Tw_Senator Neale Richmond - speech from 1 Oct 2019.wav,parliament,,0.30-1.00,DAIL,/Users/cianan/Documents/College/GitHub/FYP/Data/DailData/roi_audio_processed/PZUuKL562Tw_Senator Neale Richmond - speech from 1 Oct 2019.wav
/Users/cianan/Documents/College/GitHub/FYP/Data/DailData/roi_audio_processed/AKEHarjKcrI_Senator Ned O'Sullivan - speech from 9 Jul 2019.wav,AKEHarjKcrI,1,30,60,ned o'sullivan,Fianna Fail,,Listowel,Kerry,Munster,AKEHarjKcrI_Senator Ned O'Sullivan - speech from 9 Jul 2019.wav,parliament,,0.30-1.00,DAIL,/Users/cianan/Documents/College/GitHub/FYP/Data/DailData/roi_audio_processed/AKEHarjKcrI_Senator Ned O'Sullivan - speech from 9 Jul 2019.wav
/Users/cianan/Documents/College/GitHub/FYP/Data/DailData/roi_audio_processed/0bOvVQWMx6Y_Senator Ned O'Sullivan - speech from 24 Sep 2019.wav,0bOvVQWMx6Y,1,30,60,ned o'sullivan,Fianna Fail,,Listowel,Kerry,Munster,0bOvVQWMx6Y_Senator Ned O'Sullivan - speech from 24 Sep 2019.wav,parliament,,0.30-1.00,DAIL,/Users/cianan/Documents/College/GitHub/FYP/Data/DailData/roi_audio_processed/0bOvVQWMx6Y_Senator Ned O'Sullivan - speech from 24 Sep 2019.wav
/Users/cianan/Documents/College/GitHub/FYP/Data/DailData/roi_audio_processed/ffVmv4dQVUs_Deputy Niall Collins - Questions on Promised Legis.wav,ffVmv4dQVUs,1,30,60,niall collins,Fianna Fail,Limerick County,Limerick City,Limerick,Munster,ffVmv4dQVUs_Deputy Niall Collins - Questions on Promised Legis.wav,parliament,,0.30-1.00,DAIL,/Users/cianan/Documents/College/GitHub/FYP/Data/DailData/roi_audio_processed/ffVmv4dQVUs_Deputy Niall Collins - Questions on Promised Legis.wav
/Users/cianan/Documents/College/GitHub/FYP/Data/DailData/roi_audio_processed/tx1dM46XaLg_Deputy Niall Collins - Order of Business - 12.03.2.wav,tx1dM46XaLg,1,30,60,niall collins,Fianna Fail,Limerick County,Limerick City,Limerick,Munster,tx1dM46XaLg_Deputy Niall Collins - Order of Business - 12.03.2.wav,parliament,,0.30-1.00,DAIL,/Users/cianan/Documents/College/GitHub/FYP/Data/DailData/roi_audio_processed/tx1dM46XaLg_Deputy Niall Collins - Order of Business - 12.03.2.wav
/Users/cianan/Documents/College/GitHub/FYP/Data/DailData/roi_audio_processed/1Yqu_YRsefs_Deputy Niall Collins - Priority Questions - 17 Sep.wav,1Yqu_YRsefs,1,30,60,niall collins,Fianna Fail,Limerick County,Limerick City,Limerick,Munster,1Yqu_YRsefs_Deputy Niall Collins - Priority Questions - 17 Sep.wav,parliament,,0.30-1.00,DAIL,/Users/cianan/Documents/College/GitHub/FYP/Data/DailData/roi_audio_processed/1Yqu_YRsefs_Deputy Niall Collins - Priority Questions - 17 Sep.wav
/Users/cianan/Documents/College/GitHub/FYP/Data/DailData/roi_audio_processed/Nsa76OrlGMk_Deputy Niall Collins - Questions on Promised Legis.wav,Nsa76OrlGMk,1,30,60,niall collins,Fianna Fail,Limerick County,Limerick City,Limerick,Munster,Nsa76OrlGMk_Deputy Niall Collins - Questions on Promised Legis.wav,parliament,,0.30-1.00,DAIL,/Users/cianan/Documents/College/GitHub/FYP/Data/DailData/roi_audio_processed/Nsa76OrlGMk_Deputy Niall Collins - Questions on Promised Legis.wav
/Users/cianan/Documents/College/GitHub/FYP/Data/DailData/roi_audio_processed/vbYmgj2RZmo_Senator Niall Ó Donnghaile - speech from 11 Jun 20.wav,vbYmgj2RZmo,1,30,60,niall o donnghaile,Sinn Fein,,Belfast,Antrim,Ulster,vbYmgj2RZmo_Senator Niall √ì Donnghaile - speech from 11 Jun 20.wav,parliament,,0.30-1.00,DAIL,/Users/cianan/Documents/College/GitHub/FYP/Data/DailData/roi_audio_processed/vbYmgj2RZmo_Senator Niall Ó Donnghaile - speech from 11 Jun 20.wav
/Users/cianan/Documents/College/GitHub/FYP/Data/DailData/roi_audio_processed/Lc9LepOzjBw_Senator Niall Ó Donnghaile - speech from 24 Sep 20.wav,Lc9LepOzjBw,1,30,60,niall o donnghaile,Sinn Fein,,Belfast,Antrim,Ulster,Lc9LepOzjBw_Senator Niall √ì Donnghaile - speech from 24 Sep 20.wav,parliament,,0.30-1.00,DAIL,/Users/cianan/Documents/College/GitHub/FYP/Data/DailData/roi_audio_processed/Lc9LepOzjBw_Senator Niall Ó Donnghaile - speech from 24 Sep 20.wav
/Users/cianan/Documents/College/GitHub/FYP/Data/DailData/roi_audio_processed/rWAQugYUKBI_Senator Niall Ó Donnghaile - Order of Business - 1.wav,rWAQugYUKBI,1,30,60,niall o donnghaile,Sinn Fein,,Belfast,Antrim,Ulster,rWAQugYUKBI_Senator Niall √ì Donnghaile - Order of Business - 1.wav,parliament,,0.30-1.00,DAIL,/Users/cianan/Documents/College/GitHub/FYP/Data/DailData/roi_audio_processed/rWAQugYUKBI_Senator Niall Ó Donnghaile - Order of Business - 1.wav
/Users/cianan/Documents/College/GitHub/FYP/Data/DailData/roi_audio_processed/e605v2q_pnI_Senator Niall Ó Donnghaile - speech from 19 Jun 20.wav,e605v2q_pnI,1,30,60,niall o donnghaile,Sinn Fein,,Belfast,Antrim,Ulster,e605v2q_pnI_Senator Niall √ì Donnghaile - speech from 19 Jun 20.wav,parliament,,0.30-1.00,DAIL,/Users/cianan/Documents/College/GitHub/FYP/Data/DailData/roi_audio_processed/e605v2q_pnI_Senator Niall Ó Donnghaile - speech from 19 Jun 20.wav
/Users/cianan/Documents/College/GitHub/FYP/Data/DailData/roi_audio_processed/bLrbDx7fSBY_Senator Niall Ó Donnghaile- speech from 12 Jul 201.wav,bLrbDx7fSBY,1,30,60,niall o donnghaile,Sinn Fein,,Belfast,Antrim,Ulster,bLrbDx7fSBY_Senator Niall √ì Donnghaile- speech from 12 Jul 201.wav,parliament,,0.30-1.00,DAIL,/Users/cianan/Documents/College/GitHub/FYP/Data/DailData/roi_audio_processed/bLrbDx7fSBY_Senator Niall Ó Donnghaile- speech from 12 Jul 201.wav
/Users/cianan/Documents/College/GitHub/FYP/Data/DailData/roi_audio_processed/3cLQTphqFog_Deputy Niamh Smyth - Priority Questions - 12 Jun 2.wav,3cLQTphqFog,1,30,60,niamh smyth,Fianna Fail,Cavan-Monaghan,Knockbridge,Cavan,Ulster,3cLQTphqFog_Deputy Niamh Smyth - Priority Questions - 12 Jun 2.wav,parliament,,0.30-1.00,DAIL,/Users/cianan/Documents/College/GitHub/FYP/Data/DailData/roi_audio_processed/3cLQTphqFog_Deputy Niamh Smyth - Priority Questions - 12 Jun 2.wav
/Users/cianan/Documents/College/GitHub/FYP/Data/DailData/roi_audio_processed/Yzj0Xxk4Xj4_Deputy Niamh Smyth - Topical Issues - 3 Oct 2019.wav,Yzj0Xxk4Xj4,1,30,60,niamh smyth,Fianna Fail,Cavan-Monaghan,Knockbridge,Cavan,Ulster,Yzj0Xxk4Xj4_Deputy Niamh Smyth - Topical Issues - 3 Oct 2019.wav,parliament,,0.30-1.00,DAIL,/Users/cianan/Documents/College/GitHub/FYP/Data/DailData/roi_audio_processed/Yzj0Xxk4Xj4_Deputy Niamh Smyth - Topical Issues - 3 Oct 2019.wav
/Users/cianan/Documents/College/GitHub/FYP/Data/DailData/roi_audio_processed/JP8SDrr7BoA_Deputy Niamh Smyth - Order of Business - 26.03.201.wav,JP8SDrr7BoA,1,30,60,niamh smyth,Fianna Fail,Cavan-Monaghan,Knockbridge,Cavan,Ulster,JP8SDrr7BoA_Deputy Niamh Smyth - Order of Business - 26.03.201.wav,parliament,,0.30-1.00,DAIL,/Users/cianan/Documents/College/GitHub/FYP/Data/DailData/roi_audio_processed/JP8SDrr7BoA_Deputy Niamh Smyth - Order of Business - 26.03.201.wav
/Users/cianan/Documents/College/GitHub/FYP/Data/DailData/roi_audio_processed/eWkCabnCvGA_Deputy Niamh Smyth - Questions on Promised Legisla.wav,eWkCabnCvGA,1,30,60,niamh smyth,Fianna Fail,Cavan-Monaghan,Knockbridge,Cavan,Ulster,eWkCabnCvGA_Deputy Niamh Smyth - Questions on Promised Legisla.wav,parliament,,0.30-1.00,DAIL,/Users/cianan/Documents/College/GitHub/FYP/Data/DailData/roi_audio_processed/eWkCabnCvGA_Deputy Niamh Smyth - Questions on Promised Legisla.wav
/Users/cianan/Documents/College/GitHub/FYP/Data/DailData/roi_audio_processed/Rep3-9z6uyE_Deputy Noel Grealish - Questions on Promised Legis.wav,Rep3-9z6uyE,1,30,60,noel grealish,Independent,Galway West,Carnmore,Galway,Connacht,Rep3-9z6uyE_Deputy Noel Grealish - Questions on Promised Legis.wav,parliament,Gaeltacht Region,0.30-1.00,DAIL,/Users/cianan/Documents/College/GitHub/FYP/Data/DailData/roi_audio_processed/Rep3-9z6uyE_Deputy Noel Grealish - Questions on Promised Legis.wav
/Users/cianan/Documents/College/GitHub/FYP/Data/DailData/roi_audio_processed/tG0ywlUiKWE_Deputy Noel Grealish - Private Members’ Business -.wav,tG0ywlUiKWE,1,30,60,noel grealish,Independent,Galway West,Carnmore,Galway,Connacht,tG0ywlUiKWE_Deputy Noel Grealish - Private Members‚Äô Business -.wav,parliament,Gaeltacht Region,0.30-1.00,DAIL,/Users/cianan/Documents/College/GitHub/FYP/Data/DailData/roi_audio_processed/tG0ywlUiKWE_Deputy Noel Grealish - Private Members’ Business -.wav
/Users/cianan/Documents/College/GitHub/FYP/Data/DailData/roi_audio_processed/S1_WxGElu_o_Deputy Noel Rock - Topical Issues - 21 May 2019.wav,S1_WxGElu_o,1,30,60,noel rock,Fine Gael,Dublin North-West,Ballymun,Dublin North,Leinster,S1_WxGElu_o_Deputy Noel Rock - Topical Issues - 21 May 2019.wav,parliament,,0.30-1.00,DAIL,/Users/cianan/Documents/College/GitHub/FYP/Data/DailData/roi_audio_processed/S1_WxGElu_o_Deputy Noel Rock - Topical Issues - 21 May 2019.wav
/Users/cianan/Documents/College/GitHub/FYP/Data/DailData/roi_audio_processed/X9lYy3YxZng_Deputy Noel Rock - Topical Issues - 9 Jul 2019.wav,X9lYy3YxZng,1,30,60,noel rock,Fine Gael,Dublin North-West,Ballymun,Dublin North,Leinster,X9lYy3YxZng_Deputy Noel Rock - Topical Issues - 9 Jul 2019.wav,parliament,,0.30-1.00,DAIL,/Users/cianan/Documents/College/GitHub/FYP/Data/DailData/roi_audio_processed/X9lYy3YxZng_Deputy Noel Rock - Topical Issues - 9 Jul 2019.wav
/Users/cianan/Documents/College/GitHub/FYP/Data/DailData/roi_audio_processed/1IfEguTfDGc_Deputy Noel Rock - Topical Issues - 07.03.2019.wav,1IfEguTfDGc,1,30,60,noel rock,Fine Gael,Dublin North-West,Ballymun,Dublin North,Leinster,1IfEguTfDGc_Deputy Noel Rock - Topical Issues - 07.03.2019.wav,parliament,,0.30-1.00,DAIL,/Users/cianan/Documents/College/GitHub/FYP/Data/DailData/roi_audio_processed/1IfEguTfDGc_Deputy Noel Rock - Topical Issues - 07.03.2019.wav
/Users/cianan/Documents/College/GitHub/FYP/Data/DailData/roi_audio_processed/BEhk7gyZUwo_Senator Paddy Burke - speech from 24 Sep 2019.wav,BEhk7gyZUwo,1,30,60,paddy burke,Fine Gael,,Castlebar,Mayo,Connacht,BEhk7gyZUwo_Senator Paddy Burke - speech from 24 Sep 2019.wav,parliament,,0.30-1.00,DAIL,/Users/cianan/Documents/College/GitHub/FYP/Data/DailData/roi_audio_processed/BEhk7gyZUwo_Senator Paddy Burke - speech from 24 Sep 2019.wav
/Users/cianan/Documents/College/GitHub/FYP/Data/DailData/roi_audio_processed/R5sF0ZGQiEs_Senator Paddy Burke - speech from 11 Jun 2019.wav,R5sF0ZGQiEs,1,30,60,paddy burke,Fine Gael,,Castlebar,Mayo,Connacht,R5sF0ZGQiEs_Senator Paddy Burke - speech from 11 Jun 2019.wav,parliament,,0.30-1.00,DAIL,/Users/cianan/Documents/College/GitHub/FYP/Data/DailData/roi_audio_processed/R5sF0ZGQiEs_Senator Paddy Burke - speech from 11 Jun 2019.wav
/Users/cianan/Documents/College/GitHub/FYP/Data/DailData/roi_audio_processed/PsmlIoae_-0_Paddy Burke - speech from  09 Apr 2019.wav,PsmlIoae_-0,1,30,60,paddy burke,Fine Gael,,Castlebar,Mayo,Connacht,PsmlIoae_-0_Paddy Burke - speech from  09 Apr 2019.wav,parliament,,0.30-1.00,DAIL,/Users/cianan/Documents/College/GitHub/FYP/Data/DailData/roi_audio_processed/PsmlIoae_-0_Paddy Burke - speech from  09 Apr 2019.wav
/Users/cianan/Documents/College/GitHub/FYP/Data/DailData/roi_audio_processed/ADpM7_Uci5o_Senator Paddy Burke - speech from 28 May 2019.wav,ADpM7_Uci5o,1,30,60,paddy burke,Fine Gael,,Castlebar,Mayo,Connacht,ADpM7_Uci5o_Senator Paddy Burke - speech from 28 May 2019.wav,parliament,,0.30-1.00,DAIL,/Users/cianan/Documents/College/GitHub/FYP/Data/DailData/roi_audio_processed/ADpM7_Uci5o_Senator Paddy Burke - speech from 28 May 2019.wav
/Users/cianan/Documents/College/GitHub/FYP/Data/DailData/roi_audio_processed/5GGhL2VtDNE_Senator Paddy Burke - speech from 10 Jul 2019.wav,5GGhL2VtDNE,1,30,60,paddy burke,Fine Gael,,Castlebar,Mayo,Connacht,5GGhL2VtDNE_Senator Paddy Burke - speech from 10 Jul 2019.wav,parliament,,0.30-1.00,DAIL,/Users/cianan/Documents/College/GitHub/FYP/Data/DailData/roi_audio_processed/5GGhL2VtDNE_Senator Paddy Burke - speech from 10 Jul 2019.wav
/Users/cianan/Documents/College/GitHub/FYP/Data/DailData/roi_audio_processed/c99pOiugyXw_Senator Pádraig Céidigh - speech from 29 May 2019.wav,c99pOiugyXw,1,30,60,padraig ceidigh,Independent,,Connemara,Galway,Connacht,c99pOiugyXw_Senator P√°draig C√©idigh - speech from 29 May 2019.wav,parliament,,0.30-1.00,DAIL,/Users/cianan/Documents/College/GitHub/FYP/Data/DailData/roi_audio_processed/c99pOiugyXw_Senator Pádraig Céidigh - speech from 29 May 2019.wav
/Users/cianan/Documents/College/GitHub/FYP/Data/DailData/roi_audio_processed/lL97jzS0OhE_Senator Pádraig MacLochlainn - speech from 21 May .wav,lL97jzS0OhE,1,30,60,padraig maclochlainn,Sinn Fein,Donegal,Leeds,England,Other,lL97jzS0OhE_Senator P√°draig MacLochlainn - speech from 21 May .wav,parliament,"Traveller Mother, Born in UK",0.30-1.00,DAIL,/Users/cianan/Documents/College/GitHub/FYP/Data/DailData/roi_audio_processed/lL97jzS0OhE_Senator Pádraig MacLochlainn - speech from 21 May .wav
/Users/cianan/Documents/College/GitHub/FYP/Data/DailData/roi_audio_processed/DMbwlPAxES0_Senator Pádraig MacLochlainn - speech from 26 Jun .wav,DMbwlPAxES0,1,30,60,padraig maclochlainn,Sinn Fein,Donegal,Leeds,England,Other,DMbwlPAxES0_Senator P√°draig MacLochlainn - speech from 26 Jun .wav,parliament,"Traveller Mother, Born in UK",0.30-1.00,DAIL,/Users/cianan/Documents/College/GitHub/FYP/Data/DailData/roi_audio_processed/DMbwlPAxES0_Senator Pádraig MacLochlainn - speech from 26 Jun .wav
/Users/cianan/Documents/College/GitHub/FYP/Data/DailData/roi_audio_processed/FoREvrYZUWM_Senator Pádraig MacLochlainn - speech from 13 Jun .wav,FoREvrYZUWM,1,30,60,padraig maclochlainn,Sinn Fein,Donegal,Leeds,England,Other,FoREvrYZUWM_Senator P√°draig MacLochlainn - speech from 13 Jun .wav,parliament,"Traveller Mother, Born in UK",0.30-1.00,DAIL,/Users/cianan/Documents/College/GitHub/FYP/Data/DailData/roi_audio_processed/FoREvrYZUWM_Senator Pádraig MacLochlainn - speech from 13 Jun .wav
/Users/cianan/Documents/College/GitHub/FYP/Data/DailData/roi_audio_processed/y7eg2mfZxDU_Senator Pádraig MacLochlainn - speech from 25 Sep .wav,y7eg2mfZxDU,1,30,60,padraig maclochlainn,Sinn Fein,Donegal,Leeds,England,Other,y7eg2mfZxDU_Senator P√°draig MacLochlainn - speech from 25 Sep .wav,parliament,"Traveller Mother, Born in UK",0.30-1.00,DAIL,/Users/cianan/Documents/College/GitHub/FYP/Data/DailData/roi_audio_processed/y7eg2mfZxDU_Senator Pádraig MacLochlainn - speech from 25 Sep .wav
/Users/cianan/Documents/College/GitHub/FYP/Data/DailData/roi_audio_processed/8RDnaigsMq4_Senator Pádraig MacLochlainn - speech from 29 May .wav,8RDnaigsMq4,1,30,60,padraig maclochlainn,Sinn Fein,Donegal,Leeds,England,Other,8RDnaigsMq4_Senator P√°draig MacLochlainn - speech from 29 May .wav,parliament,"Traveller Mother, Born in UK",0.30-1.00,DAIL,/Users/cianan/Documents/College/GitHub/FYP/Data/DailData/roi_audio_processed/8RDnaigsMq4_Senator Pádraig MacLochlainn - speech from 29 May .wav
/Users/cianan/Documents/College/GitHub/FYP/Data/DailData/roi_audio_processed/AXzPOuysF9I_Pádraig MacLochlainn - speech from  18 Apr 2019.wav,AXzPOuysF9I,1,30,60,padraig maclochlainn,Sinn Fein,Donegal,Leeds,England,Other,AXzPOuysF9I_P√°draig MacLochlainn - speech from  18 Apr 2019.wav,parliament,"Traveller Mother, Born in UK",0.30-1.00,DAIL,/Users/cianan/Documents/College/GitHub/FYP/Data/DailData/roi_audio_processed/AXzPOuysF9I_Pádraig MacLochlainn - speech from  18 Apr 2019.wav
/Users/cianan/Documents/College/GitHub/FYP/Data/DailData/roi_audio_processed/jakK5p4hmAI_Pádraig Ó Céidigh - speech from  09 Apr 2019.wav,jakK5p4hmAI,1,30,60,padraig o ceidigh,Independent,,Connemara,Galway,Connacht,jakK5p4hmAI_P√°draig √ì C√©idigh - speech from  09 Apr 2019.wav,parliament,Duplicate,0.30-1.00,DAIL,/Users/cianan/Documents/College/GitHub/FYP/Data/DailData/roi_audio_processed/jakK5p4hmAI_Pádraig Ó Céidigh - speech from  09 Apr 2019.wav
/Users/cianan/Documents/College/GitHub/FYP/Data/DailData/roi_audio_processed/3R9rclfry-k_Senator Pádraig Ó Céidigh - speech from 9 Jul 2019.wav,3R9rclfry-k,1,30,60,padraig o ceidigh,Independent,,Connemara,Galway,Connacht,3R9rclfry-k_Senator P√°draig √ì C√©idigh - speech from 9 Jul 2019.wav,parliament,Duplicate,0.30-1.00,DAIL,/Users/cianan/Documents/College/GitHub/FYP/Data/DailData/roi_audio_processed/3R9rclfry-k_Senator Pádraig Ó Céidigh - speech from 9 Jul 2019.wav
/Users/cianan/Documents/College/GitHub/FYP/Data/DailData/roi_audio_processed/nWzqu8JSkI0_Senator Pádraig Ó Céidigh - speech from 25 Sep 201.wav,nWzqu8JSkI0,1,30,60,padraig o ceidigh,Independent,,Connemara,Galway,Connacht,nWzqu8JSkI0_Senator P√°draig √ì C√©idigh - speech from 25 Sep 201.wav,parliament,Duplicate,0.30-1.00,DAIL,/Users/cianan/Documents/College/GitHub/FYP/Data/DailData/roi_audio_processed/nWzqu8JSkI0_Senator Pádraig Ó Céidigh - speech from 25 Sep 201.wav
/Users/cianan/Documents/College/GitHub/FYP/Data/DailData/roi_audio_processed/jLLFuPlO0vk_Pádraig Ó Céidigh - speech from  17 Apr 2019.wav,jLLFuPlO0vk,1,30,60,padraig o ceidigh,Independent,,Connemara,Galway,Connacht,jLLFuPlO0vk_P√°draig √ì C√©idigh - speech from  17 Apr 2019.wav,parliament,Duplicate,0.30-1.00,DAIL,/Users/cianan/Documents/College/GitHub/FYP/Data/DailData/roi_audio_processed/jLLFuPlO0vk_Pádraig Ó Céidigh - speech from  17 Apr 2019.wav
/Users/cianan/Documents/College/GitHub/FYP/Data/DailData/roi_audio_processed/qdQAvAmuOl0_Pádraig Ó Céidigh - speech from  09 Apr 2019.wav,qdQAvAmuOl0,1,30,60,padraig o ceidigh,Independent,,Connemara,Galway,Connacht,qdQAvAmuOl0_P√°draig √ì C√©idigh - speech from  09 Apr 2019.wav,parliament,Duplicate,0.30-1.00,DAIL,/Users/cianan/Documents/College/GitHub/FYP/Data/DailData/roi_audio_processed/qdQAvAmuOl0_Pádraig Ó Céidigh - speech from  09 Apr 2019.wav
/Users/cianan/Documents/College/GitHub/FYP/Data/DailData/roi_audio_processed/a9BoVBc1GJM_Senator Pádraig Ó Céidigh - speech from 13 Jun 201.wav,a9BoVBc1GJM,1,30,60,padraig o ceidigh,Independent,,Connemara,Galway,Connacht,a9BoVBc1GJM_Senator P√°draig √ì C√©idigh - speech from 13 Jun 201.wav,parliament,Duplicate,0.30-1.00,DAIL,/Users/cianan/Documents/College/GitHub/FYP/Data/DailData/roi_audio_processed/a9BoVBc1GJM_Senator Pádraig Ó Céidigh - speech from 13 Jun 201.wav
/Users/cianan/Documents/College/GitHub/FYP/Data/DailData/roi_audio_processed/ft_YbuerHDs_Deputy Paschal Donohoe - Private Members’ Business.wav,ft_YbuerHDs,1,30,60,paschal donohoe,Fine Gael,Dublin Central,Blanchardstown,Dublin West,Leinster,ft_YbuerHDs_Deputy Paschal Donohoe - Private Members‚Äô Business.wav,parliament,,0.30-1.00,DAIL,/Users/cianan/Documents/College/GitHub/FYP/Data/DailData/roi_audio_processed/ft_YbuerHDs_Deputy Paschal Donohoe - Private Members’ Business.wav
/Users/cianan/Documents/College/GitHub/FYP/Data/DailData/roi_audio_processed/BKCY8JW4XuI_Deputy Pat Buckley - Government Business - 17 Sep .wav,BKCY8JW4XuI,1,30,60,pat buckley,Sinn Fein,Cork East,Middleton,Cork,Munster,BKCY8JW4XuI_Deputy Pat Buckley - Government Business - 17 Sep .wav,parliament,,0.30-1.00,DAIL,/Users/cianan/Documents/College/GitHub/FYP/Data/DailData/roi_audio_processed/BKCY8JW4XuI_Deputy Pat Buckley - Government Business - 17 Sep .wav
/Users/cianan/Documents/College/GitHub/FYP/Data/DailData/roi_audio_processed/43DC2N6Kqv4_Deputy Pat Casey - Private Members’ Business - 14 .wav,43DC2N6Kqv4,1,30,60,pat casey,Fianna Fail,Wicklow,Laragh,Wicklow,Leinster,43DC2N6Kqv4_Deputy Pat Casey - Private Members‚Äô Business - 14 .wav,parliament,,0.30-1.00,DAIL,/Users/cianan/Documents/College/GitHub/FYP/Data/DailData/roi_audio_processed/43DC2N6Kqv4_Deputy Pat Casey - Private Members’ Business - 14 .wav
/Users/cianan/Documents/College/GitHub/FYP/Data/DailData/roi_audio_processed/mACUM8utCRU_Deputy Pat Casey - Private Members’ Business - 18 .wav,mACUM8utCRU,1,30,60,pat casey,Fianna Fail,Wicklow,Laragh,Wicklow,Leinster,mACUM8utCRU_Deputy Pat Casey - Private Members‚Äô Business - 18 .wav,parliament,,0.30-1.00,DAIL,/Users/cianan/Documents/College/GitHub/FYP/Data/DailData/roi_audio_processed/mACUM8utCRU_Deputy Pat Casey - Private Members’ Business - 18 .wav
/Users/cianan/Documents/College/GitHub/FYP/Data/DailData/roi_audio_processed/h1dK0pit-3c_Deputy Pat Casey - Private Members’ Business - 10..wav,h1dK0pit-3c,1,30,60,pat casey,Fianna Fail,Wicklow,Laragh,Wicklow,Leinster,h1dK0pit-3c_Deputy Pat Casey - Private Members‚Äô Business - 10..wav,parliament,,0.30-1.00,DAIL,/Users/cianan/Documents/College/GitHub/FYP/Data/DailData/roi_audio_processed/h1dK0pit-3c_Deputy Pat Casey - Private Members’ Business - 10..wav
/Users/cianan/Documents/College/GitHub/FYP/Data/DailData/roi_audio_processed/Ln8GDH0XO1I_Deputy Pat Deering - Topical Issues - 12 Jun 2019.wav,Ln8GDH0XO1I,1,30,60,pat deering,Fine Gael,Carlow-Kilkenny,Rathvilly,Carlow,Leinster,Ln8GDH0XO1I_Deputy Pat Deering - Topical Issues - 12 Jun 2019.wav,parliament,,0.30-1.00,DAIL,/Users/cianan/Documents/College/GitHub/FYP/Data/DailData/roi_audio_processed/Ln8GDH0XO1I_Deputy Pat Deering - Topical Issues - 12 Jun 2019.wav
/Users/cianan/Documents/College/GitHub/FYP/Data/DailData/roi_audio_processed/RWR4I6N7bZ8_Deputy Pat Deering - Other Questions - 9 May 2019.wav,RWR4I6N7bZ8,1,30,60,pat deering,Fine Gael,Carlow-Kilkenny,Rathvilly,Carlow,Leinster,RWR4I6N7bZ8_Deputy Pat Deering - Other Questions - 9 May 2019.wav,parliament,,0.30-1.00,DAIL,/Users/cianan/Documents/College/GitHub/FYP/Data/DailData/roi_audio_processed/RWR4I6N7bZ8_Deputy Pat Deering - Other Questions - 9 May 2019.wav
/Users/cianan/Documents/College/GitHub/FYP/Data/DailData/roi_audio_processed/M1vd8NL_vyI_Deputy Pat Deering - Other Questions - 07.03.2019.wav,M1vd8NL_vyI,1,30,60,pat deering,Fine Gael,Carlow-Kilkenny,Rathvilly,Carlow,Leinster,M1vd8NL_vyI_Deputy Pat Deering - Other Questions - 07.03.2019.wav,parliament,,0.30-1.00,DAIL,/Users/cianan/Documents/College/GitHub/FYP/Data/DailData/roi_audio_processed/M1vd8NL_vyI_Deputy Pat Deering - Other Questions - 07.03.2019.wav
/Users/cianan/Documents/College/GitHub/FYP/Data/DailData/roi_audio_processed/fRGVZLhcliE_Deputy Pat Deering - Private Members’ Business - 2.wav,fRGVZLhcliE,1,30,60,pat deering,Fine Gael,Carlow-Kilkenny,Rathvilly,Carlow,Leinster,fRGVZLhcliE_Deputy Pat Deering - Private Members‚Äô Business - 2.wav,parliament,,0.30-1.00,DAIL,/Users/cianan/Documents/College/GitHub/FYP/Data/DailData/roi_audio_processed/fRGVZLhcliE_Deputy Pat Deering - Private Members’ Business - 2.wav
/Users/cianan/Documents/College/GitHub/FYP/Data/DailData/roi_audio_processed/ncUOV_kZ4HE_Deputy Pat the Cope Gallagher - Priority Questions.wav,ncUOV_kZ4HE,1,30,60,pat the cope gallagher,Fianna Fail,Donegal,Burtonport,Donegal,Ulster,ncUOV_kZ4HE_Deputy Pat the Cope Gallagher - Priority Questions.wav,parliament,,0.30-1.00,DAIL,/Users/cianan/Documents/College/GitHub/FYP/Data/DailData/roi_audio_processed/ncUOV_kZ4HE_Deputy Pat the Cope Gallagher - Priority Questions.wav
/Users/cianan/Documents/College/GitHub/FYP/Data/DailData/roi_audio_processed/uzaLue3wMfM_Deputy Pat the Cope Gallagher - Private Members’ B.wav,uzaLue3wMfM,1,30,60,pat the cope gallagher,Fianna Fail,Donegal,Burtonport,Donegal,Ulster,uzaLue3wMfM_Deputy Pat the Cope Gallagher - Private Members‚Äô B.wav,parliament,,0.30-1.00,DAIL,/Users/cianan/Documents/College/GitHub/FYP/Data/DailData/roi_audio_processed/uzaLue3wMfM_Deputy Pat the Cope Gallagher - Private Members’ B.wav
/Users/cianan/Documents/College/GitHub/FYP/Data/DailData/roi_audio_processed/xbYZcIExYVM_Deputy Pat the Cope Gallagher - Other Questions - .wav,xbYZcIExYVM,1,30,60,pat the cope gallagher,Fianna Fail,Donegal,Burtonport,Donegal,Ulster,xbYZcIExYVM_Deputy Pat the Cope Gallagher - Other Questions - .wav,parliament,,0.30-1.00,DAIL,/Users/cianan/Documents/College/GitHub/FYP/Data/DailData/roi_audio_processed/xbYZcIExYVM_Deputy Pat the Cope Gallagher - Other Questions - .wav
/Users/cianan/Documents/College/GitHub/FYP/Data/DailData/roi_audio_processed/rK63zGcC1eE_Deputy Pat the Cope Gallagher - Other Questions - .wav,rK63zGcC1eE,1,30,60,pat the cope gallagher,Fianna Fail,Donegal,Burtonport,Donegal,Ulster,rK63zGcC1eE_Deputy Pat the Cope Gallagher - Other Questions - .wav,parliament,,0.30-1.00,DAIL,/Users/cianan/Documents/College/GitHub/FYP/Data/DailData/roi_audio_processed/rK63zGcC1eE_Deputy Pat the Cope Gallagher - Other Questions - .wav
/Users/cianan/Documents/College/GitHub/FYP/Data/DailData/roi_audio_processed/xR9VxH5P2Pw_Senator Paudie Coffey - speech from - 14 May 2019.wav,xR9VxH5P2Pw,1,30,60,paudie coffey,Fine Gael,Waterford,Waterford City,Waterford,Munster,xR9VxH5P2Pw_Senator Paudie Coffey - speech from - 14 May 2019.wav,parliament,,0.30-1.00,DAIL,/Users/cianan/Documents/College/GitHub/FYP/Data/DailData/roi_audio_processed/xR9VxH5P2Pw_Senator Paudie Coffey - speech from - 14 May 2019.wav
/Users/cianan/Documents/College/GitHub/FYP/Data/DailData/roi_audio_processed/0Kkn-SUNtmU_Senator Paudie Coffey - speech from 26 Sep 2019.wav,0Kkn-SUNtmU,1,30,60,paudie coffey,Fine Gael,Waterford,Waterford City,Waterford,Munster,0Kkn-SUNtmU_Senator Paudie Coffey - speech from 26 Sep 2019.wav,parliament,,0.30-1.00,DAIL,/Users/cianan/Documents/College/GitHub/FYP/Data/DailData/roi_audio_processed/0Kkn-SUNtmU_Senator Paudie Coffey - speech from 26 Sep 2019.wav
/Users/cianan/Documents/College/GitHub/FYP/Data/DailData/roi_audio_processed/bEgMqIMxdMA_Paudie Coffey - speech from  17 Apr 2019.wav,bEgMqIMxdMA,1,30,60,paudie coffey,Fine Gael,Waterford,Waterford City,Waterford,Munster,bEgMqIMxdMA_Paudie Coffey - speech from  17 Apr 2019.wav,parliament,,0.30-1.00,DAIL,/Users/cianan/Documents/College/GitHub/FYP/Data/DailData/roi_audio_processed/bEgMqIMxdMA_Paudie Coffey - speech from  17 Apr 2019.wav
/Users/cianan/Documents/College/GitHub/FYP/Data/DailData/roi_audio_processed/pfbe_RoVcwM_Senator Paudie Coffey - speech from 9 Jul 2019.wav,pfbe_RoVcwM,1,30,60,paudie coffey,Fine Gael,Waterford,Waterford City,Waterford,Munster,pfbe_RoVcwM_Senator Paudie Coffey - speech from 9 Jul 2019.wav,parliament,,0.30-1.00,DAIL,/Users/cianan/Documents/College/GitHub/FYP/Data/DailData/roi_audio_processed/pfbe_RoVcwM_Senator Paudie Coffey - speech from 9 Jul 2019.wav
/Users/cianan/Documents/College/GitHub/FYP/Data/DailData/roi_audio_processed/NmfRD6dotpA_Senator Paudie Coffey - speech from 30 May 2019.wav,NmfRD6dotpA,1,30,60,paudie coffey,Fine Gael,Waterford,Waterford City,Waterford,Munster,NmfRD6dotpA_Senator Paudie Coffey - speech from 30 May 2019.wav,parliament,,0.30-1.00,DAIL,/Users/cianan/Documents/College/GitHub/FYP/Data/DailData/roi_audio_processed/NmfRD6dotpA_Senator Paudie Coffey - speech from 30 May 2019.wav
/Users/cianan/Documents/College/GitHub/FYP/Data/DailData/roi_audio_processed/o3m1NonUgo0_Senator Paul Coghlan - speech from 24 Sep 2019.wav,o3m1NonUgo0,1,30,60,paul coghlan,Fine Gael,,Killarney,Kerry,Munster,o3m1NonUgo0_Senator Paul Coghlan - speech from 24 Sep 2019.wav,parliament,,0.30-1.00,DAIL,/Users/cianan/Documents/College/GitHub/FYP/Data/DailData/roi_audio_processed/o3m1NonUgo0_Senator Paul Coghlan - speech from 24 Sep 2019.wav
/Users/cianan/Documents/College/GitHub/FYP/Data/DailData/roi_audio_processed/7a5KTQ9PM6M_Senator Paul Daly - speech from 29 May 2019.wav,7a5KTQ9PM6M,1,30,60,paul daly,Fianna Fail,,Kilbeggan,Westmeath,Leinster,7a5KTQ9PM6M_Senator Paul Daly - speech from 29 May 2019.wav,parliament,,0.30-1.00,DAIL,/Users/cianan/Documents/College/GitHub/FYP/Data/DailData/roi_audio_processed/7a5KTQ9PM6M_Senator Paul Daly - speech from 29 May 2019.wav
/Users/cianan/Documents/College/GitHub/FYP/Data/DailData/roi_audio_processed/vby34j2MpxQ_Senator Paul Daly - speech from 26 Jun 2019.wav,vby34j2MpxQ,1,30,60,paul daly,Fianna Fail,,Kilbeggan,Westmeath,Leinster,vby34j2MpxQ_Senator Paul Daly - speech from 26 Jun 2019.wav,parliament,,0.30-1.00,DAIL,/Users/cianan/Documents/College/GitHub/FYP/Data/DailData/roi_audio_processed/vby34j2MpxQ_Senator Paul Daly - speech from 26 Jun 2019.wav
/Users/cianan/Documents/College/GitHub/FYP/Data/DailData/roi_audio_processed/0T27MzUQlO4_Senator Paul Daly - speech from 3 Oct 2019.wav,0T27MzUQlO4,1,30,60,paul daly,Fianna Fail,,Kilbeggan,Westmeath,Leinster,0T27MzUQlO4_Senator Paul Daly - speech from 3 Oct 2019.wav,parliament,,0.30-1.00,DAIL,/Users/cianan/Documents/College/GitHub/FYP/Data/DailData/roi_audio_processed/0T27MzUQlO4_Senator Paul Daly - speech from 3 Oct 2019.wav
/Users/cianan/Documents/College/GitHub/FYP/Data/DailData/roi_audio_processed/ihqTEDbgNnA_Senator Paul Gavan - speech from 22 May 2019.wav,ihqTEDbgNnA,1,30,60,paul gavan,Sinn Fein,,Limerick City,Limerick,Munster,ihqTEDbgNnA_Senator Paul Gavan - speech from 22 May 2019.wav,parliament,,0.30-1.00,DAIL,/Users/cianan/Documents/College/GitHub/FYP/Data/DailData/roi_audio_processed/ihqTEDbgNnA_Senator Paul Gavan - speech from 22 May 2019.wav
/Users/cianan/Documents/College/GitHub/FYP/Data/DailData/roi_audio_processed/JG3qVfniHnM_Senator Paul Gavan - speech from 11 Jun 2019.wav,JG3qVfniHnM,1,30,60,paul gavan,Sinn Fein,,Limerick City,Limerick,Munster,JG3qVfniHnM_Senator Paul Gavan - speech from 11 Jun 2019.wav,parliament,,0.30-1.00,DAIL,/Users/cianan/Documents/College/GitHub/FYP/Data/DailData/roi_audio_processed/JG3qVfniHnM_Senator Paul Gavan - speech from 11 Jun 2019.wav
/Users/cianan/Documents/College/GitHub/FYP/Data/DailData/roi_audio_processed/GLa3kQ2DE0Y_Paul Gavan- speech from  16 Apr 2019.wav,GLa3kQ2DE0Y,1,30,60,paul gavan,Sinn Fein,,Limerick City,Limerick,Munster,GLa3kQ2DE0Y_Paul Gavan- speech from  16 Apr 2019.wav,parliament,,0.30-1.00,DAIL,/Users/cianan/Documents/College/GitHub/FYP/Data/DailData/roi_audio_processed/GLa3kQ2DE0Y_Paul Gavan- speech from  16 Apr 2019.wav
/Users/cianan/Documents/College/GitHub/FYP/Data/DailData/roi_audio_processed/1x--4mLBiMI_Senator Paul Gavan - Order of Business - 14 May 20.wav,1x--4mLBiMI,1,30,60,paul gavan,Sinn Fein,,Limerick City,Limerick,Munster,1x--4mLBiMI_Senator Paul Gavan - Order of Business - 14 May 20.wav,parliament,,0.30-1.00,DAIL,/Users/cianan/Documents/College/GitHub/FYP/Data/DailData/roi_audio_processed/1x--4mLBiMI_Senator Paul Gavan - Order of Business - 14 May 20.wav
/Users/cianan/Documents/College/GitHub/FYP/Data/DailData/roi_audio_processed/N5nmGv3ol7Q_Senator Paul Gavan - speech from 16 May 2019.wav,N5nmGv3ol7Q,1,30,60,paul gavan,Sinn Fein,,Limerick City,Limerick,Munster,N5nmGv3ol7Q_Senator Paul Gavan - speech from 16 May 2019.wav,parliament,,0.30-1.00,DAIL,/Users/cianan/Documents/College/GitHub/FYP/Data/DailData/roi_audio_processed/N5nmGv3ol7Q_Senator Paul Gavan - speech from 16 May 2019.wav
/Users/cianan/Documents/College/GitHub/FYP/Data/DailData/roi_audio_processed/5LIwW_xbBEA_Senator Paul Gavan - speech from 25 Sep 2019.wav,5LIwW_xbBEA,1,30,60,paul gavan,Sinn Fein,,Limerick City,Limerick,Munster,5LIwW_xbBEA_Senator Paul Gavan - speech from 25 Sep 2019.wav,parliament,,0.30-1.00,DAIL,/Users/cianan/Documents/College/GitHub/FYP/Data/DailData/roi_audio_processed/5LIwW_xbBEA_Senator Paul Gavan - speech from 25 Sep 2019.wav
/Users/cianan/Documents/College/GitHub/FYP/Data/DailData/roi_audio_processed/3nXS4MJ86RU_Deputy Paul Kehoe - speech from 9 Jul 2019.wav,3nXS4MJ86RU,1,30,60,paul kehoe,Fine Gael,Wexford,Bree,Wexford,Leinster,3nXS4MJ86RU_Deputy Paul Kehoe - speech from 9 Jul 2019.wav,parliament,,0.30-1.00,DAIL,/Users/cianan/Documents/College/GitHub/FYP/Data/DailData/roi_audio_processed/3nXS4MJ86RU_Deputy Paul Kehoe - speech from 9 Jul 2019.wav
/Users/cianan/Documents/College/GitHub/FYP/Data/DailData/roi_audio_processed/k_-c8PEodOI_Deputy Paul Murphy - Government Business - 2 Oct 2.wav,k_-c8PEodOI,1,30,60,paul murphy,PBP-Solidarity,Dublin South-West,Goatstown,Dublin Dun Laoghaire,Leinster,k_-c8PEodOI_Deputy Paul Murphy - Government Business - 2 Oct 2.wav,parliament,,0.30-1.00,DAIL,/Users/cianan/Documents/College/GitHub/FYP/Data/DailData/roi_audio_processed/k_-c8PEodOI_Deputy Paul Murphy - Government Business - 2 Oct 2.wav
/Users/cianan/Documents/College/GitHub/FYP/Data/DailData/roi_audio_processed/GjpQTFqqvao_Deputy Paul Murphy - Government Business - 19 Sep .wav,GjpQTFqqvao,1,30,60,paul murphy,PBP-Solidarity,Dublin South-West,Goatstown,Dublin Dun Laoghaire,Leinster,GjpQTFqqvao_Deputy Paul Murphy - Government Business - 19 Sep .wav,parliament,,0.30-1.00,DAIL,/Users/cianan/Documents/College/GitHub/FYP/Data/DailData/roi_audio_processed/GjpQTFqqvao_Deputy Paul Murphy - Government Business - 19 Sep .wav
/Users/cianan/Documents/College/GitHub/FYP/Data/DailData/roi_audio_processed/1c0wZis6AJc_Deputy Paul Murphy - Questions on Promised Legisla.wav,1c0wZis6AJc,1,30,60,paul murphy,PBP-Solidarity,Dublin South-West,Goatstown,Dublin Dun Laoghaire,Leinster,1c0wZis6AJc_Deputy Paul Murphy - Questions on Promised Legisla.wav,parliament,,0.30-1.00,DAIL,/Users/cianan/Documents/College/GitHub/FYP/Data/DailData/roi_audio_processed/1c0wZis6AJc_Deputy Paul Murphy - Questions on Promised Legisla.wav
/Users/cianan/Documents/College/GitHub/FYP/Data/DailData/roi_audio_processed/XF7NiqCLYXA_Deputy Paul Murphy - Private Members’ Business - 1.wav,XF7NiqCLYXA,1,30,60,paul murphy,PBP-Solidarity,Dublin South-West,Goatstown,Dublin Dun Laoghaire,Leinster,XF7NiqCLYXA_Deputy Paul Murphy - Private Members‚Äô Business - 1.wav,parliament,,0.30-1.00,DAIL,/Users/cianan/Documents/College/GitHub/FYP/Data/DailData/roi_audio_processed/XF7NiqCLYXA_Deputy Paul Murphy - Private Members’ Business - 1.wav
/Users/cianan/Documents/College/GitHub/FYP/Data/DailData/roi_audio_processed/43Z3WtyLUeQ_Deputy Paul Murphy - Leaders’ Questions - 05.03.20.wav,43Z3WtyLUeQ,1,30,60,paul murphy,PBP-Solidarity,Dublin South-West,Goatstown,Dublin Dun Laoghaire,Leinster,43Z3WtyLUeQ_Deputy Paul Murphy - Leaders‚Äô Questions - 05.03.20.wav,parliament,,0.30-1.00,DAIL,/Users/cianan/Documents/College/GitHub/FYP/Data/DailData/roi_audio_processed/43Z3WtyLUeQ_Deputy Paul Murphy - Leaders’ Questions - 05.03.20.wav
/Users/cianan/Documents/College/GitHub/FYP/Data/DailData/roi_audio_processed/Zw2HMOSbE0w_Deputy Peadar Tóibín - Other Questions - 12.03.201.wav,Zw2HMOSbE0w,1,30,60,peadar toibin,Aontu,Meath West,Drogheda,Louth,Leinster,Zw2HMOSbE0w_Deputy Peadar T√≥ib√≠n - Other Questions - 12.03.201.wav,parliament,,0.30-1.00,DAIL,/Users/cianan/Documents/College/GitHub/FYP/Data/DailData/roi_audio_processed/Zw2HMOSbE0w_Deputy Peadar Tóibín - Other Questions - 12.03.201.wav
/Users/cianan/Documents/College/GitHub/FYP/Data/DailData/roi_audio_processed/4icbZAGnkg8_Deputy Peadar Tóibín - Private Members’ Business -.wav,4icbZAGnkg8,1,30,60,peadar toibin,Aontu,Meath West,Drogheda,Louth,Leinster,4icbZAGnkg8_Deputy Peadar T√≥ib√≠n - Private Members‚Äô Business -.wav,parliament,,0.30-1.00,DAIL,/Users/cianan/Documents/College/GitHub/FYP/Data/DailData/roi_audio_processed/4icbZAGnkg8_Deputy Peadar Tóibín - Private Members’ Business -.wav
/Users/cianan/Documents/College/GitHub/FYP/Data/DailData/roi_audio_processed/btwk4twGU9w_Deputy Peadar Tóibín - Topical Issues - 27.03.2019.wav,btwk4twGU9w,1,30,60,peadar toibin,Aontu,Meath West,Drogheda,Louth,Leinster,btwk4twGU9w_Deputy Peadar T√≥ib√≠n - Topical Issues - 27.03.2019.wav,parliament,,0.30-1.00,DAIL,/Users/cianan/Documents/College/GitHub/FYP/Data/DailData/roi_audio_processed/btwk4twGU9w_Deputy Peadar Tóibín - Topical Issues - 27.03.2019.wav
/Users/cianan/Documents/College/GitHub/FYP/Data/DailData/roi_audio_processed/ZLOGnHjo92o_Deputy Peadar Tóibín - Order of Business - 21 May .wav,ZLOGnHjo92o,1,30,60,peadar toibin,Aontu,Meath West,Drogheda,Louth,Leinster,ZLOGnHjo92o_Deputy Peadar T√≥ib√≠n - Order of Business - 21 May .wav,parliament,,0.30-1.00,DAIL,/Users/cianan/Documents/College/GitHub/FYP/Data/DailData/roi_audio_processed/ZLOGnHjo92o_Deputy Peadar Tóibín - Order of Business - 21 May .wav
/Users/cianan/Documents/College/GitHub/FYP/Data/DailData/roi_audio_processed/rdhSAQK1xHQ_Deputy Pearse Doherty - Private Members’ Business .wav,rdhSAQK1xHQ,1,30,60,pearse doherty,Sinn Fein,Donegal,Glasgow,Scotland,Other,rdhSAQK1xHQ_Deputy Pearse Doherty - Private Members‚Äô Business .wav,parliament,Became Gaeilgeoir,0.30-1.00,DAIL,/Users/cianan/Documents/College/GitHub/FYP/Data/DailData/roi_audio_processed/rdhSAQK1xHQ_Deputy Pearse Doherty - Private Members’ Business .wav
/Users/cianan/Documents/College/GitHub/FYP/Data/DailData/roi_audio_processed/1IEiM0xKtw0_Deputy Pearse Doherty - Leaders’ Questions - 19 Se.wav,1IEiM0xKtw0,1,30,60,pearse doherty,Sinn Fein,Donegal,Glasgow,Scotland,Other,1IEiM0xKtw0_Deputy Pearse Doherty - Leaders‚Äô Questions - 19 Se.wav,parliament,Became Gaeilgeoir,0.30-1.00,DAIL,/Users/cianan/Documents/College/GitHub/FYP/Data/DailData/roi_audio_processed/1IEiM0xKtw0_Deputy Pearse Doherty - Leaders’ Questions - 19 Se.wav
/Users/cianan/Documents/College/GitHub/FYP/Data/DailData/roi_audio_processed/yiGodyguAXk_Deputy Pearse Doherty - Private Members’ Business .wav,yiGodyguAXk,1,30,60,pearse doherty,Sinn Fein,Donegal,Glasgow,Scotland,Other,yiGodyguAXk_Deputy Pearse Doherty - Private Members‚Äô Business .wav,parliament,Became Gaeilgeoir,0.30-1.00,DAIL,/Users/cianan/Documents/College/GitHub/FYP/Data/DailData/roi_audio_processed/yiGodyguAXk_Deputy Pearse Doherty - Private Members’ Business .wav
/Users/cianan/Documents/College/GitHub/FYP/Data/DailData/roi_audio_processed/cawFWKEYE3k_Deputy Pearse Doherty - Priority Questions - 17.04.wav,cawFWKEYE3k,1,30,60,pearse doherty,Sinn Fein,Donegal,Glasgow,Scotland,Other,cawFWKEYE3k_Deputy Pearse Doherty - Priority Questions - 17.04.wav,parliament,Became Gaeilgeoir,0.30-1.00,DAIL,/Users/cianan/Documents/College/GitHub/FYP/Data/DailData/roi_audio_processed/cawFWKEYE3k_Deputy Pearse Doherty - Priority Questions - 17.04.wav
/Users/cianan/Documents/College/GitHub/FYP/Data/DailData/roi_audio_processed/F4rroUfsaMk_Deputy Pearse Doherty - Government Business - 05.0.wav,F4rroUfsaMk,1,30,60,pearse doherty,Sinn Fein,Donegal,Glasgow,Scotland,Other,F4rroUfsaMk_Deputy Pearse Doherty - Government Business - 05.0.wav,parliament,Became Gaeilgeoir,0.30-1.00,DAIL,/Users/cianan/Documents/College/GitHub/FYP/Data/DailData/roi_audio_processed/F4rroUfsaMk_Deputy Pearse Doherty - Government Business - 05.0.wav
/Users/cianan/Documents/College/GitHub/FYP/Data/DailData/roi_audio_processed/cdIwh3PSaSs_Deputy Peter Burke - Oral Questions - 07.03.2019.wav,cdIwh3PSaSs,1,30,60,peter burke,Fine Gael,Longford-Westmeath,Mullingar,Westmeath,Leinster,cdIwh3PSaSs_Deputy Peter Burke - Oral Questions - 07.03.2019.wav,parliament,,0.30-1.00,DAIL,/Users/cianan/Documents/College/GitHub/FYP/Data/DailData/roi_audio_processed/cdIwh3PSaSs_Deputy Peter Burke - Oral Questions - 07.03.2019.wav
/Users/cianan/Documents/College/GitHub/FYP/Data/DailData/roi_audio_processed/KPjA8GQMBHI_Deputy Peter Burke - Government Business - 10.04.2.wav,KPjA8GQMBHI,1,30,60,peter burke,Fine Gael,Longford-Westmeath,Mullingar,Westmeath,Leinster,KPjA8GQMBHI_Deputy Peter Burke - Government Business - 10.04.2.wav,parliament,,0.30-1.00,DAIL,/Users/cianan/Documents/College/GitHub/FYP/Data/DailData/roi_audio_processed/KPjA8GQMBHI_Deputy Peter Burke - Government Business - 10.04.2.wav
/Users/cianan/Documents/College/GitHub/FYP/Data/DailData/roi_audio_processed/eJ2GXSnwvxY_Deputy Peter Burke - Topical Issues - 24 Sep 2019.wav,eJ2GXSnwvxY,1,30,60,peter burke,Fine Gael,Longford-Westmeath,Mullingar,Westmeath,Leinster,eJ2GXSnwvxY_Deputy Peter Burke - Topical Issues - 24 Sep 2019.wav,parliament,,0.30-1.00,DAIL,/Users/cianan/Documents/College/GitHub/FYP/Data/DailData/roi_audio_processed/eJ2GXSnwvxY_Deputy Peter Burke - Topical Issues - 24 Sep 2019.wav
/Users/cianan/Documents/College/GitHub/FYP/Data/DailData/roi_audio_processed/brT4CLBFzic_Deputy Peter Burke - Private Members’ Business - 2.wav,brT4CLBFzic,1,30,60,peter burke,Fine Gael,Longford-Westmeath,Mullingar,Westmeath,Leinster,brT4CLBFzic_Deputy Peter Burke - Private Members‚Äô Business - 2.wav,parliament,,0.30-1.00,DAIL,/Users/cianan/Documents/College/GitHub/FYP/Data/DailData/roi_audio_processed/brT4CLBFzic_Deputy Peter Burke - Private Members’ Business - 2.wav
/Users/cianan/Documents/College/GitHub/FYP/Data/DailData/roi_audio_processed/-21uHH_wUXI_Deputy Peter Fitzpatrick - Questions on Promised L.wav,-21uHH_wUXI,1,30,60,peter fitzpatrick,Fine Gael,Louth,Dundalk,Louth,Leinster,-21uHH_wUXI_Deputy Peter Fitzpatrick - Questions on Promised L.wav,parliament,"Soldier, Gaelic",0.30-1.00,DAIL,/Users/cianan/Documents/College/GitHub/FYP/Data/DailData/roi_audio_processed/-21uHH_wUXI_Deputy Peter Fitzpatrick - Questions on Promised L.wav
/Users/cianan/Documents/College/GitHub/FYP/Data/DailData/roi_audio_processed/AcNhKdlMlaA_Deputy Peter Fitzpatrick - Order of Business - 05..wav,AcNhKdlMlaA,1,30,60,peter fitzpatrick,Fine Gael,Louth,Dundalk,Louth,Leinster,AcNhKdlMlaA_Deputy Peter Fitzpatrick - Order of Business - 05..wav,parliament,"Soldier, Gaelic",0.30-1.00,DAIL,/Users/cianan/Documents/College/GitHub/FYP/Data/DailData/roi_audio_processed/AcNhKdlMlaA_Deputy Peter Fitzpatrick - Order of Business - 05..wav
/Users/cianan/Documents/College/GitHub/FYP/Data/DailData/roi_audio_processed/v-Hcl0yjSxE_Deputy Peter Fitzpatrick - Questions on Promised L.wav,v-Hcl0yjSxE,1,30,60,peter fitzpatrick,Fine Gael,Louth,Dundalk,Louth,Leinster,v-Hcl0yjSxE_Deputy Peter Fitzpatrick - Questions on Promised L.wav,parliament,"Soldier, Gaelic",0.30-1.00,DAIL,/Users/cianan/Documents/College/GitHub/FYP/Data/DailData/roi_audio_processed/v-Hcl0yjSxE_Deputy Peter Fitzpatrick - Questions on Promised L.wav
/Users/cianan/Documents/College/GitHub/FYP/Data/DailData/roi_audio_processed/n0VNFjah6Yk_Deputy Peter Fitzpatrick - Order of Business - 25 .wav,n0VNFjah6Yk,1,30,60,peter fitzpatrick,Fine Gael,Louth,Dundalk,Louth,Leinster,n0VNFjah6Yk_Deputy Peter Fitzpatrick - Order of Business - 25 .wav,parliament,"Soldier, Gaelic",0.30-1.00,DAIL,/Users/cianan/Documents/College/GitHub/FYP/Data/DailData/roi_audio_processed/n0VNFjah6Yk_Deputy Peter Fitzpatrick - Order of Business - 25 .wav
/Users/cianan/Documents/College/GitHub/FYP/Data/DailData/roi_audio_processed/7FNHhRzGj-k_Ray Butler - speech from  17 Apr 2019.wav,7FNHhRzGj-k,1,30,60,ray butler,Fine Gael,Meath West,Kells,Meath,Leinster,7FNHhRzGj-k_Ray Butler - speech from  17 Apr 2019.wav,parliament,,0.30-1.00,DAIL,/Users/cianan/Documents/College/GitHub/FYP/Data/DailData/roi_audio_processed/7FNHhRzGj-k_Ray Butler - speech from  17 Apr 2019.wav
/Users/cianan/Documents/College/GitHub/FYP/Data/DailData/roi_audio_processed/qGCQW3LLEHE_Ray Butler - speech from  18 Apr 2019.wav,qGCQW3LLEHE,1,30,60,ray butler,Fine Gael,Meath West,Kells,Meath,Leinster,qGCQW3LLEHE_Ray Butler - speech from  18 Apr 2019.wav,parliament,,0.30-1.00,DAIL,/Users/cianan/Documents/College/GitHub/FYP/Data/DailData/roi_audio_processed/qGCQW3LLEHE_Ray Butler - speech from  18 Apr 2019.wav
/Users/cianan/Documents/College/GitHub/FYP/Data/DailData/roi_audio_processed/9N0Fj1I9zuA_Deputy Regina Doherty - Government Business - 06.0.wav,9N0Fj1I9zuA,1,30,60,regina doherty,Fine Gael,Meath East,Dublin City,Dublin City Centre,Leinster,9N0Fj1I9zuA_Deputy Regina Doherty - Government Business - 06.0.wav,parliament,MEP,0.30-1.00,DAIL,/Users/cianan/Documents/College/GitHub/FYP/Data/DailData/roi_audio_processed/9N0Fj1I9zuA_Deputy Regina Doherty - Government Business - 06.0.wav
/Users/cianan/Documents/College/GitHub/FYP/Data/DailData/roi_audio_processed/A21V6dSPd2c_Deputy Richard Boyd-Barrett - speech from 23 Oct 2.wav,A21V6dSPd2c,1,30,60,richard boyd barrett,PBP-Solidarity,Dun Laoghaire,Glenageary,Dublin Dun Laoghaire,Leinster,A21V6dSPd2c_Deputy Richard Boyd-Barrett - speech from 23 Oct 2.wav,parliament,Duplicate,0.30-1.00,DAIL,/Users/cianan/Documents/College/GitHub/FYP/Data/DailData/roi_audio_processed/A21V6dSPd2c_Deputy Richard Boyd-Barrett - speech from 23 Oct 2.wav
/Users/cianan/Documents/College/GitHub/FYP/Data/DailData/roi_audio_processed/0UKS6UPlVws_Deputy Richard Boyd-Barrett - speech from 23 Oct 2.wav,0UKS6UPlVws,1,30,60,richard boyd barrett,PBP-Solidarity,Dun Laoghaire,Glenageary,Dublin Dun Laoghaire,Leinster,0UKS6UPlVws_Deputy Richard Boyd-Barrett - speech from 23 Oct 2.wav,parliament,Duplicate,0.30-1.00,DAIL,/Users/cianan/Documents/College/GitHub/FYP/Data/DailData/roi_audio_processed/0UKS6UPlVws_Deputy Richard Boyd-Barrett - speech from 23 Oct 2.wav
/Users/cianan/Documents/College/GitHub/FYP/Data/DailData/roi_audio_processed/-4mrsqEK2YY_Deputy Richard Boyd Barrett - Order of Business - .wav,-4mrsqEK2YY,1,30,60,richard boyd barrett,PBP-Solidarity,Dun Laoghaire,Glenageary,Dublin Dun Laoghaire,Leinster,-4mrsqEK2YY_Deputy Richard Boyd Barrett - Order of Business - .wav,parliament,Duplicate,0.30-1.00,DAIL,/Users/cianan/Documents/College/GitHub/FYP/Data/DailData/roi_audio_processed/-4mrsqEK2YY_Deputy Richard Boyd Barrett - Order of Business - .wav
/Users/cianan/Documents/College/GitHub/FYP/Data/DailData/roi_audio_processed/lxTQigAXHvk_Deputy Richard Boyd Barrett - Priority Questions -.wav,lxTQigAXHvk,1,30,60,richard boyd barrett,PBP-Solidarity,Dun Laoghaire,Glenageary,Dublin Dun Laoghaire,Leinster,lxTQigAXHvk_Deputy Richard Boyd Barrett - Priority Questions -.wav,parliament,Duplicate,0.30-1.00,DAIL,/Users/cianan/Documents/College/GitHub/FYP/Data/DailData/roi_audio_processed/lxTQigAXHvk_Deputy Richard Boyd Barrett - Priority Questions -.wav
/Users/cianan/Documents/College/GitHub/FYP/Data/DailData/roi_audio_processed/DMeY6ouZTY4_Deputy Richard Boyd Barrett - Government Business .wav,DMeY6ouZTY4,1,30,60,richard boyd barrett,PBP-Solidarity,Dun Laoghaire,Glenageary,Dublin Dun Laoghaire,Leinster,DMeY6ouZTY4_Deputy Richard Boyd Barrett - Government Business .wav,parliament,Duplicate,0.30-1.00,DAIL,/Users/cianan/Documents/College/GitHub/FYP/Data/DailData/roi_audio_processed/DMeY6ouZTY4_Deputy Richard Boyd Barrett - Government Business .wav
/Users/cianan/Documents/College/GitHub/FYP/Data/DailData/roi_audio_processed/seZPhmbk6-k_Deputy Richard Boyd Barrett - speech from 15 Oct 2.wav,seZPhmbk6-k,1,30,60,richard boyd barrett,PBP-Solidarity,Dun Laoghaire,Glenageary,Dublin Dun Laoghaire,Leinster,seZPhmbk6-k_Deputy Richard Boyd Barrett - speech from 15 Oct 2.wav,parliament,Duplicate,0.30-1.00,DAIL,/Users/cianan/Documents/College/GitHub/FYP/Data/DailData/roi_audio_processed/seZPhmbk6-k_Deputy Richard Boyd Barrett - speech from 15 Oct 2.wav
/Users/cianan/Documents/College/GitHub/FYP/Data/DailData/roi_audio_processed/tciPECb_GXg_Deputy Richard Boyd Barrett - speech from 15 Oct 2.wav,tciPECb_GXg,1,30,60,richard boyd barrett,PBP-Solidarity,Dun Laoghaire,Glenageary,Dublin Dun Laoghaire,Leinster,tciPECb_GXg_Deputy Richard Boyd Barrett - speech from 15 Oct 2.wav,parliament,Duplicate,0.30-1.00,DAIL,/Users/cianan/Documents/College/GitHub/FYP/Data/DailData/roi_audio_processed/tciPECb_GXg_Deputy Richard Boyd Barrett - speech from 15 Oct 2.wav
/Users/cianan/Documents/College/GitHub/FYP/Data/DailData/roi_audio_processed/8Oxz9sl-JFc_Deputy Richard Boyd Barrett - Questions on Promise.wav,8Oxz9sl-JFc,1,30,60,richard boyd barrett,PBP-Solidarity,Dun Laoghaire,Glenageary,Dublin Dun Laoghaire,Leinster,8Oxz9sl-JFc_Deputy Richard Boyd Barrett - Questions on Promise.wav,parliament,Duplicate,0.30-1.00,DAIL,/Users/cianan/Documents/College/GitHub/FYP/Data/DailData/roi_audio_processed/8Oxz9sl-JFc_Deputy Richard Boyd Barrett - Questions on Promise.wav
/Users/cianan/Documents/College/GitHub/FYP/Data/DailData/roi_audio_processed/OtMPlKhHDTk_Senator Robbie Gallagher - speech from 9 Jul 2019.wav,OtMPlKhHDTk,1,30,60,robbie gallagher,Fianna Fail,,Termon,Donegal,Ulster,OtMPlKhHDTk_Senator Robbie Gallagher - speech from 9 Jul 2019.wav,parliament,,0.30-1.00,DAIL,/Users/cianan/Documents/College/GitHub/FYP/Data/DailData/roi_audio_processed/OtMPlKhHDTk_Senator Robbie Gallagher - speech from 9 Jul 2019.wav
/Users/cianan/Documents/College/GitHub/FYP/Data/DailData/roi_audio_processed/TxUNn2pncUA_Senator Robbie Gallagher - Order of Business - 14 .wav,TxUNn2pncUA,1,30,60,robbie gallagher,Fianna Fail,,Termon,Donegal,Ulster,TxUNn2pncUA_Senator Robbie Gallagher - Order of Business - 14 .wav,parliament,,0.30-1.00,DAIL,/Users/cianan/Documents/College/GitHub/FYP/Data/DailData/roi_audio_processed/TxUNn2pncUA_Senator Robbie Gallagher - Order of Business - 14 .wav
/Users/cianan/Documents/College/GitHub/FYP/Data/DailData/roi_audio_processed/xG0n-xrixvg_Senator Robbie Gallagher - speech from 25 Sep 2019.wav,xG0n-xrixvg,1,30,60,robbie gallagher,Fianna Fail,,Termon,Donegal,Ulster,xG0n-xrixvg_Senator Robbie Gallagher - speech from 25 Sep 2019.wav,parliament,,0.30-1.00,DAIL,/Users/cianan/Documents/College/GitHub/FYP/Data/DailData/roi_audio_processed/xG0n-xrixvg_Senator Robbie Gallagher - speech from 25 Sep 2019.wav
/Users/cianan/Documents/College/GitHub/FYP/Data/DailData/roi_audio_processed/eX34KOxwe9w_Senator Robbie Gallagher - speech from 16 May 2019.wav,eX34KOxwe9w,1,30,60,robbie gallagher,Fianna Fail,,Termon,Donegal,Ulster,eX34KOxwe9w_Senator Robbie Gallagher - speech from 16 May 2019.wav,parliament,,0.30-1.00,DAIL,/Users/cianan/Documents/College/GitHub/FYP/Data/DailData/roi_audio_processed/eX34KOxwe9w_Senator Robbie Gallagher - speech from 16 May 2019.wav
/Users/cianan/Documents/College/GitHub/FYP/Data/DailData/roi_audio_processed/G-M7mb-6gfQ_Robbie Gallagher - speech from  17 Apr 2019.wav,G-M7mb-6gfQ,1,30,60,robbie gallagher,Fianna Fail,,Termon,Donegal,Ulster,G-M7mb-6gfQ_Robbie Gallagher - speech from  17 Apr 2019.wav,parliament,,0.30-1.00,DAIL,/Users/cianan/Documents/College/GitHub/FYP/Data/DailData/roi_audio_processed/G-M7mb-6gfQ_Robbie Gallagher - speech from  17 Apr 2019.wav
/Users/cianan/Documents/College/GitHub/FYP/Data/DailData/roi_audio_processed/xk501mg0bwM_Senator Robbie Gallagher - speech from 22 May 2019.wav,xk501mg0bwM,1,30,60,robbie gallagher,Fianna Fail,,Termon,Donegal,Ulster,xk501mg0bwM_Senator Robbie Gallagher - speech from 22 May 2019.wav,parliament,,0.30-1.00,DAIL,/Users/cianan/Documents/College/GitHub/FYP/Data/DailData/roi_audio_processed/xk501mg0bwM_Senator Robbie Gallagher - speech from 22 May 2019.wav
/Users/cianan/Documents/College/GitHub/FYP/Data/DailData/roi_audio_processed/LIeCSZZ7kXY_Senator Robbie Gallagher - speech from 29 May 2019.wav,LIeCSZZ7kXY,1,30,60,robbie gallagher,Fianna Fail,,Termon,Donegal,Ulster,LIeCSZZ7kXY_Senator Robbie Gallagher - speech from 29 May 2019.wav,parliament,,0.30-1.00,DAIL,/Users/cianan/Documents/College/GitHub/FYP/Data/DailData/roi_audio_processed/LIeCSZZ7kXY_Senator Robbie Gallagher - speech from 29 May 2019.wav
/Users/cianan/Documents/College/GitHub/FYP/Data/DailData/roi_audio_processed/xSaS9mGAhYI_Robbie Gallagher  - speech from  16 Apr 2019.wav,xSaS9mGAhYI,1,30,60,robbie gallagher,Fianna Fail,,Termon,Donegal,Ulster,xSaS9mGAhYI_Robbie Gallagher  - speech from  16 Apr 2019.wav,parliament,,0.30-1.00,DAIL,/Users/cianan/Documents/College/GitHub/FYP/Data/DailData/roi_audio_processed/xSaS9mGAhYI_Robbie Gallagher  - speech from  16 Apr 2019.wav
/Users/cianan/Documents/College/GitHub/FYP/Data/DailData/roi_audio_processed/NnHkRmHbPVw_Robbie Gallagher - speech from  09 Apr 2019.wav,NnHkRmHbPVw,1,30,60,robbie gallagher,Fianna Fail,,Termon,Donegal,Ulster,NnHkRmHbPVw_Robbie Gallagher - speech from  09 Apr 2019.wav,parliament,,0.30-1.00,DAIL,/Users/cianan/Documents/College/GitHub/FYP/Data/DailData/roi_audio_processed/NnHkRmHbPVw_Robbie Gallagher - speech from  09 Apr 2019.wav
/Users/cianan/Documents/College/GitHub/FYP/Data/DailData/roi_audio_processed/136n-1KsyXY_Deputy Robert Troy - Priority Questions - 22 May 2.wav,136n-1KsyXY,1,30,60,robert troy,Fianna Fail,Longford-Westmeath,Ballynacargy,Westmeath,Leinster,136n-1KsyXY_Deputy Robert Troy - Priority Questions - 22 May 2.wav,parliament,,0.30-1.00,DAIL,/Users/cianan/Documents/College/GitHub/FYP/Data/DailData/roi_audio_processed/136n-1KsyXY_Deputy Robert Troy - Priority Questions - 22 May 2.wav
/Users/cianan/Documents/College/GitHub/FYP/Data/DailData/roi_audio_processed/pae1YVFh5xI_Deputy Robert Troy - Private Members’ Business - 1.wav,pae1YVFh5xI,1,30,60,robert troy,Fianna Fail,Longford-Westmeath,Ballynacargy,Westmeath,Leinster,pae1YVFh5xI_Deputy Robert Troy - Private Members‚Äô Business - 1.wav,parliament,,0.30-1.00,DAIL,/Users/cianan/Documents/College/GitHub/FYP/Data/DailData/roi_audio_processed/pae1YVFh5xI_Deputy Robert Troy - Private Members’ Business - 1.wav
/Users/cianan/Documents/College/GitHub/FYP/Data/DailData/roi_audio_processed/uqm4KLe4WHs_Deputy Robert Troy - Private Members’ Business - 2.wav,uqm4KLe4WHs,1,30,60,robert troy,Fianna Fail,Longford-Westmeath,Ballynacargy,Westmeath,Leinster,uqm4KLe4WHs_Deputy Robert Troy - Private Members‚Äô Business - 2.wav,parliament,,0.30-1.00,DAIL,/Users/cianan/Documents/College/GitHub/FYP/Data/DailData/roi_audio_processed/uqm4KLe4WHs_Deputy Robert Troy - Private Members’ Business - 2.wav
/Users/cianan/Documents/College/GitHub/FYP/Data/DailData/roi_audio_processed/eLx1IzgEL78_Deputy Robert Troy - Private Members’ Business - 1.wav,eLx1IzgEL78,1,30,60,robert troy,Fianna Fail,Longford-Westmeath,Ballynacargy,Westmeath,Leinster,eLx1IzgEL78_Deputy Robert Troy - Private Members‚Äô Business - 1.wav,parliament,,0.30-1.00,DAIL,/Users/cianan/Documents/College/GitHub/FYP/Data/DailData/roi_audio_processed/eLx1IzgEL78_Deputy Robert Troy - Private Members’ Business - 1.wav
/Users/cianan/Documents/College/GitHub/FYP/Data/DailData/roi_audio_processed/_Sdaj05gPgg_Deputy Robert Troy - Other Questions - 05.03.2019.wav,_Sdaj05gPgg,1,30,60,robert troy,Fianna Fail,Longford-Westmeath,Ballynacargy,Westmeath,Leinster,_Sdaj05gPgg_Deputy Robert Troy - Other Questions - 05.03.2019.wav,parliament,,0.30-1.00,DAIL,/Users/cianan/Documents/College/GitHub/FYP/Data/DailData/roi_audio_processed/_Sdaj05gPgg_Deputy Robert Troy - Other Questions - 05.03.2019.wav
/Users/cianan/Documents/College/GitHub/FYP/Data/DailData/roi_audio_processed/lVFMmvWbWNo_Deputy Róisín Shortall - Private Members’ Business.wav,lVFMmvWbWNo,1,30,60,roisin shortall,Social Democrats,Dublin North-West,Drumcondra,Dublin North,Leinster,lVFMmvWbWNo_Deputy R√≥is√≠n Shortall - Private Members‚Äô Business.wav,parliament,,0.30-1.00,DAIL,/Users/cianan/Documents/College/GitHub/FYP/Data/DailData/roi_audio_processed/lVFMmvWbWNo_Deputy Róisín Shortall - Private Members’ Business.wav
/Users/cianan/Documents/College/GitHub/FYP/Data/DailData/roi_audio_processed/Bnp4nZWn4dA_Deputy Róisín Shortall - Private Members’ Business.wav,Bnp4nZWn4dA,1,30,60,roisin shortall,Social Democrats,Dublin North-West,Drumcondra,Dublin North,Leinster,Bnp4nZWn4dA_Deputy R√≥is√≠n Shortall - Private Members‚Äô Business.wav,parliament,,0.30-1.00,DAIL,/Users/cianan/Documents/College/GitHub/FYP/Data/DailData/roi_audio_processed/Bnp4nZWn4dA_Deputy Róisín Shortall - Private Members’ Business.wav
/Users/cianan/Documents/College/GitHub/FYP/Data/DailData/roi_audio_processed/UF9ulZ4CaKU_Deputy Róisín Shortall - Order of Business - 21 Ma.wav,UF9ulZ4CaKU,1,30,60,roisin shortall,Social Democrats,Dublin North-West,Drumcondra,Dublin North,Leinster,UF9ulZ4CaKU_Deputy R√≥is√≠n Shortall - Order of Business - 21 Ma.wav,parliament,,0.30-1.00,DAIL,/Users/cianan/Documents/College/GitHub/FYP/Data/DailData/roi_audio_processed/UF9ulZ4CaKU_Deputy Róisín Shortall - Order of Business - 21 Ma.wav
/Users/cianan/Documents/College/GitHub/FYP/Data/DailData/roi_audio_processed/x53D-wLQ6lM_Deputy Róisín Shortall - Government Business - 16..wav,x53D-wLQ6lM,1,30,60,roisin shortall,Social Democrats,Dublin North-West,Drumcondra,Dublin North,Leinster,x53D-wLQ6lM_Deputy R√≥is√≠n Shortall - Government Business - 16..wav,parliament,,0.30-1.00,DAIL,/Users/cianan/Documents/College/GitHub/FYP/Data/DailData/roi_audio_processed/x53D-wLQ6lM_Deputy Róisín Shortall - Government Business - 16..wav
/Users/cianan/Documents/College/GitHub/FYP/Data/DailData/roi_audio_processed/Yfn8tb0XXLc_Rónán Mullen  - speech from  11 Apr 2019.wav,Yfn8tb0XXLc,1,30,60,ronan mullen,Independent,,Ahascragh,Galway,Connacht,Yfn8tb0XXLc_R√≥n√°n Mullen  - speech from  11 Apr 2019.wav,parliament,,0.30-1.00,DAIL,/Users/cianan/Documents/College/GitHub/FYP/Data/DailData/roi_audio_processed/Yfn8tb0XXLc_Rónán Mullen  - speech from  11 Apr 2019.wav
/Users/cianan/Documents/College/GitHub/FYP/Data/DailData/roi_audio_processed/CvXDy7y7lGA_Senator Rónán Mullen - speech from 29 May 2019.wav,CvXDy7y7lGA,1,30,60,ronan mullen,Independent,,Ahascragh,Galway,Connacht,CvXDy7y7lGA_Senator R√≥n√°n Mullen - speech from 29 May 2019.wav,parliament,,0.30-1.00,DAIL,/Users/cianan/Documents/College/GitHub/FYP/Data/DailData/roi_audio_processed/CvXDy7y7lGA_Senator Rónán Mullen - speech from 29 May 2019.wav
/Users/cianan/Documents/College/GitHub/FYP/Data/DailData/roi_audio_processed/z2bTE3DR1w0_Senator Rónán Mullen - speech from 24 Sep 2019.wav,z2bTE3DR1w0,1,30,60,ronan mullen,Independent,,Ahascragh,Galway,Connacht,z2bTE3DR1w0_Senator R√≥n√°n Mullen - speech from 24 Sep 2019.wav,parliament,,0.30-1.00,DAIL,/Users/cianan/Documents/College/GitHub/FYP/Data/DailData/roi_audio_processed/z2bTE3DR1w0_Senator Rónán Mullen - speech from 24 Sep 2019.wav
/Users/cianan/Documents/College/GitHub/FYP/Data/DailData/roi_audio_processed/av7DQsUX66Y_Rónán Mullen  - speech from  11 Apr 2019.wav,av7DQsUX66Y,1,30,60,ronan mullen,Independent,,Ahascragh,Galway,Connacht,av7DQsUX66Y_R√≥n√°n Mullen  - speech from  11 Apr 2019.wav,parliament,,0.30-1.00,DAIL,/Users/cianan/Documents/College/GitHub/FYP/Data/DailData/roi_audio_processed/av7DQsUX66Y_Rónán Mullen  - speech from  11 Apr 2019.wav
/Users/cianan/Documents/College/GitHub/FYP/Data/DailData/roi_audio_processed/sAivYWv7MkE_Senator Rónán Mullen - speech from 8 May 2019.wav,sAivYWv7MkE,1,30,60,ronan mullen,Independent,,Ahascragh,Galway,Connacht,sAivYWv7MkE_Senator R√≥n√°n Mullen - speech from 8 May 2019.wav,parliament,,0.30-1.00,DAIL,/Users/cianan/Documents/College/GitHub/FYP/Data/DailData/roi_audio_processed/sAivYWv7MkE_Senator Rónán Mullen - speech from 8 May 2019.wav
/Users/cianan/Documents/College/GitHub/FYP/Data/DailData/roi_audio_processed/XnAykdbRt50_Rónán Mullen - speech from  17 Apr 2019.wav,XnAykdbRt50,1,30,60,ronan mullen,Independent,,Ahascragh,Galway,Connacht,XnAykdbRt50_R√≥n√°n Mullen - speech from  17 Apr 2019.wav,parliament,,0.30-1.00,DAIL,/Users/cianan/Documents/College/GitHub/FYP/Data/DailData/roi_audio_processed/XnAykdbRt50_Rónán Mullen - speech from  17 Apr 2019.wav
/Users/cianan/Documents/College/GitHub/FYP/Data/DailData/roi_audio_processed/gS9LleVF4-g_Senator Rónán Mullen - speech from 16 May 2019.wav,gS9LleVF4-g,1,30,60,ronan mullen,Independent,,Ahascragh,Galway,Connacht,gS9LleVF4-g_Senator R√≥n√°n Mullen - speech from 16 May 2019.wav,parliament,,0.30-1.00,DAIL,/Users/cianan/Documents/College/GitHub/FYP/Data/DailData/roi_audio_processed/gS9LleVF4-g_Senator Rónán Mullen - speech from 16 May 2019.wav
/Users/cianan/Documents/College/GitHub/FYP/Data/DailData/roi_audio_processed/AeB8TKhsUn8_Senator Rónán Mullen - speech from 21 May 2019.wav,AeB8TKhsUn8,1,30,60,ronan mullen,Independent,,Ahascragh,Galway,Connacht,AeB8TKhsUn8_Senator R√≥n√°n Mullen - speech from 21 May 2019.wav,parliament,,0.30-1.00,DAIL,/Users/cianan/Documents/College/GitHub/FYP/Data/DailData/roi_audio_processed/AeB8TKhsUn8_Senator Rónán Mullen - speech from 21 May 2019.wav
/Users/cianan/Documents/College/GitHub/FYP/Data/DailData/roi_audio_processed/goNTd5C_yaA_Senator Rónán Mullen - Order of Business - 8 May 2.wav,goNTd5C_yaA,1,30,60,ronan mullen,Independent,,Ahascragh,Galway,Connacht,goNTd5C_yaA_Senator R√≥n√°n Mullen - Order of Business - 8 May 2.wav,parliament,,0.30-1.00,DAIL,/Users/cianan/Documents/College/GitHub/FYP/Data/DailData/roi_audio_processed/goNTd5C_yaA_Senator Rónán Mullen - Order of Business - 8 May 2.wav
/Users/cianan/Documents/College/GitHub/FYP/Data/DailData/roi_audio_processed/NbUX6vpgS2A_Senator Rónán Mullen - speech from 4 Jul 2019.wav,NbUX6vpgS2A,1,30,60,ronan mullen,Independent,,Ahascragh,Galway,Connacht,NbUX6vpgS2A_Senator R√≥n√°n Mullen - speech from 4 Jul 2019.wav,parliament,,0.30-1.00,DAIL,/Users/cianan/Documents/College/GitHub/FYP/Data/DailData/roi_audio_processed/NbUX6vpgS2A_Senator Rónán Mullen - speech from 4 Jul 2019.wav
/Users/cianan/Documents/College/GitHub/FYP/Data/DailData/roi_audio_processed/cSr11h-CsyI_Senator Rose Conway-Walsh - speech from 16 May 201.wav,cSr11h-CsyI,1,30,60,rose conway,Sinn Fein,Mayo,Ballycroy,Mayo,Connacht,cSr11h-CsyI_Senator Rose Conway-Walsh - speech from 16 May 201.wav,parliament,,0.30-1.00,DAIL,/Users/cianan/Documents/College/GitHub/FYP/Data/DailData/roi_audio_processed/cSr11h-CsyI_Senator Rose Conway-Walsh - speech from 16 May 201.wav
/Users/cianan/Documents/College/GitHub/FYP/Data/DailData/roi_audio_processed/DSFWyeTAfDw_Senator Rose Conway-Walsh - Order of Business - 15.wav,DSFWyeTAfDw,1,30,60,rose conway,Sinn Fein,Mayo,Ballycroy,Mayo,Connacht,DSFWyeTAfDw_Senator Rose Conway-Walsh - Order of Business - 15.wav,parliament,,0.30-1.00,DAIL,/Users/cianan/Documents/College/GitHub/FYP/Data/DailData/roi_audio_processed/DSFWyeTAfDw_Senator Rose Conway-Walsh - Order of Business - 15.wav
/Users/cianan/Documents/College/GitHub/FYP/Data/DailData/roi_audio_processed/r6Lk4D49H34_Senator Rose Conway-Walsh - speech from 12 Jun 201.wav,r6Lk4D49H34,1,30,60,rose conway,Sinn Fein,Mayo,Ballycroy,Mayo,Connacht,r6Lk4D49H34_Senator Rose Conway-Walsh - speech from 12 Jun 201.wav,parliament,,0.30-1.00,DAIL,/Users/cianan/Documents/College/GitHub/FYP/Data/DailData/roi_audio_processed/r6Lk4D49H34_Senator Rose Conway-Walsh - speech from 12 Jun 201.wav
/Users/cianan/Documents/College/GitHub/FYP/Data/DailData/roi_audio_processed/gQj007YGRvg_Senator Rose Conway-Walsh - speech from 9 Jul 2019.wav,gQj007YGRvg,1,30,60,rose conway,Sinn Fein,Mayo,Ballycroy,Mayo,Connacht,gQj007YGRvg_Senator Rose Conway-Walsh - speech from 9 Jul 2019.wav,parliament,,0.30-1.00,DAIL,/Users/cianan/Documents/College/GitHub/FYP/Data/DailData/roi_audio_processed/gQj007YGRvg_Senator Rose Conway-Walsh - speech from 9 Jul 2019.wav
/Users/cianan/Documents/College/GitHub/FYP/Data/DailData/roi_audio_processed/k_7aGrVOS7g_Senator Rose Conway-Walsh - speech from 21 May 201.wav,k_7aGrVOS7g,1,30,60,rose conway,Sinn Fein,Mayo,Ballycroy,Mayo,Connacht,k_7aGrVOS7g_Senator Rose Conway-Walsh - speech from 21 May 201.wav,parliament,,0.30-1.00,DAIL,/Users/cianan/Documents/College/GitHub/FYP/Data/DailData/roi_audio_processed/k_7aGrVOS7g_Senator Rose Conway-Walsh - speech from 21 May 201.wav
/Users/cianan/Documents/College/GitHub/FYP/Data/DailData/roi_audio_processed/Z3LboOZqTX0_Deputy Ruth Coppinger - Government Business - 18.0.wav,Z3LboOZqTX0,1,30,60,ruth coppinger,Socialist Party,Dublin West,Dublin City,Dublin City Centre,Leinster,Z3LboOZqTX0_Deputy Ruth Coppinger - Government Business - 18.0.wav,parliament,,0.30-1.00,DAIL,/Users/cianan/Documents/College/GitHub/FYP/Data/DailData/roi_audio_processed/Z3LboOZqTX0_Deputy Ruth Coppinger - Government Business - 18.0.wav
/Users/cianan/Documents/College/GitHub/FYP/Data/DailData/roi_audio_processed/QdaO3p3SATU_Deputy Ruth Coppinger - Leaders’ Questions - 13 Ju.wav,QdaO3p3SATU,1,30,60,ruth coppinger,Socialist Party,Dublin West,Dublin City,Dublin City Centre,Leinster,QdaO3p3SATU_Deputy Ruth Coppinger - Leaders‚Äô Questions - 13 Ju.wav,parliament,,0.30-1.00,DAIL,/Users/cianan/Documents/College/GitHub/FYP/Data/DailData/roi_audio_processed/QdaO3p3SATU_Deputy Ruth Coppinger - Leaders’ Questions - 13 Ju.wav
/Users/cianan/Documents/College/GitHub/FYP/Data/DailData/roi_audio_processed/y5KIY9qMmUw_Deputy Ruth Coppinger - Priority Questions - 06.03.wav,y5KIY9qMmUw,1,30,60,ruth coppinger,Socialist Party,Dublin West,Dublin City,Dublin City Centre,Leinster,y5KIY9qMmUw_Deputy Ruth Coppinger - Priority Questions - 06.03.wav,parliament,,0.30-1.00,DAIL,/Users/cianan/Documents/College/GitHub/FYP/Data/DailData/roi_audio_processed/y5KIY9qMmUw_Deputy Ruth Coppinger - Priority Questions - 06.03.wav
/Users/cianan/Documents/College/GitHub/FYP/Data/DailData/roi_audio_processed/49DKHwIoIAk_Deputy Seamus Healy - Government Business - 19 Sep.wav,49DKHwIoIAk,1,30,60,seamus healy,Independent,Tipperary,Waterford City,Waterford,Munster,49DKHwIoIAk_Deputy Seamus Healy - Government Business - 19 Sep.wav,parliament,,0.30-1.00,DAIL,/Users/cianan/Documents/College/GitHub/FYP/Data/DailData/roi_audio_processed/49DKHwIoIAk_Deputy Seamus Healy - Government Business - 19 Sep.wav
/Users/cianan/Documents/College/GitHub/FYP/Data/DailData/roi_audio_processed/mPRydr2GaNY_Deputy Seamus Healy - Private Members’ Business - .wav,mPRydr2GaNY,1,30,60,seamus healy,Independent,Tipperary,Waterford City,Waterford,Munster,mPRydr2GaNY_Deputy Seamus Healy - Private Members‚Äô Business - .wav,parliament,,0.30-1.00,DAIL,/Users/cianan/Documents/College/GitHub/FYP/Data/DailData/roi_audio_processed/mPRydr2GaNY_Deputy Seamus Healy - Private Members’ Business - .wav
/Users/cianan/Documents/College/GitHub/FYP/Data/DailData/roi_audio_processed/ntINOEt0TEc_Deputy Seamus Healy - Topical Issues - 29 May 2019.wav,ntINOEt0TEc,1,30,60,seamus healy,Independent,Tipperary,Waterford City,Waterford,Munster,ntINOEt0TEc_Deputy Seamus Healy - Topical Issues - 29 May 2019.wav,parliament,,0.30-1.00,DAIL,/Users/cianan/Documents/College/GitHub/FYP/Data/DailData/roi_audio_processed/ntINOEt0TEc_Deputy Seamus Healy - Topical Issues - 29 May 2019.wav
/Users/cianan/Documents/College/GitHub/FYP/Data/DailData/roi_audio_processed/YR1DHD5gcSI_Deputy Seán Crowe - Questions on Promised Legislat.wav,YR1DHD5gcSI,1,30,60,sean crowe,Sinn Fein,Dublin South-West,Tallaght,Dublin West,Leinster,YR1DHD5gcSI_Deputy Se√°n Crowe - Questions on Promised Legislat.wav,parliament,,0.30-1.00,DAIL,/Users/cianan/Documents/College/GitHub/FYP/Data/DailData/roi_audio_processed/YR1DHD5gcSI_Deputy Seán Crowe - Questions on Promised Legislat.wav
/Users/cianan/Documents/College/GitHub/FYP/Data/DailData/roi_audio_processed/kxZyFnHfzGI_Deputy Seán Crowe - Priority Questions - 24 Sep 20.wav,kxZyFnHfzGI,1,30,60,sean crowe,Sinn Fein,Dublin South-West,Tallaght,Dublin West,Leinster,kxZyFnHfzGI_Deputy Se√°n Crowe - Priority Questions - 24 Sep 20.wav,parliament,,0.30-1.00,DAIL,/Users/cianan/Documents/College/GitHub/FYP/Data/DailData/roi_audio_processed/kxZyFnHfzGI_Deputy Seán Crowe - Priority Questions - 24 Sep 20.wav
/Users/cianan/Documents/College/GitHub/FYP/Data/DailData/roi_audio_processed/5J0KhCs-3js_Deputy Seán Fleming - Government Business - 24 Sep.wav,5J0KhCs-3js,1,30,60,sean fleming,Fianna Fail,Laois,Portlaoise,Laois,Leinster,5J0KhCs-3js_Deputy Se√°n Fleming - Government Business - 24 Sep.wav,parliament,,0.30-1.00,DAIL,/Users/cianan/Documents/College/GitHub/FYP/Data/DailData/roi_audio_processed/5J0KhCs-3js_Deputy Seán Fleming - Government Business - 24 Sep.wav
/Users/cianan/Documents/College/GitHub/FYP/Data/DailData/roi_audio_processed/aDENvFy7my4_Deputy Seán Fleming - Topical Issues - 10.04.2019.wav,aDENvFy7my4,1,30,60,sean fleming,Fianna Fail,Laois,Portlaoise,Laois,Leinster,aDENvFy7my4_Deputy Se√°n Fleming - Topical Issues - 10.04.2019.wav,parliament,,0.30-1.00,DAIL,/Users/cianan/Documents/College/GitHub/FYP/Data/DailData/roi_audio_processed/aDENvFy7my4_Deputy Seán Fleming - Topical Issues - 10.04.2019.wav
/Users/cianan/Documents/College/GitHub/FYP/Data/DailData/roi_audio_processed/JZELkM8ohmc_Deputy Seán Fleming - Private Members’ Business - .wav,JZELkM8ohmc,1,30,60,sean fleming,Fianna Fail,Laois,Portlaoise,Laois,Leinster,JZELkM8ohmc_Deputy Se√°n Fleming - Private Members‚Äô Business - .wav,parliament,,0.30-1.00,DAIL,/Users/cianan/Documents/College/GitHub/FYP/Data/DailData/roi_audio_processed/JZELkM8ohmc_Deputy Seán Fleming - Private Members’ Business - .wav
/Users/cianan/Documents/College/GitHub/FYP/Data/DailData/roi_audio_processed/hdRjXy9MYDw_Deputy Seán Haughey - Taoiseach’s Questions - 27.0.wav,hdRjXy9MYDw,1,30,60,sean haughey,Fianna Fail,Dublin Bay North,Raheny,Dublin North,Leinster,hdRjXy9MYDw_Deputy Se√°n Haughey - Taoiseach‚Äôs Questions - 27.0.wav,parliament,,0.30-1.00,DAIL,/Users/cianan/Documents/College/GitHub/FYP/Data/DailData/roi_audio_processed/hdRjXy9MYDw_Deputy Seán Haughey - Taoiseach’s Questions - 27.0.wav
/Users/cianan/Documents/College/GitHub/FYP/Data/DailData/roi_audio_processed/HeRR2izh5Hc_Deputy Seán Haughey - Government Business - 18 Sep.wav,HeRR2izh5Hc,1,30,60,sean haughey,Fianna Fail,Dublin Bay North,Raheny,Dublin North,Leinster,HeRR2izh5Hc_Deputy Se√°n Haughey - Government Business - 18 Sep.wav,parliament,,0.30-1.00,DAIL,/Users/cianan/Documents/College/GitHub/FYP/Data/DailData/roi_audio_processed/HeRR2izh5Hc_Deputy Seán Haughey - Government Business - 18 Sep.wav
/Users/cianan/Documents/College/GitHub/FYP/Data/DailData/roi_audio_processed/lSxK-AVCiF0_Deputy Seán Haughey - Questions on Promised Legisl.wav,lSxK-AVCiF0,1,30,60,sean haughey,Fianna Fail,Dublin Bay North,Raheny,Dublin North,Leinster,lSxK-AVCiF0_Deputy Se√°n Haughey - Questions on Promised Legisl.wav,parliament,,0.30-1.00,DAIL,/Users/cianan/Documents/College/GitHub/FYP/Data/DailData/roi_audio_processed/lSxK-AVCiF0_Deputy Seán Haughey - Questions on Promised Legisl.wav
/Users/cianan/Documents/College/GitHub/FYP/Data/DailData/roi_audio_processed/iwc72LWli2o_Deputy Seán Kyne - Private Members’ Business - 17 .wav,iwc72LWli2o,1,30,60,sean kyne,Fine Gael,,Moycullen,Galway,Connacht,iwc72LWli2o_Deputy Se√°n Kyne - Private Members‚Äô Business - 17 .wav,parliament,,0.30-1.00,DAIL,/Users/cianan/Documents/College/GitHub/FYP/Data/DailData/roi_audio_processed/iwc72LWli2o_Deputy Seán Kyne - Private Members’ Business - 17 .wav
/Users/cianan/Documents/College/GitHub/FYP/Data/DailData/roi_audio_processed/uFYT7IXpOBc_Deputy Seán Kyne - Order of Business - 28 May 2019.wav,uFYT7IXpOBc,1,30,60,sean kyne,Fine Gael,,Moycullen,Galway,Connacht,uFYT7IXpOBc_Deputy Se√°n Kyne - Order of Business - 28 May 2019.wav,parliament,,0.30-1.00,DAIL,/Users/cianan/Documents/College/GitHub/FYP/Data/DailData/roi_audio_processed/uFYT7IXpOBc_Deputy Seán Kyne - Order of Business - 28 May 2019.wav
/Users/cianan/Documents/College/GitHub/FYP/Data/DailData/roi_audio_processed/iIiPIMhBiNs_Deputy Seán Sherlock - Government Business - 19 Se.wav,iIiPIMhBiNs,1,30,60,sean sherlock,Labour,Cork East,Cork City,Cork,Munster,iIiPIMhBiNs_Deputy Se√°n Sherlock - Government Business - 19 Se.wav,parliament,,0.30-1.00,DAIL,/Users/cianan/Documents/College/GitHub/FYP/Data/DailData/roi_audio_processed/iIiPIMhBiNs_Deputy Seán Sherlock - Government Business - 19 Se.wav
/Users/cianan/Documents/College/GitHub/FYP/Data/DailData/roi_audio_processed/aAaCVhE64QM_Deputy Seán Sherlock - Government Business - 12 Ju.wav,aAaCVhE64QM,1,30,60,sean sherlock,Labour,Cork East,Cork City,Cork,Munster,aAaCVhE64QM_Deputy Se√°n Sherlock - Government Business - 12 Ju.wav,parliament,,0.30-1.00,DAIL,/Users/cianan/Documents/College/GitHub/FYP/Data/DailData/roi_audio_processed/aAaCVhE64QM_Deputy Seán Sherlock - Government Business - 12 Ju.wav
/Users/cianan/Documents/College/GitHub/FYP/Data/DailData/roi_audio_processed/WHH0i7pSyTA_Deputy Seán Sherlock - Priority Questions - 12.03..wav,WHH0i7pSyTA,1,30,60,sean sherlock,Labour,Cork East,Cork City,Cork,Munster,WHH0i7pSyTA_Deputy Se√°n Sherlock - Priority Questions - 12.03..wav,parliament,,0.30-1.00,DAIL,/Users/cianan/Documents/College/GitHub/FYP/Data/DailData/roi_audio_processed/WHH0i7pSyTA_Deputy Seán Sherlock - Priority Questions - 12.03..wav
/Users/cianan/Documents/College/GitHub/FYP/Data/DailData/roi_audio_processed/HBJAD4EA_sI_Deputy Shane Cassells - Topical Issues - 17 Sep 20.wav,HBJAD4EA_sI,1,30,60,shane cassells,Fianna Fail,Meath West,Navan,Meath,Leinster,HBJAD4EA_sI_Deputy Shane Cassells - Topical Issues - 17 Sep 20.wav,parliament,,0.30-1.00,DAIL,/Users/cianan/Documents/College/GitHub/FYP/Data/DailData/roi_audio_processed/HBJAD4EA_sI_Deputy Shane Cassells - Topical Issues - 17 Sep 20.wav
/Users/cianan/Documents/College/GitHub/FYP/Data/DailData/roi_audio_processed/BHiaWSIQ2Bw_Deputy Shane Cassells - Other Questions - 22 May 2.wav,BHiaWSIQ2Bw,1,30,60,shane cassells,Fianna Fail,Meath West,Navan,Meath,Leinster,BHiaWSIQ2Bw_Deputy Shane Cassells - Other Questions - 22 May 2.wav,parliament,,0.30-1.00,DAIL,/Users/cianan/Documents/College/GitHub/FYP/Data/DailData/roi_audio_processed/BHiaWSIQ2Bw_Deputy Shane Cassells - Other Questions - 22 May 2.wav
/Users/cianan/Documents/College/GitHub/FYP/Data/DailData/roi_audio_processed/e8k35T1S98k_Deputy Shane Cassells - Private Members’ Business .wav,e8k35T1S98k,1,30,60,shane cassells,Fianna Fail,Meath West,Navan,Meath,Leinster,e8k35T1S98k_Deputy Shane Cassells - Private Members‚Äô Business .wav,parliament,,0.30-1.00,DAIL,/Users/cianan/Documents/College/GitHub/FYP/Data/DailData/roi_audio_processed/e8k35T1S98k_Deputy Shane Cassells - Private Members’ Business .wav
/Users/cianan/Documents/College/GitHub/FYP/Data/DailData/roi_audio_processed/NAAci8DlpuY_Deputy Shane Cassells - Topical Issues - 13.03.201.wav,NAAci8DlpuY,1,30,60,shane cassells,Fianna Fail,Meath West,Navan,Meath,Leinster,NAAci8DlpuY_Deputy Shane Cassells - Topical Issues - 13.03.201.wav,parliament,,0.30-1.00,DAIL,/Users/cianan/Documents/College/GitHub/FYP/Data/DailData/roi_audio_processed/NAAci8DlpuY_Deputy Shane Cassells - Topical Issues - 13.03.201.wav
/Users/cianan/Documents/College/GitHub/FYP/Data/DailData/roi_audio_processed/K1vlEAV01Jo_Shane Ross  - speech from  16 Apr 2019.wav,K1vlEAV01Jo,1,30,60,shane ross,Independent,Dublin Rathdown,Goatstown,Dublin Dun Laoghaire,Leinster,K1vlEAV01Jo_Shane Ross  - speech from  16 Apr 2019.wav,parliament,,0.30-1.00,DAIL,/Users/cianan/Documents/College/GitHub/FYP/Data/DailData/roi_audio_processed/K1vlEAV01Jo_Shane Ross  - speech from  16 Apr 2019.wav
/Users/cianan/Documents/College/GitHub/FYP/Data/DailData/roi_audio_processed/IVKMErFHOQM_Deputy Simon Harris - Government Business - 05.03..wav,IVKMErFHOQM,1,30,60,simon harris,Fine Gael,Wicklow,Greystones,Wicklow,Leinster,IVKMErFHOQM_Deputy Simon Harris - Government Business - 05.03..wav,parliament,,0.30-1.00,DAIL,/Users/cianan/Documents/College/GitHub/FYP/Data/DailData/roi_audio_processed/IVKMErFHOQM_Deputy Simon Harris - Government Business - 05.03..wav
/Users/cianan/Documents/College/GitHub/FYP/Data/DailData/roi_audio_processed/mHnamqUts0w_Deputy Simon Harris - Government Business - 16.04..wav,mHnamqUts0w,1,30,60,simon harris,Fine Gael,Wicklow,Greystones,Wicklow,Leinster,mHnamqUts0w_Deputy Simon Harris - Government Business - 16.04..wav,parliament,,0.30-1.00,DAIL,/Users/cianan/Documents/College/GitHub/FYP/Data/DailData/roi_audio_processed/mHnamqUts0w_Deputy Simon Harris - Government Business - 16.04..wav
/Users/cianan/Documents/College/GitHub/FYP/Data/DailData/roi_audio_processed/ipBR1bKVseI_Deputy Simon Harris - Government Business - 19 Jun.wav,ipBR1bKVseI,1,30,60,simon harris,Fine Gael,Wicklow,Greystones,Wicklow,Leinster,ipBR1bKVseI_Deputy Simon Harris - Government Business - 19 Jun.wav,parliament,,0.30-1.00,DAIL,/Users/cianan/Documents/College/GitHub/FYP/Data/DailData/roi_audio_processed/ipBR1bKVseI_Deputy Simon Harris - Government Business - 19 Jun.wav
/Users/cianan/Documents/College/GitHub/FYP/Data/DailData/roi_audio_processed/e786UDIUks4_Deputy Stephen Donnelly - Government Business - 16.wav,e786UDIUks4,1,30,60,stephen donnelly,Fianna Fail,Wicklow,Delgany,Wicklow,Leinster,e786UDIUks4_Deputy Stephen Donnelly - Government Business - 16.wav,parliament,,0.30-1.00,DAIL,/Users/cianan/Documents/College/GitHub/FYP/Data/DailData/roi_audio_processed/e786UDIUks4_Deputy Stephen Donnelly - Government Business - 16.wav
/Users/cianan/Documents/College/GitHub/FYP/Data/DailData/roi_audio_processed/HGY0pag_1S4_Deputy Stephen Donnelly - Private Members’ Busines.wav,HGY0pag_1S4,1,30,60,stephen donnelly,Fianna Fail,Wicklow,Delgany,Wicklow,Leinster,HGY0pag_1S4_Deputy Stephen Donnelly - Private Members‚Äô Busines.wav,parliament,,0.30-1.00,DAIL,/Users/cianan/Documents/College/GitHub/FYP/Data/DailData/roi_audio_processed/HGY0pag_1S4_Deputy Stephen Donnelly - Private Members’ Busines.wav
/Users/cianan/Documents/College/GitHub/FYP/Data/DailData/roi_audio_processed/s4hGHrf37Ig_Deputy Stephen Donnelly - Government Business - 05.wav,s4hGHrf37Ig,1,30,60,stephen donnelly,Fianna Fail,Wicklow,Delgany,Wicklow,Leinster,s4hGHrf37Ig_Deputy Stephen Donnelly - Government Business - 05.wav,parliament,,0.30-1.00,DAIL,/Users/cianan/Documents/College/GitHub/FYP/Data/DailData/roi_audio_processed/s4hGHrf37Ig_Deputy Stephen Donnelly - Government Business - 05.wav
/Users/cianan/Documents/College/GitHub/FYP/Data/DailData/roi_audio_processed/KRScgc_gs4k_Deputy Stephen Donnelly - Private Members’ Busines.wav,KRScgc_gs4k,1,30,60,stephen donnelly,Fianna Fail,Wicklow,Delgany,Wicklow,Leinster,KRScgc_gs4k_Deputy Stephen Donnelly - Private Members‚Äô Busines.wav,parliament,,0.30-1.00,DAIL,/Users/cianan/Documents/College/GitHub/FYP/Data/DailData/roi_audio_processed/KRScgc_gs4k_Deputy Stephen Donnelly - Private Members’ Busines.wav
/Users/cianan/Documents/College/GitHub/FYP/Data/DailData/roi_audio_processed/XJw15dq3FZQ_Deputy Stephen Donnelly - Private Members’ Busines.wav,XJw15dq3FZQ,1,30,60,stephen donnelly,Fianna Fail,Wicklow,Delgany,Wicklow,Leinster,XJw15dq3FZQ_Deputy Stephen Donnelly - Private Members‚Äô Busines.wav,parliament,,0.30-1.00,DAIL,/Users/cianan/Documents/College/GitHub/FYP/Data/DailData/roi_audio_processed/XJw15dq3FZQ_Deputy Stephen Donnelly - Private Members’ Busines.wav
/Users/cianan/Documents/College/GitHub/FYP/Data/DailData/roi_audio_processed/FnG6fpjLz1g_Senator Terry Leyden - speech from 1 Oct 2019.wav,FnG6fpjLz1g,1,30,60,terry leyden,Fianna Fail,,Roscommon,Roscommon,Connacht,FnG6fpjLz1g_Senator Terry Leyden - speech from 1 Oct 2019.wav,parliament,,0.30-1.00,DAIL,/Users/cianan/Documents/College/GitHub/FYP/Data/DailData/roi_audio_processed/FnG6fpjLz1g_Senator Terry Leyden - speech from 1 Oct 2019.wav
/Users/cianan/Documents/College/GitHub/FYP/Data/DailData/roi_audio_processed/-2_xpuERTl8_Terry Leyden  - speech from  11 Apr 2019.wav,-2_xpuERTl8,1,30,60,terry leyden,Fianna Fail,,Roscommon,Roscommon,Connacht,-2_xpuERTl8_Terry Leyden  - speech from  11 Apr 2019.wav,parliament,,0.30-1.00,DAIL,/Users/cianan/Documents/College/GitHub/FYP/Data/DailData/roi_audio_processed/-2_xpuERTl8_Terry Leyden  - speech from  11 Apr 2019.wav
/Users/cianan/Documents/College/GitHub/FYP/Data/DailData/roi_audio_processed/DJraoljzvSA_Senator Terry Leyden - speech from 19 Jun 2019.wav,DJraoljzvSA,1,30,60,terry leyden,Fianna Fail,,Roscommon,Roscommon,Connacht,DJraoljzvSA_Senator Terry Leyden - speech from 19 Jun 2019.wav,parliament,,0.30-1.00,DAIL,/Users/cianan/Documents/College/GitHub/FYP/Data/DailData/roi_audio_processed/DJraoljzvSA_Senator Terry Leyden - speech from 19 Jun 2019.wav
/Users/cianan/Documents/College/GitHub/FYP/Data/DailData/roi_audio_processed/yUkqZ9eSjzY_Terry Leyden - speech from  18 Apr 2019.wav,yUkqZ9eSjzY,1,30,60,terry leyden,Fianna Fail,,Roscommon,Roscommon,Connacht,yUkqZ9eSjzY_Terry Leyden - speech from  18 Apr 2019.wav,parliament,,0.30-1.00,DAIL,/Users/cianan/Documents/College/GitHub/FYP/Data/DailData/roi_audio_processed/yUkqZ9eSjzY_Terry Leyden - speech from  18 Apr 2019.wav
/Users/cianan/Documents/College/GitHub/FYP/Data/DailData/roi_audio_processed/Re1_Gdxjc2U_Senator Terry Leyden - speech from 11 Jun 2019.wav,Re1_Gdxjc2U,1,30,60,terry leyden,Fianna Fail,,Roscommon,Roscommon,Connacht,Re1_Gdxjc2U_Senator Terry Leyden - speech from 11 Jun 2019.wav,parliament,,0.30-1.00,DAIL,/Users/cianan/Documents/College/GitHub/FYP/Data/DailData/roi_audio_processed/Re1_Gdxjc2U_Senator Terry Leyden - speech from 11 Jun 2019.wav
/Users/cianan/Documents/College/GitHub/FYP/Data/DailData/roi_audio_processed/uddPkzffk3o_Senator Terry Leyden - speech from 28 May 2019.wav,uddPkzffk3o,1,30,60,terry leyden,Fianna Fail,,Roscommon,Roscommon,Connacht,uddPkzffk3o_Senator Terry Leyden - speech from 28 May 2019.wav,parliament,,0.30-1.00,DAIL,/Users/cianan/Documents/College/GitHub/FYP/Data/DailData/roi_audio_processed/uddPkzffk3o_Senator Terry Leyden - speech from 28 May 2019.wav
/Users/cianan/Documents/College/GitHub/FYP/Data/DailData/roi_audio_processed/CZW9-n78kwY_Senator Terry Leyden - Order of Business - 8 May 2.wav,CZW9-n78kwY,1,30,60,terry leyden,Fianna Fail,,Roscommon,Roscommon,Connacht,CZW9-n78kwY_Senator Terry Leyden - Order of Business - 8 May 2.wav,parliament,,0.30-1.00,DAIL,/Users/cianan/Documents/College/GitHub/FYP/Data/DailData/roi_audio_processed/CZW9-n78kwY_Senator Terry Leyden - Order of Business - 8 May 2.wav
/Users/cianan/Documents/College/GitHub/FYP/Data/DailData/roi_audio_processed/0iexV43SQwk_Terry Leyden - speech from  09 Apr 2019.wav,0iexV43SQwk,1,30,60,terry leyden,Fianna Fail,,Roscommon,Roscommon,Connacht,0iexV43SQwk_Terry Leyden - speech from  09 Apr 2019.wav,parliament,,0.30-1.00,DAIL,/Users/cianan/Documents/College/GitHub/FYP/Data/DailData/roi_audio_processed/0iexV43SQwk_Terry Leyden - speech from  09 Apr 2019.wav
/Users/cianan/Documents/College/GitHub/FYP/Data/DailData/roi_audio_processed/tjlgAFbxYSQ_Deputy Thomas Byrne - Questions on Promised Legisl.wav,tjlgAFbxYSQ,1,30,60,thomas byrne,Fianna Fail,Meath East,Drogheda,Louth,Leinster,tjlgAFbxYSQ_Deputy Thomas Byrne - Questions on Promised Legisl.wav,parliament,,0.30-1.00,DAIL,/Users/cianan/Documents/College/GitHub/FYP/Data/DailData/roi_audio_processed/tjlgAFbxYSQ_Deputy Thomas Byrne - Questions on Promised Legisl.wav
/Users/cianan/Documents/College/GitHub/FYP/Data/DailData/roi_audio_processed/AaUuCu5FfdY_Deputy Thomas Byrne - Government Business - 05.03..wav,AaUuCu5FfdY,1,30,60,thomas byrne,Fianna Fail,Meath East,Drogheda,Louth,Leinster,AaUuCu5FfdY_Deputy Thomas Byrne - Government Business - 05.03..wav,parliament,,0.30-1.00,DAIL,/Users/cianan/Documents/College/GitHub/FYP/Data/DailData/roi_audio_processed/AaUuCu5FfdY_Deputy Thomas Byrne - Government Business - 05.03..wav
/Users/cianan/Documents/College/GitHub/FYP/Data/DailData/roi_audio_processed/Hw_nvNvrW0k_Deputy Thomas Byrne - Priority Questions - 8 May 2.wav,Hw_nvNvrW0k,1,30,60,thomas byrne,Fianna Fail,Meath East,Drogheda,Louth,Leinster,Hw_nvNvrW0k_Deputy Thomas Byrne - Priority Questions - 8 May 2.wav,parliament,,0.30-1.00,DAIL,/Users/cianan/Documents/College/GitHub/FYP/Data/DailData/roi_audio_processed/Hw_nvNvrW0k_Deputy Thomas Byrne - Priority Questions - 8 May 2.wav
/Users/cianan/Documents/College/GitHub/FYP/Data/DailData/roi_audio_processed/256wuRokSH0_Deputy Thomas Byrne - Private Members’ Business - .wav,256wuRokSH0,1,30,60,thomas byrne,Fianna Fail,Meath East,Drogheda,Louth,Leinster,256wuRokSH0_Deputy Thomas Byrne - Private Members‚Äô Business - .wav,parliament,,0.30-1.00,DAIL,/Users/cianan/Documents/College/GitHub/FYP/Data/DailData/roi_audio_processed/256wuRokSH0_Deputy Thomas Byrne - Private Members’ Business - .wav
/Users/cianan/Documents/College/GitHub/FYP/Data/DailData/roi_audio_processed/OGP7AOA88QI_Deputy Thomas P. Broughan - Government Business - .wav,OGP7AOA88QI,1,30,60,thomas p. broughan,Independent,Dublin Bay North,Dublin City,Dublin City Centre,Leinster,OGP7AOA88QI_Deputy Thomas P. Broughan - Government Business - .wav,parliament,,0.30-1.00,DAIL,/Users/cianan/Documents/College/GitHub/FYP/Data/DailData/roi_audio_processed/OGP7AOA88QI_Deputy Thomas P. Broughan - Government Business - .wav
/Users/cianan/Documents/College/GitHub/FYP/Data/DailData/roi_audio_processed/Z7K6CLI8idY_Deputy Thomas P. Broughan - Priority Questions - 0.wav,Z7K6CLI8idY,1,30,60,thomas p. broughan,Independent,Dublin Bay North,Dublin City,Dublin City Centre,Leinster,Z7K6CLI8idY_Deputy Thomas P. Broughan - Priority Questions - 0.wav,parliament,,0.30-1.00,DAIL,/Users/cianan/Documents/College/GitHub/FYP/Data/DailData/roi_audio_processed/Z7K6CLI8idY_Deputy Thomas P. Broughan - Priority Questions - 0.wav
/Users/cianan/Documents/College/GitHub/FYP/Data/DailData/roi_audio_processed/afaduYJKjfc_Deputy Thomas P. Broughan - Other Questions - 17 S.wav,afaduYJKjfc,1,30,60,thomas p. broughan,Independent,Dublin Bay North,Dublin City,Dublin City Centre,Leinster,afaduYJKjfc_Deputy Thomas P. Broughan - Other Questions - 17 S.wav,parliament,,0.30-1.00,DAIL,/Users/cianan/Documents/College/GitHub/FYP/Data/DailData/roi_audio_processed/afaduYJKjfc_Deputy Thomas P. Broughan - Other Questions - 17 S.wav
/Users/cianan/Documents/College/GitHub/FYP/Data/DailData/roi_audio_processed/B_6mkneJVFg_Deputy Thomas P. Broughan - Government Business - .wav,B_6mkneJVFg,1,30,60,thomas p. broughan,Independent,Dublin Bay North,Dublin City,Dublin City Centre,Leinster,B_6mkneJVFg_Deputy Thomas P. Broughan - Government Business - .wav,parliament,,0.30-1.00,DAIL,/Users/cianan/Documents/College/GitHub/FYP/Data/DailData/roi_audio_processed/B_6mkneJVFg_Deputy Thomas P. Broughan - Government Business - .wav
/Users/cianan/Documents/College/GitHub/FYP/Data/DailData/roi_audio_processed/FzrSmZ2BBMg_Deputy Thomas Pringle - Other Questions - 18 Jun 2.wav,FzrSmZ2BBMg,1,30,60,thomas pringle,Independent,Donegal,Dublin City,Dublin City Centre,Leinster,FzrSmZ2BBMg_Deputy Thomas Pringle - Other Questions - 18 Jun 2.wav,parliament,,0.30-1.00,DAIL,/Users/cianan/Documents/College/GitHub/FYP/Data/DailData/roi_audio_processed/FzrSmZ2BBMg_Deputy Thomas Pringle - Other Questions - 18 Jun 2.wav
/Users/cianan/Documents/College/GitHub/FYP/Data/DailData/roi_audio_processed/OyqvBhHMASE_Deputy Thomas Pringle - Other Questions - 06.03.20.wav,OyqvBhHMASE,1,30,60,thomas pringle,Independent,Donegal,Dublin City,Dublin City Centre,Leinster,OyqvBhHMASE_Deputy Thomas Pringle - Other Questions - 06.03.20.wav,parliament,,0.30-1.00,DAIL,/Users/cianan/Documents/College/GitHub/FYP/Data/DailData/roi_audio_processed/OyqvBhHMASE_Deputy Thomas Pringle - Other Questions - 06.03.20.wav
/Users/cianan/Documents/College/GitHub/FYP/Data/DailData/roi_audio_processed/skI6navg9nI_Deputy Thomas Pringle - Leaders’ Questions - 17 Se.wav,skI6navg9nI,1,30,60,thomas pringle,Independent,Donegal,Dublin City,Dublin City Centre,Leinster,skI6navg9nI_Deputy Thomas Pringle - Leaders‚Äô Questions - 17 Se.wav,parliament,,0.30-1.00,DAIL,/Users/cianan/Documents/College/GitHub/FYP/Data/DailData/roi_audio_processed/skI6navg9nI_Deputy Thomas Pringle - Leaders’ Questions - 17 Se.wav
/Users/cianan/Documents/College/GitHub/FYP/Data/DailData/roi_audio_processed/aFMInx7-gSA_Deputy Thomas Pringle - Private Members’ Business .wav,aFMInx7-gSA,1,30,60,thomas pringle,Independent,Donegal,Dublin City,Dublin City Centre,Leinster,aFMInx7-gSA_Deputy Thomas Pringle - Private Members‚Äô Business .wav,parliament,,0.30-1.00,DAIL,/Users/cianan/Documents/College/GitHub/FYP/Data/DailData/roi_audio_processed/aFMInx7-gSA_Deputy Thomas Pringle - Private Members’ Business .wav
/Users/cianan/Documents/College/GitHub/FYP/Data/DailData/roi_audio_processed/RMaswV7jdEo_Senator Tim Lombard - speech from 24 Sep 2019.wav,RMaswV7jdEo,1,30,60,tim lombard,Fine Gael,,Cork City,Cork,Munster,RMaswV7jdEo_Senator Tim Lombard - speech from 24 Sep 2019.wav,parliament,,0.30-1.00,DAIL,/Users/cianan/Documents/College/GitHub/FYP/Data/DailData/roi_audio_processed/RMaswV7jdEo_Senator Tim Lombard - speech from 24 Sep 2019.wav
/Users/cianan/Documents/College/GitHub/FYP/Data/DailData/roi_audio_processed/fhZ5bRDsNV4_Senator Tim Lombard - speech from 16 May 2019.wav,fhZ5bRDsNV4,1,30,60,tim lombard,Fine Gael,,Cork City,Cork,Munster,fhZ5bRDsNV4_Senator Tim Lombard - speech from 16 May 2019.wav,parliament,,0.30-1.00,DAIL,/Users/cianan/Documents/College/GitHub/FYP/Data/DailData/roi_audio_processed/fhZ5bRDsNV4_Senator Tim Lombard - speech from 16 May 2019.wav
/Users/cianan/Documents/College/GitHub/FYP/Data/DailData/roi_audio_processed/YTbf3PKtY1U_Senator Tim Lombard - speech from 21 May 2019.wav,YTbf3PKtY1U,1,30,60,tim lombard,Fine Gael,,Cork City,Cork,Munster,YTbf3PKtY1U_Senator Tim Lombard - speech from 21 May 2019.wav,parliament,,0.30-1.00,DAIL,/Users/cianan/Documents/College/GitHub/FYP/Data/DailData/roi_audio_processed/YTbf3PKtY1U_Senator Tim Lombard - speech from 21 May 2019.wav
/Users/cianan/Documents/College/GitHub/FYP/Data/DailData/roi_audio_processed/lWC_X23-OEI_Senator Tim Lombard - speech from 30 May 2019.wav,lWC_X23-OEI,1,30,60,tim lombard,Fine Gael,,Cork City,Cork,Munster,lWC_X23-OEI_Senator Tim Lombard - speech from 30 May 2019.wav,parliament,,0.30-1.00,DAIL,/Users/cianan/Documents/College/GitHub/FYP/Data/DailData/roi_audio_processed/lWC_X23-OEI_Senator Tim Lombard - speech from 30 May 2019.wav
/Users/cianan/Documents/College/GitHub/FYP/Data/DailData/roi_audio_processed/8VenebwheHk_Senator Tim Lombard - speech from 3 Jul 2019.wav,8VenebwheHk,1,30,60,tim lombard,Fine Gael,,Cork City,Cork,Munster,8VenebwheHk_Senator Tim Lombard - speech from 3 Jul 2019.wav,parliament,,0.30-1.00,DAIL,/Users/cianan/Documents/College/GitHub/FYP/Data/DailData/roi_audio_processed/8VenebwheHk_Senator Tim Lombard - speech from 3 Jul 2019.wav
/Users/cianan/Documents/College/GitHub/FYP/Data/DailData/roi_audio_processed/TEAsQSfruWU_Deputy Timmy Dooley - Government Business - 20 Jun.wav,TEAsQSfruWU,1,30,60,timmy dooley,Fianna Fail,Clare,Limerick City,Limerick,Munster,TEAsQSfruWU_Deputy Timmy Dooley - Government Business - 20 Jun.wav,parliament,,0.30-1.00,DAIL,/Users/cianan/Documents/College/GitHub/FYP/Data/DailData/roi_audio_processed/TEAsQSfruWU_Deputy Timmy Dooley - Government Business - 20 Jun.wav
/Users/cianan/Documents/College/GitHub/FYP/Data/DailData/roi_audio_processed/uhQEu5MWhpA_Deputy Timmy Dooley - Priority Questions - 27.03.2.wav,uhQEu5MWhpA,1,30,60,timmy dooley,Fianna Fail,Clare,Limerick City,Limerick,Munster,uhQEu5MWhpA_Deputy Timmy Dooley - Priority Questions - 27.03.2.wav,parliament,,0.30-1.00,DAIL,/Users/cianan/Documents/College/GitHub/FYP/Data/DailData/roi_audio_processed/uhQEu5MWhpA_Deputy Timmy Dooley - Priority Questions - 27.03.2.wav
/Users/cianan/Documents/College/GitHub/FYP/Data/DailData/roi_audio_processed/oZQ2gZ__vOA_Deputy Timmy Dooley - Leaders’ Questions - 9 May 2.wav,oZQ2gZ__vOA,1,30,60,timmy dooley,Fianna Fail,Clare,Limerick City,Limerick,Munster,oZQ2gZ__vOA_Deputy Timmy Dooley - Leaders‚Äô Questions - 9 May 2.wav,parliament,,0.30-1.00,DAIL,/Users/cianan/Documents/College/GitHub/FYP/Data/DailData/roi_audio_processed/oZQ2gZ__vOA_Deputy Timmy Dooley - Leaders’ Questions - 9 May 2.wav
/Users/cianan/Documents/College/GitHub/FYP/Data/DailData/roi_audio_processed/FdE1UvINldQ_Deputy Tom Neville - Other Questions - 21 May 2019.wav,FdE1UvINldQ,1,30,60,tom neville,Fine Gael,Limerick County,Limerick City,Limerick,Munster,FdE1UvINldQ_Deputy Tom Neville - Other Questions - 21 May 2019.wav,parliament,,0.30-1.00,DAIL,/Users/cianan/Documents/College/GitHub/FYP/Data/DailData/roi_audio_processed/FdE1UvINldQ_Deputy Tom Neville - Other Questions - 21 May 2019.wav
/Users/cianan/Documents/College/GitHub/FYP/Data/DailData/roi_audio_processed/5RdGg8pv7h8_Deputy Tom Neville - Questions on Promised Legisla.wav,5RdGg8pv7h8,1,30,60,tom neville,Fine Gael,Limerick County,Limerick City,Limerick,Munster,5RdGg8pv7h8_Deputy Tom Neville - Questions on Promised Legisla.wav,parliament,,0.30-1.00,DAIL,/Users/cianan/Documents/College/GitHub/FYP/Data/DailData/roi_audio_processed/5RdGg8pv7h8_Deputy Tom Neville - Questions on Promised Legisla.wav
/Users/cianan/Documents/College/GitHub/FYP/Data/DailData/roi_audio_processed/VjLfGYPtbuw_Deputy Tom Neville - Questions on Promised Legisla.wav,VjLfGYPtbuw,1,30,60,tom neville,Fine Gael,Limerick County,Limerick City,Limerick,Munster,VjLfGYPtbuw_Deputy Tom Neville - Questions on Promised Legisla.wav,parliament,,0.30-1.00,DAIL,/Users/cianan/Documents/College/GitHub/FYP/Data/DailData/roi_audio_processed/VjLfGYPtbuw_Deputy Tom Neville - Questions on Promised Legisla.wav
/Users/cianan/Documents/College/GitHub/FYP/Data/DailData/roi_audio_processed/XZZ1fxMfpuI_Deputy Tom Neville - Government Business - 10.04.2.wav,XZZ1fxMfpuI,1,30,60,tom neville,Fine Gael,Limerick County,Limerick City,Limerick,Munster,XZZ1fxMfpuI_Deputy Tom Neville - Government Business - 10.04.2.wav,parliament,,0.30-1.00,DAIL,/Users/cianan/Documents/College/GitHub/FYP/Data/DailData/roi_audio_processed/XZZ1fxMfpuI_Deputy Tom Neville - Government Business - 10.04.2.wav
/Users/cianan/Documents/College/GitHub/FYP/Data/DailData/roi_audio_processed/K2OmSBKmD9I_Deputy Tom Neville - Order of Business - 12.03.201.wav,K2OmSBKmD9I,1,30,60,tom neville,Fine Gael,Limerick County,Limerick City,Limerick,Munster,K2OmSBKmD9I_Deputy Tom Neville - Order of Business - 12.03.201.wav,parliament,,0.30-1.00,DAIL,/Users/cianan/Documents/College/GitHub/FYP/Data/DailData/roi_audio_processed/K2OmSBKmD9I_Deputy Tom Neville - Order of Business - 12.03.201.wav
/Users/cianan/Documents/College/GitHub/FYP/Data/DailData/roi_audio_processed/h3cgwLXyYYs_Deputy Tom Neville - Government Business - 27 Jun .wav,h3cgwLXyYYs,1,30,60,tom neville,Fine Gael,Limerick County,Limerick City,Limerick,Munster,h3cgwLXyYYs_Deputy Tom Neville - Government Business - 27 Jun .wav,parliament,,0.30-1.00,DAIL,/Users/cianan/Documents/College/GitHub/FYP/Data/DailData/roi_audio_processed/h3cgwLXyYYs_Deputy Tom Neville - Government Business - 27 Jun .wav
/Users/cianan/Documents/College/GitHub/FYP/Data/DailData/roi_audio_processed/E4ygOgt1TQs_Deputy Tony McLoughlin - Other Questions - 12.03.2.wav,E4ygOgt1TQs,1,30,60,tony mcloughlin,Fine Gael,Sligo-Leitrim,Sligo Town,Sligo,Connacht,E4ygOgt1TQs_Deputy Tony McLoughlin - Other Questions - 12.03.2.wav,parliament,,0.30-1.00,DAIL,/Users/cianan/Documents/College/GitHub/FYP/Data/DailData/roi_audio_processed/E4ygOgt1TQs_Deputy Tony McLoughlin - Other Questions - 12.03.2.wav
/Users/cianan/Documents/College/GitHub/FYP/Data/DailData/roi_audio_processed/eYu_M9ivZQE_Deputy Tony McLoughlin - Other Questions - 3 Jul 2.wav,eYu_M9ivZQE,1,30,60,tony mcloughlin,Fine Gael,Sligo-Leitrim,Sligo Town,Sligo,Connacht,eYu_M9ivZQE_Deputy Tony McLoughlin - Other Questions - 3 Jul 2.wav,parliament,,0.30-1.00,DAIL,/Users/cianan/Documents/College/GitHub/FYP/Data/DailData/roi_audio_processed/eYu_M9ivZQE_Deputy Tony McLoughlin - Other Questions - 3 Jul 2.wav
/Users/cianan/Documents/College/GitHub/FYP/Data/DailData/roi_audio_processed/HBzE6jLmRsM_Deputy Tony McLoughlin - Other Questions - 19 Sep .wav,HBzE6jLmRsM,1,30,60,tony mcloughlin,Fine Gael,Sligo-Leitrim,Sligo Town,Sligo,Connacht,HBzE6jLmRsM_Deputy Tony McLoughlin - Other Questions - 19 Sep .wav,parliament,,0.30-1.00,DAIL,/Users/cianan/Documents/College/GitHub/FYP/Data/DailData/roi_audio_processed/HBzE6jLmRsM_Deputy Tony McLoughlin - Other Questions - 19 Sep .wav
/Users/cianan/Documents/College/GitHub/FYP/Data/DailData/roi_audio_processed/mCoXAB4H1eQ_Senator Victor Boyhan - speech from 25 Sep 2019.wav,mCoXAB4H1eQ,1,30,60,victor boyhan,Independent,,Dun Laoghaire,Dublin Dun Laoghaire,Leinster,mCoXAB4H1eQ_Senator Victor Boyhan - speech from 25 Sep 2019.wav,parliament,,0.30-1.00,DAIL,/Users/cianan/Documents/College/GitHub/FYP/Data/DailData/roi_audio_processed/mCoXAB4H1eQ_Senator Victor Boyhan - speech from 25 Sep 2019.wav
/Users/cianan/Documents/College/GitHub/FYP/Data/DailData/roi_audio_processed/gIL4YWueKXE_Senator Victor Boyhan - speech from 21 May 2019.wav,gIL4YWueKXE,1,30,60,victor boyhan,Independent,,Dun Laoghaire,Dublin Dun Laoghaire,Leinster,gIL4YWueKXE_Senator Victor Boyhan - speech from 21 May 2019.wav,parliament,,0.30-1.00,DAIL,/Users/cianan/Documents/College/GitHub/FYP/Data/DailData/roi_audio_processed/gIL4YWueKXE_Senator Victor Boyhan - speech from 21 May 2019.wav
/Users/cianan/Documents/College/GitHub/FYP/Data/DailData/roi_audio_processed/NyBqfeWKHtI_Senator Victor Boyhan - Commencement Matters - 8 M.wav,NyBqfeWKHtI,1,30,60,victor boyhan,Independent,,Dun Laoghaire,Dublin Dun Laoghaire,Leinster,NyBqfeWKHtI_Senator Victor Boyhan - Commencement Matters - 8 M.wav,parliament,,0.30-1.00,DAIL,/Users/cianan/Documents/College/GitHub/FYP/Data/DailData/roi_audio_processed/NyBqfeWKHtI_Senator Victor Boyhan - Commencement Matters - 8 M.wav
/Users/cianan/Documents/College/GitHub/FYP/Data/DailData/roi_audio_processed/gSom0uvq_xA_Victor Boyhan - speech from  17 Apr 2019.wav,gSom0uvq_xA,1,30,60,victor boyhan,Independent,,Dun Laoghaire,Dublin Dun Laoghaire,Leinster,gSom0uvq_xA_Victor Boyhan - speech from  17 Apr 2019.wav,parliament,,0.30-1.00,DAIL,/Users/cianan/Documents/College/GitHub/FYP/Data/DailData/roi_audio_processed/gSom0uvq_xA_Victor Boyhan - speech from  17 Apr 2019.wav
/Users/cianan/Documents/College/GitHub/FYP/Data/DailData/roi_audio_processed/Wfz_rN-DI-Q_Senator Victor Boyhan - speech from 10 Jul 2019.wav,Wfz_rN-DI-Q,1,30,60,victor boyhan,Independent,,Dun Laoghaire,Dublin Dun Laoghaire,Leinster,Wfz_rN-DI-Q_Senator Victor Boyhan - speech from 10 Jul 2019.wav,parliament,,0.30-1.00,DAIL,/Users/cianan/Documents/College/GitHub/FYP/Data/DailData/roi_audio_processed/Wfz_rN-DI-Q_Senator Victor Boyhan - speech from 10 Jul 2019.wav
/Users/cianan/Documents/College/GitHub/FYP/Data/DailData/roi_audio_processed/ol0Rwovb2O4_Senator Victor Boyhan - speech from 11 Jun 2019.wav,ol0Rwovb2O4,1,30,60,victor boyhan,Independent,,Dun Laoghaire,Dublin Dun Laoghaire,Leinster,ol0Rwovb2O4_Senator Victor Boyhan - speech from 11 Jun 2019.wav,parliament,,0.30-1.00,DAIL,/Users/cianan/Documents/College/GitHub/FYP/Data/DailData/roi_audio_processed/ol0Rwovb2O4_Senator Victor Boyhan - speech from 11 Jun 2019.wav
/Users/cianan/Documents/College/GitHub/FYP/Data/DailData/roi_audio_processed/ikX_XYIIvdI_Victor Boyhan  - speech from  16 Apr 2019.wav,ikX_XYIIvdI,1,30,60,victor boyhan,Independent,,Dun Laoghaire,Dublin Dun Laoghaire,Leinster,ikX_XYIIvdI_Victor Boyhan  - speech from  16 Apr 2019.wav,parliament,,0.30-1.00,DAIL,/Users/cianan/Documents/College/GitHub/FYP/Data/DailData/roi_audio_processed/ikX_XYIIvdI_Victor Boyhan  - speech from  16 Apr 2019.wav
/Users/cianan/Documents/College/GitHub/FYP/Data/DailData/roi_audio_processed/QCCZbO97LRQ_Deputy Willie O'Dea - Questions on Promised Legisl.wav,QCCZbO97LRQ,1,30,60,willie o'dea,Fianna Fail,Limerick County,Limerick City,Limerick,Munster,QCCZbO97LRQ_Deputy Willie O'Dea - Questions on Promised Legisl.wav,parliament,,0.30-1.00,DAIL,/Users/cianan/Documents/College/GitHub/FYP/Data/DailData/roi_audio_processed/QCCZbO97LRQ_Deputy Willie O'Dea - Questions on Promised Legisl.wav
/Users/cianan/Documents/College/GitHub/FYP/Data/DailData/roi_audio_processed/LAv6E6LqEWc_Deputy Willie O'Dea - Priority Questions - 25 Sep .wav,LAv6E6LqEWc,1,30,60,willie o'dea,Fianna Fail,Limerick County,Limerick City,Limerick,Munster,LAv6E6LqEWc_Deputy Willie O'Dea - Priority Questions - 25 Sep .wav,parliament,,0.30-1.00,DAIL,/Users/cianan/Documents/College/GitHub/FYP/Data/DailData/roi_audio_processed/LAv6E6LqEWc_Deputy Willie O'Dea - Priority Questions - 25 Sep .wav
/Users/cianan/Documents/College/GitHub/FYP/Data/DailData/roi_audio_processed/ccpPHI2IR_M_Deputy Willie O'Dea - Topical Issues - 18 Jun 2019.wav,ccpPHI2IR_M,1,30,60,willie o'dea,Fianna Fail,Limerick County,Limerick City,Limerick,Munster,ccpPHI2IR_M_Deputy Willie O'Dea - Topical Issues - 18 Jun 2019.wav,parliament,,0.30-1.00,DAIL,/Users/cianan/Documents/College/GitHub/FYP/Data/DailData/roi_audio_processed/ccpPHI2IR_M_Deputy Willie O'Dea - Topical Issues - 18 Jun 2019.wav
/Users/cianan/Documents/College/GitHub/FYP/Data/DailData/roi_audio_processed/O_XvPr0FGEI_Deputy Willie O'Dea - Government Business - 06.03..wav,O_XvPr0FGEI,1,30,60,willie o'dea,Fianna Fail,Limerick County,Limerick City,Limerick,Munster,O_XvPr0FGEI_Deputy Willie O'Dea - Government Business - 06.03..wav,parliament,,0.30-1.00,DAIL,/Users/cianan/Documents/College/GitHub/FYP/Data/DailData/roi_audio_processed/O_XvPr0FGEI_Deputy Willie O'Dea - Government Business - 06.03..wav
/Users/cianan/Documents/College/GitHub/FYP/Data/DailData/roi_audio_processed/IyRPeeynJ7c_Deputy Willie Penrose - Private Members’ Business .wav,IyRPeeynJ7c,1,30,60,willie penrose,Labour,Longford-Westmeath,Ballynacargy,Westmeath,Leinster,IyRPeeynJ7c_Deputy Willie Penrose - Private Members‚Äô Business .wav,parliament,,0.30-1.00,DAIL,/Users/cianan/Documents/College/GitHub/FYP/Data/DailData/roi_audio_processed/IyRPeeynJ7c_Deputy Willie Penrose - Private Members’ Business .wav
/Users/cianan/Documents/College/GitHub/FYP/Data/DailData/roi_audio_processed/xWi9H1RrOVY_Deputy Willie Penrose - Priority Questions - 30 Ma.wav,xWi9H1RrOVY,1,30,60,willie penrose,Labour,Longford-Westmeath,Ballynacargy,Westmeath,Leinster,xWi9H1RrOVY_Deputy Willie Penrose - Priority Questions - 30 Ma.wav,parliament,,0.30-1.00,DAIL,/Users/cianan/Documents/College/GitHub/FYP/Data/DailData/roi_audio_processed/xWi9H1RrOVY_Deputy Willie Penrose - Priority Questions - 30 Ma.wav
/Users/cianan/Documents/College/GitHub/FYP/Data/DailData/roi_audio_processed/cVaCk7hLUmc_Deputy Willie Penrose - Private Members’ Business .wav,cVaCk7hLUmc,1,30,60,willie penrose,Labour,Longford-Westmeath,Ballynacargy,Westmeath,Leinster,cVaCk7hLUmc_Deputy Willie Penrose - Private Members‚Äô Business .wav,parliament,,0.30-1.00,DAIL,/Users/cianan/Documents/College/GitHub/FYP/Data/DailData/roi_audio_processed/cVaCk7hLUmc_Deputy Willie Penrose - Private Members’ Business .wav
/Users/cianan/Documents/College/GitHub/FYP/Data/DailData/roi_audio_processed/8EVSSC1Mkcw_Deputy Willie Penrose - Private Members’ Business .wav,8EVSSC1Mkcw,1,30,60,willie penrose,Labour,Longford-Westmeath,Ballynacargy,Westmeath,Leinster,8EVSSC1Mkcw_Deputy Willie Penrose - Private Members‚Äô Business .wav,parliament,,0.30-1.00,DAIL,/Users/cianan/Documents/College/GitHub/FYP/Data/DailData/roi_audio_processed/8EVSSC1Mkcw_Deputy Willie Penrose - Private Members’ Business .wav
/Users/cianan/Documents/College/GitHub/FYP/Data/DailData/roi_audio_processed/MajuwzBaA7k_Deputy Willie Penrose - Questions on Promised Legi.wav,MajuwzBaA7k,1,30,60,willie penrose,Labour,Longford-Westmeath,Ballynacargy,Westmeath,Leinster,MajuwzBaA7k_Deputy Willie Penrose - Questions on Promised Legi.wav,parliament,,0.30-1.00,DAIL,/Users/cianan/Documents/College/GitHub/FYP/Data/DailData/roi_audio_processed/MajuwzBaA7k_Deputy Willie Penrose - Questions on Promised Legi.wav