filepath,speaker,label,dataset
/Users/cianan/Documents/College/GitHub/FYP/Data/segments_clean_lufs10s/Gavin_Robinson_Democratic_Unionist_Party_Belfast_East_Zjw54vT2uUs_001__5c2cc5ceda.wav,Gavin Robinson,Ulster,NI
/Users/cianan/Documents/College/GitHub/FYP/Data/segments_clean_lufs10s/Gavin_Robinson_Democratic_Unionist_Party_Belfast_East_Zjw54vT2uUs_002__10c12d8176.wav,Gavin Robinson,Ulster,NI
/Users/cianan/Documents/College/GitHub/FYP/Data/segments_clean_lufs10s/Gavin_Robinson_Democratic_Unionist_Party_Belfast_East_Zjw54vT2uUs_003__97e160177d.wav,Gavin Robinson,Ulster,NI
/Users/cianan/Documents/College/GitHub/FYP/Data/segments_clean_lufs10s/Gavin_Robinson_Democratic_Unionist_Party_Belfast_East_Zjw54vT2uUs_004__963f796307.wav,Gavin Robinson,Ulster,NI
/Users/cianan/Documents/College/GitHub/FYP/Data/segments_clean_lufs10s/Gavin_Robinson_Democratic_Unionist_Party_Belfast_East_Zjw54vT2uUs_005__86f3ad3991.wav,Gavin Robinson,Ulster,NI
/Users/cianan/Documents/College/GitHub/FYP/Data/segments_clean_lufs10s/Gavin_Robinson_Democratic_Unionist_Party_Belfast_East_Zjw54vT2uUs_006__3a130cd8d5.wav,Gavin Robinson,Ulster,NI
/Users/cianan/Documents/College/GitHub/FYP/Data/segments_clean_lufs10s/Gavin_Robinson_Democratic_Unionist_Party_Belfast_East_Zjw54vT2uUs_007__85fc491434.wav,Gavin Robinson,Ulster,NI
/Users/cianan/Documents/College/GitHub/FYP/Data/segments_clean_lufs10s/Gavin_Robinson_Democratic_Unionist_Party_Belfast_East_Zjw54vT2uUs_008__b54f2a1bdd.wav,Gavin Robinson,Ulster,NI
/Users/cianan/Documents/College/GitHub/FYP/Data/segments_clean_lufs10s/Gavin_Robinson_Democratic_Unionist_Party_Belfast_East_Zjw54vT2uUs_009__7b4cad0aac.wav,Gavin Robinson,Ulster,NI
/Users/cianan/Documents/College/GitHub/FYP/Data/segments_clean_lufs10s/Gavin_Robinson_Democratic_Unionist_Party_Belfast_East_Zjw54vT2uUs_010__aef8e0ef27.wav,Gavin Robinson,Ulster,NI
/Users/cianan/Documents/College/GitHub/FYP/Data/segments_clean_lufs10s/Gavin_Robinson_Democratic_Unionist_Party_Belfast_East_Zjw54vT2uUs_011__c490af7aaa.wav,Gavin Robinson,Ulster,NI
/Users/cianan/Documents/College/GitHub/FYP/Data/segments_clean_lufs10s/Gavin_Robinson_Democratic_Unionist_Party_Belfast_East_Zjw54vT2uUs_012__834f0dfa1b.wav,Gavin Robinson,Ulster,NI
/Users/cianan/Documents/College/GitHub/FYP/Data/segments_clean_lufs10s/Gavin_Robinson_Democratic_Unionist_Party_Belfast_East_Zjw54vT2uUs_013__008fee6405.wav,Gavin Robinson,Ulster,NI
/Users/cianan/Documents/College/GitHub/FYP/Data/segments_clean_lufs10s/Gavin_Robinson_Democratic_Unionist_Party_Belfast_East_Zjw54vT2uUs_014__c43e021bd0.wav,Gavin Robinson,Ulster,NI
/Users/cianan/Documents/College/GitHub/FYP/Data/segments_clean_lufs10s/Gavin_Robinson_Democratic_Unionist_Party_Belfast_East_Zjw54vT2uUs_015__0ae371084d.wav,Gavin Robinson,Ulster,NI
/Users/cianan/Documents/College/GitHub/FYP/Data/segments_clean_lufs10s/Gavin_Robinson_Democratic_Unionist_Party_Belfast_East_Zjw54vT2uUs_016__0f91f70372.wav,Gavin Robinson,Ulster,NI
/Users/cianan/Documents/College/GitHub/FYP/Data/segments_clean_lufs10s/Gavin_Robinson_Democratic_Unionist_Party_Belfast_East_Zjw54vT2uUs_017__dc850b1d38.wav,Gavin Robinson,Ulster,NI
/Users/cianan/Documents/College/GitHub/FYP/Data/segments_clean_lufs10s/Gavin_Robinson_Democratic_Unionist_Party_Belfast_East_Zjw54vT2uUs_018__d492111339.wav,Gavin Robinson,Ulster,NI
/Users/cianan/Documents/College/GitHub/FYP/Data/segments_clean_lufs10s/Gavin_Robinson_Democratic_Unionist_Party_Belfast_East_Zjw54vT2uUs_019__e66ce5a7ba.wav,Gavin Robinson,Ulster,NI
/Users/cianan/Documents/College/GitHub/FYP/Data/segments_clean_lufs10s/Gavin_Robinson_Democratic_Unionist_Party_Belfast_East_Zjw54vT2uUs_020__c674c720a6.wav,Gavin Robinson,Ulster,NI
/Users/cianan/Documents/College/GitHub/FYP/Data/segments_clean_lufs10s/Gavin_Robinson_Democratic_Unionist_Party_Belfast_East_Zjw54vT2uUs_021__36b3fc1a67.wav,Gavin Robinson,Ulster,NI
/Users/cianan/Documents/College/GitHub/FYP/Data/segments_clean_lufs10s/Gavin_Robinson_Democratic_Unionist_Party_Belfast_East_Zjw54vT2uUs_022__bc0b709ebd.wav,Gavin Robinson,Ulster,NI
/Users/cianan/Documents/College/GitHub/FYP/Data/segments_clean_lufs10s/Gavin_Robinson_Democratic_Unionist_Party_Belfast_East_Zjw54vT2uUs_023__2687024302.wav,Gavin Robinson,Ulster,NI
/Users/cianan/Documents/College/GitHub/FYP/Data/segments_clean_lufs10s/Gavin_Robinson_Democratic_Unionist_Party_Belfast_East_Zjw54vT2uUs_024__0dfdeb74b5.wav,Gavin Robinson,Ulster,NI
/Users/cianan/Documents/College/GitHub/FYP/Data/segments_clean_lufs10s/Gavin_Robinson_Democratic_Unionist_Party_Belfast_East_Zjw54vT2uUs_025__d8b429e123.wav,Gavin Robinson,Ulster,NI
/Users/cianan/Documents/College/GitHub/FYP/Data/segments_clean_lufs10s/Gavin_Robinson_Democratic_Unionist_Party_Belfast_East_rqGxoQM0xZw_001__ec85b8f574.wav,Gavin Robinson,Ulster,NI
/Users/cianan/Documents/College/GitHub/FYP/Data/segments_clean_lufs10s/Gavin_Robinson_Democratic_Unionist_Party_Belfast_East_rqGxoQM0xZw_002__7f33731ded.wav,Gavin Robinson,Ulster,NI
/Users/cianan/Documents/College/GitHub/FYP/Data/segments_clean_lufs10s/Gavin_Robinson_Democratic_Unionist_Party_Belfast_East_rqGxoQM0xZw_003__a33f6d86dc.wav,Gavin Robinson,Ulster,NI
/Users/cianan/Documents/College/GitHub/FYP/Data/segments_clean_lufs10s/Gavin_Robinson_Democratic_Unionist_Party_Belfast_East_eL4ZXzGW1gA_001__f17fbbff1a.wav,Gavin Robinson,Ulster,NI
/Users/cianan/Documents/College/GitHub/FYP/Data/segments_clean_lufs10s/Gavin_Robinson_Democratic_Unionist_Party_Belfast_East_eL4ZXzGW1gA_002__c5e738a59a.wav,Gavin Robinson,Ulster,NI
/Users/cianan/Documents/College/GitHub/FYP/Data/segments_clean_lufs10s/Gavin_Robinson_Democratic_Unionist_Party_Belfast_East_7W4XMjpgbyU_001__d44e08bb92.wav,Gavin Robinson,Ulster,NI
/Users/cianan/Documents/College/GitHub/FYP/Data/segments_clean_lufs10s/Gavin_Robinson_Democratic_Unionist_Party_Belfast_East_7W4XMjpgbyU_002__99435b217b.wav,Gavin Robinson,Ulster,NI
/Users/cianan/Documents/College/GitHub/FYP/Data/segments_clean_lufs10s/Gavin_Robinson_Democratic_Unionist_Party_Belfast_East_7W4XMjpgbyU_003__f9bd35013a.wav,Gavin Robinson,Ulster,NI
/Users/cianan/Documents/College/GitHub/FYP/Data/segments_clean_lufs10s/Gavin_Robinson_Democratic_Unionist_Party_Belfast_East_7W4XMjpgbyU_004__85d63632ef.wav,Gavin Robinson,Ulster,NI
/Users/cianan/Documents/College/GitHub/FYP/Data/segments_clean_lufs10s/Gavin_Robinson_Democratic_Unionist_Party_Belfast_East_7W4XMjpgbyU_005__bceebbcb28.wav,Gavin Robinson,Ulster,NI
/Users/cianan/Documents/College/GitHub/FYP/Data/segments_clean_lufs10s/John_Finucane_Sinn_Fein_Belfast_North_eMOtXQehpFc_001__3fa8b0d96c.wav,John Finucane,Ulster,NI
/Users/cianan/Documents/College/GitHub/FYP/Data/segments_clean_lufs10s/John_Finucane_Sinn_Fein_Belfast_North_eMOtXQehpFc_002__158412a378.wav,John Finucane,Ulster,NI
/Users/cianan/Documents/College/GitHub/FYP/Data/segments_clean_lufs10s/John_Finucane_Sinn_Fein_Belfast_North_eMOtXQehpFc_003__7efd58727e.wav,John Finucane,Ulster,NI
/Users/cianan/Documents/College/GitHub/FYP/Data/segments_clean_lufs10s/John_Finucane_Sinn_Fein_Belfast_North_eMOtXQehpFc_004__97fdadb2b7.wav,John Finucane,Ulster,NI
/Users/cianan/Documents/College/GitHub/FYP/Data/segments_clean_lufs10s/John_Finucane_Sinn_Fein_Belfast_North_eMOtXQehpFc_005__9e80fc9a8f.wav,John Finucane,Ulster,NI
/Users/cianan/Documents/College/GitHub/FYP/Data/segments_clean_lufs10s/John_Finucane_Sinn_Fein_Belfast_North_eMOtXQehpFc_006__9afb48da5c.wav,John Finucane,Ulster,NI
/Users/cianan/Documents/College/GitHub/FYP/Data/segments_clean_lufs10s/John_Finucane_Sinn_Fein_Belfast_North_eMOtXQehpFc_007__8479cb9774.wav,John Finucane,Ulster,NI
/Users/cianan/Documents/College/GitHub/FYP/Data/segments_clean_lufs10s/John_Finucane_Sinn_Fein_Belfast_North_VqXuq2i5ChY_001__134070a5b0.wav,John Finucane,Ulster,NI
/Users/cianan/Documents/College/GitHub/FYP/Data/segments_clean_lufs10s/John_Finucane_Sinn_Fein_Belfast_North_VqXuq2i5ChY_002__900aab7464.wav,John Finucane,Ulster,NI
/Users/cianan/Documents/College/GitHub/FYP/Data/segments_clean_lufs10s/John_Finucane_Sinn_Fein_Belfast_North_VqXuq2i5ChY_003__36801fa8f0.wav,John Finucane,Ulster,NI
/Users/cianan/Documents/College/GitHub/FYP/Data/segments_clean_lufs10s/John_Finucane_Sinn_Fein_Belfast_North_VqXuq2i5ChY_004__64fbf10fc8.wav,John Finucane,Ulster,NI
/Users/cianan/Documents/College/GitHub/FYP/Data/segments_clean_lufs10s/John_Finucane_Sinn_Fein_Belfast_North_VqXuq2i5ChY_005__b3665dbf6c.wav,John Finucane,Ulster,NI
/Users/cianan/Documents/College/GitHub/FYP/Data/segments_clean_lufs10s/John_Finucane_Sinn_Fein_Belfast_North_VqXuq2i5ChY_006__de78fbcdd5.wav,John Finucane,Ulster,NI
/Users/cianan/Documents/College/GitHub/FYP/Data/segments_clean_lufs10s/John_Finucane_Sinn_Fein_Belfast_North_VqXuq2i5ChY_007__2a5365bc81.wav,John Finucane,Ulster,NI
/Users/cianan/Documents/College/GitHub/FYP/Data/segments_clean_lufs10s/John_Finucane_Sinn_Fein_Belfast_North_VqXuq2i5ChY_008__8ca6276597.wav,John Finucane,Ulster,NI
/Users/cianan/Documents/College/GitHub/FYP/Data/segments_clean_lufs10s/John_Finucane_Sinn_Fein_Belfast_North_P-zMP4Tzres_001__21ff549aac.wav,John Finucane,Ulster,NI
/Users/cianan/Documents/College/GitHub/FYP/Data/segments_clean_lufs10s/John_Finucane_Sinn_Fein_Belfast_North_P-zMP4Tzres_002__124eab120f.wav,John Finucane,Ulster,NI
/Users/cianan/Documents/College/GitHub/FYP/Data/segments_clean_lufs10s/John_Finucane_Sinn_Fein_Belfast_North_PLqMNUVyPhk_001__36b017b932.wav,John Finucane,Ulster,NI
/Users/cianan/Documents/College/GitHub/FYP/Data/segments_clean_lufs10s/John_Finucane_Sinn_Fein_Belfast_North_PLqMNUVyPhk_002__e24c8bfd2f.wav,John Finucane,Ulster,NI
/Users/cianan/Documents/College/GitHub/FYP/Data/segments_clean_lufs10s/John_Finucane_Sinn_Fein_Belfast_North_PLqMNUVyPhk_003__c9dfa92a16.wav,John Finucane,Ulster,NI
/Users/cianan/Documents/College/GitHub/FYP/Data/segments_clean_lufs10s/John_Finucane_Sinn_Fein_Belfast_North_PLqMNUVyPhk_004__06a5aab11e.wav,John Finucane,Ulster,NI
/Users/cianan/Documents/College/GitHub/FYP/Data/segments_clean_lufs10s/John_Finucane_Sinn_Fein_Belfast_North_PLqMNUVyPhk_005__d69972f77f.wav,John Finucane,Ulster,NI
/Users/cianan/Documents/College/GitHub/FYP/Data/segments_clean_lufs10s/John_Finucane_Sinn_Fein_Belfast_North_PLqMNUVyPhk_006__53a2884619.wav,John Finucane,Ulster,NI
/Users/cianan/Documents/College/GitHub/FYP/Data/segments_clean_lufs10s/John_Finucane_Sinn_Fein_Belfast_North_PLqMNUVyPhk_007__4cdd05dc54.wav,John Finucane,Ulster,NI
/Users/cianan/Documents/College/GitHub/FYP/Data/segments_clean_lufs10s/John_Finucane_Sinn_Fein_Belfast_North_PLqMNUVyPhk_008__6c48339b76.wav,John Finucane,Ulster,NI
/Users/cianan/Documents/College/GitHub/FYP/Data/segments_clean_lufs10s/Claire_Hanna_Social_Democratic__Labour_Party_Belfast_South_and_Mid_Down_9bR3z_VTlnw_001__5986903f26.wav,Claire Hanna,Connacht,NI
/Users/cianan/Documents/College/GitHub/FYP/Data/segments_clean_lufs10s/Claire_Hanna_Social_Democratic__Labour_Party_Belfast_South_and_Mid_Down_9bR3z_VTlnw_002__98f3796a34.wav,Claire Hanna,Connacht,NI
/Users/cianan/Documents/College/GitHub/FYP/Data/segments_clean_lufs10s/Claire_Hanna_Social_Democratic__Labour_Party_Belfast_South_and_Mid_Down_de5ZlHg10Kc_001__2df641354a.wav,Claire Hanna,Connacht,NI
/Users/cianan/Documents/College/GitHub/FYP/Data/segments_clean_lufs10s/Claire_Hanna_Social_Democratic__Labour_Party_Belfast_South_and_Mid_Down_de5ZlHg10Kc_002__7f1d9ea80c.wav,Claire Hanna,Connacht,NI
/Users/cianan/Documents/College/GitHub/FYP/Data/segments_clean_lufs10s/Claire_Hanna_Social_Democratic__Labour_Party_Belfast_South_and_Mid_Down_de5ZlHg10Kc_003__61e4f3dcd9.wav,Claire Hanna,Connacht,NI
/Users/cianan/Documents/College/GitHub/FYP/Data/segments_clean_lufs10s/Claire_Hanna_Social_Democratic__Labour_Party_Belfast_South_and_Mid_Down_de5ZlHg10Kc_004__8d4e40b6a8.wav,Claire Hanna,Connacht,NI
/Users/cianan/Documents/College/GitHub/FYP/Data/segments_clean_lufs10s/Claire_Hanna_Social_Democratic__Labour_Party_Belfast_South_and_Mid_Down_de5ZlHg10Kc_005__e5de7e5d12.wav,Claire Hanna,Connacht,NI
/Users/cianan/Documents/College/GitHub/FYP/Data/segments_clean_lufs10s/Claire_Hanna_Social_Democratic__Labour_Party_Belfast_South_and_Mid_Down_Wml7M2XqFXg_001__92b8bfb305.wav,Claire Hanna,Connacht,NI
/Users/cianan/Documents/College/GitHub/FYP/Data/segments_clean_lufs10s/Claire_Hanna_Social_Democratic__Labour_Party_Belfast_South_and_Mid_Down_Wml7M2XqFXg_002__39e2c776ca.wav,Claire Hanna,Connacht,NI
/Users/cianan/Documents/College/GitHub/FYP/Data/segments_clean_lufs10s/Claire_Hanna_Social_Democratic__Labour_Party_Belfast_South_and_Mid_Down_Wml7M2XqFXg_003__035a0d3e7d.wav,Claire Hanna,Connacht,NI
/Users/cianan/Documents/College/GitHub/FYP/Data/segments_clean_lufs10s/Claire_Hanna_Social_Democratic__Labour_Party_Belfast_South_and_Mid_Down_Wml7M2XqFXg_004__61bc4fe3a0.wav,Claire Hanna,Connacht,NI
/Users/cianan/Documents/College/GitHub/FYP/Data/segments_clean_lufs10s/Claire_Hanna_Social_Democratic__Labour_Party_Belfast_South_and_Mid_Down_Wml7M2XqFXg_005__67738fb36e.wav,Claire Hanna,Connacht,NI
/Users/cianan/Documents/College/GitHub/FYP/Data/segments_clean_lufs10s/Claire_Hanna_Social_Democratic__Labour_Party_Belfast_South_and_Mid_Down_vD9_fbDatQA_001__78b222240e.wav,Claire Hanna,Connacht,NI
/Users/cianan/Documents/College/GitHub/FYP/Data/segments_clean_lufs10s/Claire_Hanna_Social_Democratic__Labour_Party_Belfast_South_and_Mid_Down_vD9_fbDatQA_002__b292e11f63.wav,Claire Hanna,Connacht,NI
/Users/cianan/Documents/College/GitHub/FYP/Data/segments_clean_lufs10s/Claire_Hanna_Social_Democratic__Labour_Party_Belfast_South_and_Mid_Down_yx8iq7grAiM_001__4e11c793b0.wav,Claire Hanna,Connacht,NI
/Users/cianan/Documents/College/GitHub/FYP/Data/segments_clean_lufs10s/Claire_Hanna_Social_Democratic__Labour_Party_Belfast_South_and_Mid_Down_yx8iq7grAiM_002__842711dc71.wav,Claire Hanna,Connacht,NI
/Users/cianan/Documents/College/GitHub/FYP/Data/segments_clean_lufs10s/Paul_Maskey_Sinn_Fein_Belfast_West_7iIqyh9_My8_001__ba80803278.wav,Paul Maskey,Ulster,NI
/Users/cianan/Documents/College/GitHub/FYP/Data/segments_clean_lufs10s/Paul_Maskey_Sinn_Fein_Belfast_West_7iIqyh9_My8_002__dfb1b8f6aa.wav,Paul Maskey,Ulster,NI
/Users/cianan/Documents/College/GitHub/FYP/Data/segments_clean_lufs10s/Paul_Maskey_Sinn_Fein_Belfast_West_7iIqyh9_My8_003__e491a4c614.wav,Paul Maskey,Ulster,NI
/Users/cianan/Documents/College/GitHub/FYP/Data/segments_clean_lufs10s/Paul_Maskey_Sinn_Fein_Belfast_West_7iIqyh9_My8_004__ddd523ba94.wav,Paul Maskey,Ulster,NI
/Users/cianan/Documents/College/GitHub/FYP/Data/segments_clean_lufs10s/Paul_Maskey_Sinn_Fein_Belfast_West_7iIqyh9_My8_005__13f39dc978.wav,Paul Maskey,Ulster,NI
/Users/cianan/Documents/College/GitHub/FYP/Data/segments_clean_lufs10s/Paul_Maskey_Sinn_Fein_Belfast_West_7iIqyh9_My8_006__c7f6f71315.wav,Paul Maskey,Ulster,NI
/Users/cianan/Documents/College/GitHub/FYP/Data/segments_clean_lufs10s/Paul_Maskey_Sinn_Fein_Belfast_West_iGLOa7lGKdo_001__3233e5a3e9.wav,Paul Maskey,Ulster,NI
/Users/cianan/Documents/College/GitHub/FYP/Data/segments_clean_lufs10s/Paul_Maskey_Sinn_Fein_Belfast_West_iGLOa7lGKdo_002__17014fd151.wav,Paul Maskey,Ulster,NI
/Users/cianan/Documents/College/GitHub/FYP/Data/segments_clean_lufs10s/Paul_Maskey_Sinn_Fein_Belfast_West_2jg99J2JiHo_001__c41fbbf9be.wav,Paul Maskey,Ulster,NI
/Users/cianan/Documents/College/GitHub/FYP/Data/segments_clean_lufs10s/Paul_Maskey_Sinn_Fein_Belfast_West_2jg99J2JiHo_003__2abbb3c193.wav,Paul Maskey,Ulster,NI
/Users/cianan/Documents/College/GitHub/FYP/Data/segments_clean_lufs10s/Paul_Maskey_Sinn_Fein_Belfast_West_2jg99J2JiHo_004__aca59367bc.wav,Paul Maskey,Ulster,NI
/Users/cianan/Documents/College/GitHub/FYP/Data/segments_clean_lufs10s/Paul_Maskey_Sinn_Fein_Belfast_West_Vz3eTy4YEMk_001__e2a4c22d0e.wav,Paul Maskey,Ulster,NI
/Users/cianan/Documents/College/GitHub/FYP/Data/segments_clean_lufs10s/Paul_Maskey_Sinn_Fein_Belfast_West_Vz3eTy4YEMk_002__82f5a8e17d.wav,Paul Maskey,Ulster,NI
/Users/cianan/Documents/College/GitHub/FYP/Data/segments_clean_lufs10s/Sammy_Wilson_Democratic_Unionist_Party_East_Antrim_nO1XWFwuKyk_001__194e9f4c8a.wav,Sammy Wilson,Ulster,NI
/Users/cianan/Documents/College/GitHub/FYP/Data/segments_clean_lufs10s/Sammy_Wilson_Democratic_Unionist_Party_East_Antrim_nO1XWFwuKyk_002__df8f738973.wav,Sammy Wilson,Ulster,NI
/Users/cianan/Documents/College/GitHub/FYP/Data/segments_clean_lufs10s/Sammy_Wilson_Democratic_Unionist_Party_East_Antrim_nO1XWFwuKyk_003__54980a4a6b.wav,Sammy Wilson,Ulster,NI
/Users/cianan/Documents/College/GitHub/FYP/Data/segments_clean_lufs10s/Sammy_Wilson_Democratic_Unionist_Party_East_Antrim_nO1XWFwuKyk_004__3f34fd257f.wav,Sammy Wilson,Ulster,NI
/Users/cianan/Documents/College/GitHub/FYP/Data/segments_clean_lufs10s/Sammy_Wilson_Democratic_Unionist_Party_East_Antrim_nO1XWFwuKyk_005__e99a688861.wav,Sammy Wilson,Ulster,NI
/Users/cianan/Documents/College/GitHub/FYP/Data/segments_clean_lufs10s/Sammy_Wilson_Democratic_Unionist_Party_East_Antrim_nO1XWFwuKyk_006__e822b9f448.wav,Sammy Wilson,Ulster,NI
/Users/cianan/Documents/College/GitHub/FYP/Data/segments_clean_lufs10s/Sammy_Wilson_Democratic_Unionist_Party_East_Antrim_nO1XWFwuKyk_007__d122a1974b.wav,Sammy Wilson,Ulster,NI
/Users/cianan/Documents/College/GitHub/FYP/Data/segments_clean_lufs10s/Sammy_Wilson_Democratic_Unionist_Party_East_Antrim_nO1XWFwuKyk_008__127dad814e.wav,Sammy Wilson,Ulster,NI
/Users/cianan/Documents/College/GitHub/FYP/Data/segments_clean_lufs10s/Sammy_Wilson_Democratic_Unionist_Party_East_Antrim_nO1XWFwuKyk_009__46c34d37f5.wav,Sammy Wilson,Ulster,NI
/Users/cianan/Documents/College/GitHub/FYP/Data/segments_clean_lufs10s/Sammy_Wilson_Democratic_Unionist_Party_East_Antrim_nO1XWFwuKyk_010__78c54cbdc1.wav,Sammy Wilson,Ulster,NI
/Users/cianan/Documents/College/GitHub/FYP/Data/segments_clean_lufs10s/Sammy_Wilson_Democratic_Unionist_Party_East_Antrim_nO1XWFwuKyk_011__9ea878c478.wav,Sammy Wilson,Ulster,NI
/Users/cianan/Documents/College/GitHub/FYP/Data/segments_clean_lufs10s/Sammy_Wilson_Democratic_Unionist_Party_East_Antrim_nO1XWFwuKyk_012__09b2d49eba.wav,Sammy Wilson,Ulster,NI
/Users/cianan/Documents/College/GitHub/FYP/Data/segments_clean_lufs10s/Sammy_Wilson_Democratic_Unionist_Party_East_Antrim_nO1XWFwuKyk_013__d79edbaed0.wav,Sammy Wilson,Ulster,NI
/Users/cianan/Documents/College/GitHub/FYP/Data/segments_clean_lufs10s/Sammy_Wilson_Democratic_Unionist_Party_East_Antrim_nO1XWFwuKyk_014__b4f2a64baa.wav,Sammy Wilson,Ulster,NI
/Users/cianan/Documents/College/GitHub/FYP/Data/segments_clean_lufs10s/Sammy_Wilson_Democratic_Unionist_Party_East_Antrim_nO1XWFwuKyk_015__de30a106ac.wav,Sammy Wilson,Ulster,NI
/Users/cianan/Documents/College/GitHub/FYP/Data/segments_clean_lufs10s/Sammy_Wilson_Democratic_Unionist_Party_East_Antrim_nO1XWFwuKyk_016__a0f450070d.wav,Sammy Wilson,Ulster,NI
/Users/cianan/Documents/College/GitHub/FYP/Data/segments_clean_lufs10s/Sammy_Wilson_Democratic_Unionist_Party_East_Antrim_nO1XWFwuKyk_017__8eea8a73d1.wav,Sammy Wilson,Ulster,NI
/Users/cianan/Documents/College/GitHub/FYP/Data/segments_clean_lufs10s/Sammy_Wilson_Democratic_Unionist_Party_East_Antrim_nO1XWFwuKyk_018__c3d9bfc9d4.wav,Sammy Wilson,Ulster,NI
/Users/cianan/Documents/College/GitHub/FYP/Data/segments_clean_lufs10s/Sammy_Wilson_Democratic_Unionist_Party_East_Antrim_nO1XWFwuKyk_019__677f4cf4f4.wav,Sammy Wilson,Ulster,NI
/Users/cianan/Documents/College/GitHub/FYP/Data/segments_clean_lufs10s/Sammy_Wilson_Democratic_Unionist_Party_East_Antrim_nO1XWFwuKyk_020__306d24835f.wav,Sammy Wilson,Ulster,NI
/Users/cianan/Documents/College/GitHub/FYP/Data/segments_clean_lufs10s/Sammy_Wilson_Democratic_Unionist_Party_East_Antrim_Xzr2x2ImYd4_001__5b9fdb74bb.wav,Sammy Wilson,Ulster,NI
/Users/cianan/Documents/College/GitHub/FYP/Data/segments_clean_lufs10s/Sammy_Wilson_Democratic_Unionist_Party_East_Antrim_Xzr2x2ImYd4_002__89f01bae5e.wav,Sammy Wilson,Ulster,NI
/Users/cianan/Documents/College/GitHub/FYP/Data/segments_clean_lufs10s/Sammy_Wilson_Democratic_Unionist_Party_East_Antrim_BW3oRHzpzCo_001__c6226bce19.wav,Sammy Wilson,Ulster,NI
/Users/cianan/Documents/College/GitHub/FYP/Data/segments_clean_lufs10s/Sammy_Wilson_Democratic_Unionist_Party_East_Antrim_BW3oRHzpzCo_002__0b4cab3126.wav,Sammy Wilson,Ulster,NI
/Users/cianan/Documents/College/GitHub/FYP/Data/segments_clean_lufs10s/Sammy_Wilson_Democratic_Unionist_Party_East_Antrim_BW3oRHzpzCo_003__6b1b8c9d15.wav,Sammy Wilson,Ulster,NI
/Users/cianan/Documents/College/GitHub/FYP/Data/segments_clean_lufs10s/Sammy_Wilson_Democratic_Unionist_Party_East_Antrim_BW3oRHzpzCo_004__cd765d9d7f.wav,Sammy Wilson,Ulster,NI
/Users/cianan/Documents/College/GitHub/FYP/Data/segments_clean_lufs10s/Sammy_Wilson_Democratic_Unionist_Party_East_Antrim_BW3oRHzpzCo_005__f1dd1df0cc.wav,Sammy Wilson,Ulster,NI
/Users/cianan/Documents/College/GitHub/FYP/Data/segments_clean_lufs10s/Sammy_Wilson_Democratic_Unionist_Party_East_Antrim_BW3oRHzpzCo_006__d211e1d84c.wav,Sammy Wilson,Ulster,NI
/Users/cianan/Documents/College/GitHub/FYP/Data/segments_clean_lufs10s/Sammy_Wilson_Democratic_Unionist_Party_East_Antrim_W2Nw9WFGT2g_001__4e6d15fea0.wav,Sammy Wilson,Ulster,NI
/Users/cianan/Documents/College/GitHub/FYP/Data/segments_clean_lufs10s/Sammy_Wilson_Democratic_Unionist_Party_East_Antrim_W2Nw9WFGT2g_002__b4aeb17481.wav,Sammy Wilson,Ulster,NI
/Users/cianan/Documents/College/GitHub/FYP/Data/segments_clean_lufs10s/Sammy_Wilson_Democratic_Unionist_Party_East_Antrim_YSAS2_jZJro_001__8589590270.wav,Sammy Wilson,Ulster,NI
/Users/cianan/Documents/College/GitHub/FYP/Data/segments_clean_lufs10s/Sammy_Wilson_Democratic_Unionist_Party_East_Antrim_YSAS2_jZJro_002__07402aeed7.wav,Sammy Wilson,Ulster,NI
/Users/cianan/Documents/College/GitHub/FYP/Data/segments_clean_lufs10s/Sammy_Wilson_Democratic_Unionist_Party_East_Antrim_YSAS2_jZJro_003__e8a8692c58.wav,Sammy Wilson,Ulster,NI
/Users/cianan/Documents/College/GitHub/FYP/Data/segments_clean_lufs10s/Sammy_Wilson_Democratic_Unionist_Party_East_Antrim_YSAS2_jZJro_004__dfe832a0a6.wav,Sammy Wilson,Ulster,NI
/Users/cianan/Documents/College/GitHub/FYP/Data/segments_clean_lufs10s/Sammy_Wilson_Democratic_Unionist_Party_East_Antrim_YSAS2_jZJro_005__12177dcf0e.wav,Sammy Wilson,Ulster,NI
/Users/cianan/Documents/College/GitHub/FYP/Data/segments_clean_lufs10s/Sammy_Wilson_Democratic_Unionist_Party_East_Antrim_YSAS2_jZJro_006__ffdff3d5d5.wav,Sammy Wilson,Ulster,NI
/Users/cianan/Documents/College/GitHub/FYP/Data/segments_clean_lufs10s/Sammy_Wilson_Democratic_Unionist_Party_East_Antrim_YSAS2_jZJro_007__007f4933c7.wav,Sammy Wilson,Ulster,NI
/Users/cianan/Documents/College/GitHub/FYP/Data/segments_clean_lufs10s/Gregory_Campbell_Democratic_Unionist_Party_East_Londonderry_ys8uy2V1uIY_001__660704caf1.wav,Gregory Campbell,Ulster,NI
/Users/cianan/Documents/College/GitHub/FYP/Data/segments_clean_lufs10s/Gregory_Campbell_Democratic_Unionist_Party_East_Londonderry_vNKDDk4ugGE_001__3147df18eb.wav,Gregory Campbell,Ulster,NI
/Users/cianan/Documents/College/GitHub/FYP/Data/segments_clean_lufs10s/Gregory_Campbell_Democratic_Unionist_Party_East_Londonderry_vNKDDk4ugGE_002__dcddf05dcc.wav,Gregory Campbell,Ulster,NI
/Users/cianan/Documents/College/GitHub/FYP/Data/segments_clean_lufs10s/Gregory_Campbell_Democratic_Unionist_Party_East_Londonderry_uo1HFZGW-J0_001__8a0149e1e0.wav,Gregory Campbell,Ulster,NI
/Users/cianan/Documents/College/GitHub/FYP/Data/segments_clean_lufs10s/Gregory_Campbell_Democratic_Unionist_Party_East_Londonderry_uo1HFZGW-J0_002__39895503d3.wav,Gregory Campbell,Ulster,NI
/Users/cianan/Documents/College/GitHub/FYP/Data/segments_clean_lufs10s/Gregory_Campbell_Democratic_Unionist_Party_East_Londonderry_uo1HFZGW-J0_003__1c21753f37.wav,Gregory Campbell,Ulster,NI
/Users/cianan/Documents/College/GitHub/FYP/Data/segments_clean_lufs10s/Gregory_Campbell_Democratic_Unionist_Party_East_Londonderry_uo1HFZGW-J0_004__331c079a7a.wav,Gregory Campbell,Ulster,NI
/Users/cianan/Documents/College/GitHub/FYP/Data/segments_clean_lufs10s/Gregory_Campbell_Democratic_Unionist_Party_East_Londonderry_uo1HFZGW-J0_005__c5cefdc37e.wav,Gregory Campbell,Ulster,NI
/Users/cianan/Documents/College/GitHub/FYP/Data/segments_clean_lufs10s/Gregory_Campbell_Democratic_Unionist_Party_East_Londonderry_uo1HFZGW-J0_006__d091b325af.wav,Gregory Campbell,Ulster,NI
/Users/cianan/Documents/College/GitHub/FYP/Data/segments_clean_lufs10s/Gregory_Campbell_Democratic_Unionist_Party_East_Londonderry_fTL27ozwKF4_001__d76a728a35.wav,Gregory Campbell,Ulster,NI
/Users/cianan/Documents/College/GitHub/FYP/Data/segments_clean_lufs10s/Gregory_Campbell_Democratic_Unionist_Party_East_Londonderry_fTL27ozwKF4_002__4f39e85344.wav,Gregory Campbell,Ulster,NI
/Users/cianan/Documents/College/GitHub/FYP/Data/segments_clean_lufs10s/Gregory_Campbell_Democratic_Unionist_Party_East_Londonderry_ckcxOKcC-9U_001__fdfd8945c1.wav,Gregory Campbell,Ulster,NI
/Users/cianan/Documents/College/GitHub/FYP/Data/segments_clean_lufs10s/Gregory_Campbell_Democratic_Unionist_Party_East_Londonderry_ckcxOKcC-9U_002__f600d88d06.wav,Gregory Campbell,Ulster,NI
/Users/cianan/Documents/College/GitHub/FYP/Data/segments_clean_lufs10s/Pat_Cullen_Sinn_Fein_Fermanagh_and_South_Tyrone_leGc7cbvc-o_001__6a40b31e34.wav,Pat Cullen,Ulster,NI
/Users/cianan/Documents/College/GitHub/FYP/Data/segments_clean_lufs10s/Pat_Cullen_Sinn_Fein_Fermanagh_and_South_Tyrone_leGc7cbvc-o_002__dddedf0947.wav,Pat Cullen,Ulster,NI
/Users/cianan/Documents/College/GitHub/FYP/Data/segments_clean_lufs10s/Pat_Cullen_Sinn_Fein_Fermanagh_and_South_Tyrone_leGc7cbvc-o_003__d74612b406.wav,Pat Cullen,Ulster,NI
/Users/cianan/Documents/College/GitHub/FYP/Data/segments_clean_lufs10s/Pat_Cullen_Sinn_Fein_Fermanagh_and_South_Tyrone_leGc7cbvc-o_004__5746c64d1c.wav,Pat Cullen,Ulster,NI
/Users/cianan/Documents/College/GitHub/FYP/Data/segments_clean_lufs10s/Pat_Cullen_Sinn_Fein_Fermanagh_and_South_Tyrone_leGc7cbvc-o_005__029e6640ae.wav,Pat Cullen,Ulster,NI
/Users/cianan/Documents/College/GitHub/FYP/Data/segments_clean_lufs10s/Pat_Cullen_Sinn_Fein_Fermanagh_and_South_Tyrone_EPAbG5ohP70_001__7318e93868.wav,Pat Cullen,Ulster,NI
/Users/cianan/Documents/College/GitHub/FYP/Data/segments_clean_lufs10s/Pat_Cullen_Sinn_Fein_Fermanagh_and_South_Tyrone_EPAbG5ohP70_002__da3c3c62e1.wav,Pat Cullen,Ulster,NI
/Users/cianan/Documents/College/GitHub/FYP/Data/segments_clean_lufs10s/Pat_Cullen_Sinn_Fein_Fermanagh_and_South_Tyrone_EPAbG5ohP70_003__b75f74d35f.wav,Pat Cullen,Ulster,NI
/Users/cianan/Documents/College/GitHub/FYP/Data/segments_clean_lufs10s/Pat_Cullen_Sinn_Fein_Fermanagh_and_South_Tyrone_EfzlKWxUblo_001__a409689262.wav,Pat Cullen,Ulster,NI
/Users/cianan/Documents/College/GitHub/FYP/Data/segments_clean_lufs10s/Pat_Cullen_Sinn_Fein_Fermanagh_and_South_Tyrone_EfzlKWxUblo_002__05f4c2f3d6.wav,Pat Cullen,Ulster,NI
/Users/cianan/Documents/College/GitHub/FYP/Data/segments_clean_lufs10s/Colum_Eastwood_Social_Democratic__Labour_Party_Foyle_6x4CgZajaAQ_001__8efd3282ee.wav,Colum Eastwood,Ulster,NI
/Users/cianan/Documents/College/GitHub/FYP/Data/segments_clean_lufs10s/Colum_Eastwood_Social_Democratic__Labour_Party_Foyle_6x4CgZajaAQ_002__10faf9f8ac.wav,Colum Eastwood,Ulster,NI
/Users/cianan/Documents/College/GitHub/FYP/Data/segments_clean_lufs10s/Colum_Eastwood_Social_Democratic__Labour_Party_Foyle_6x4CgZajaAQ_003__04cb6533d0.wav,Colum Eastwood,Ulster,NI
/Users/cianan/Documents/College/GitHub/FYP/Data/segments_clean_lufs10s/Colum_Eastwood_Social_Democratic__Labour_Party_Foyle_6x4CgZajaAQ_004__328c4a1523.wav,Colum Eastwood,Ulster,NI
/Users/cianan/Documents/College/GitHub/FYP/Data/segments_clean_lufs10s/Colum_Eastwood_Social_Democratic__Labour_Party_Foyle_6x4CgZajaAQ_005__c168874592.wav,Colum Eastwood,Ulster,NI
/Users/cianan/Documents/College/GitHub/FYP/Data/segments_clean_lufs10s/Colum_Eastwood_Social_Democratic__Labour_Party_Foyle_6x4CgZajaAQ_006__334140c831.wav,Colum Eastwood,Ulster,NI
/Users/cianan/Documents/College/GitHub/FYP/Data/segments_clean_lufs10s/Colum_Eastwood_Social_Democratic__Labour_Party_Foyle_6x4CgZajaAQ_007__035a222e44.wav,Colum Eastwood,Ulster,NI
/Users/cianan/Documents/College/GitHub/FYP/Data/segments_clean_lufs10s/Colum_Eastwood_Social_Democratic__Labour_Party_Foyle_6x4CgZajaAQ_008__b01aa212bb.wav,Colum Eastwood,Ulster,NI
/Users/cianan/Documents/College/GitHub/FYP/Data/segments_clean_lufs10s/Colum_Eastwood_Social_Democratic__Labour_Party_Foyle_6x4CgZajaAQ_009__73f6101ff5.wav,Colum Eastwood,Ulster,NI
/Users/cianan/Documents/College/GitHub/FYP/Data/segments_clean_lufs10s/Colum_Eastwood_Social_Democratic__Labour_Party_Foyle_6x4CgZajaAQ_010__5bac56f1d5.wav,Colum Eastwood,Ulster,NI
/Users/cianan/Documents/College/GitHub/FYP/Data/segments_clean_lufs10s/Colum_Eastwood_Social_Democratic__Labour_Party_Foyle_6x4CgZajaAQ_011__a9db330f8b.wav,Colum Eastwood,Ulster,NI
/Users/cianan/Documents/College/GitHub/FYP/Data/segments_clean_lufs10s/Colum_Eastwood_Social_Democratic__Labour_Party_Foyle_6x4CgZajaAQ_012__93a5f7b933.wav,Colum Eastwood,Ulster,NI
/Users/cianan/Documents/College/GitHub/FYP/Data/segments_clean_lufs10s/Colum_Eastwood_Social_Democratic__Labour_Party_Foyle_6x4CgZajaAQ_013__928f20eef8.wav,Colum Eastwood,Ulster,NI
/Users/cianan/Documents/College/GitHub/FYP/Data/segments_clean_lufs10s/Colum_Eastwood_Social_Democratic__Labour_Party_Foyle_6x4CgZajaAQ_014__bf8c347dec.wav,Colum Eastwood,Ulster,NI
/Users/cianan/Documents/College/GitHub/FYP/Data/segments_clean_lufs10s/Colum_Eastwood_Social_Democratic__Labour_Party_Foyle_6x4CgZajaAQ_015__cee2523ced.wav,Colum Eastwood,Ulster,NI
/Users/cianan/Documents/College/GitHub/FYP/Data/segments_clean_lufs10s/Colum_Eastwood_Social_Democratic__Labour_Party_Foyle_q2AhX8Lfb4g_001__df3f3c83bb.wav,Colum Eastwood,Ulster,NI
/Users/cianan/Documents/College/GitHub/FYP/Data/segments_clean_lufs10s/Colum_Eastwood_Social_Democratic__Labour_Party_Foyle_q2AhX8Lfb4g_002__dc7d042a4b.wav,Colum Eastwood,Ulster,NI
/Users/cianan/Documents/College/GitHub/FYP/Data/segments_clean_lufs10s/Colum_Eastwood_Social_Democratic__Labour_Party_Foyle_q2AhX8Lfb4g_003__bd37952eac.wav,Colum Eastwood,Ulster,NI
/Users/cianan/Documents/College/GitHub/FYP/Data/segments_clean_lufs10s/Colum_Eastwood_Social_Democratic__Labour_Party_Foyle_6SnoP5Kois4_001__cfb2533c9e.wav,Colum Eastwood,Ulster,NI
/Users/cianan/Documents/College/GitHub/FYP/Data/segments_clean_lufs10s/Colum_Eastwood_Social_Democratic__Labour_Party_Foyle_6SnoP5Kois4_003__c733c089ae.wav,Colum Eastwood,Ulster,NI
/Users/cianan/Documents/College/GitHub/FYP/Data/segments_clean_lufs10s/Colum_Eastwood_Social_Democratic__Labour_Party_Foyle_6SnoP5Kois4_004__51cf0d8da4.wav,Colum Eastwood,Ulster,NI
/Users/cianan/Documents/College/GitHub/FYP/Data/segments_clean_lufs10s/Colum_Eastwood_Social_Democratic__Labour_Party_Foyle_6SnoP5Kois4_005__eab53b68bd.wav,Colum Eastwood,Ulster,NI
/Users/cianan/Documents/College/GitHub/FYP/Data/segments_clean_lufs10s/Colum_Eastwood_Social_Democratic__Labour_Party_Foyle_KGouKmaoSXk_001__f75a552761.wav,Colum Eastwood,Ulster,NI
/Users/cianan/Documents/College/GitHub/FYP/Data/segments_clean_lufs10s/Colum_Eastwood_Social_Democratic__Labour_Party_Foyle_W1kHHCsa6vA_001__d42710ca3c.wav,Colum Eastwood,Ulster,NI
/Users/cianan/Documents/College/GitHub/FYP/Data/segments_clean_lufs10s/Colum_Eastwood_Social_Democratic__Labour_Party_Foyle_W1kHHCsa6vA_002__a34b871f75.wav,Colum Eastwood,Ulster,NI
/Users/cianan/Documents/College/GitHub/FYP/Data/segments_clean_lufs10s/Colum_Eastwood_Social_Democratic__Labour_Party_Foyle_MG5ukWKNP-c_001__1b2d4b08c2.wav,Colum Eastwood,Ulster,NI
/Users/cianan/Documents/College/GitHub/FYP/Data/segments_clean_lufs10s/Colum_Eastwood_Social_Democratic__Labour_Party_Foyle_-pghPfyL0i8_001__08dfc44b87.wav,Colum Eastwood,Ulster,NI
/Users/cianan/Documents/College/GitHub/FYP/Data/segments_clean_lufs10s/Colum_Eastwood_Social_Democratic__Labour_Party_Foyle_-pghPfyL0i8_003__d5518351d8.wav,Colum Eastwood,Ulster,NI
/Users/cianan/Documents/College/GitHub/FYP/Data/segments_clean_lufs10s/Colum_Eastwood_Social_Democratic__Labour_Party_Foyle_-pghPfyL0i8_004__b89399b14b.wav,Colum Eastwood,Ulster,NI
/Users/cianan/Documents/College/GitHub/FYP/Data/segments_clean_lufs10s/Colum_Eastwood_Social_Democratic__Labour_Party_Foyle_-pghPfyL0i8_005__ca2592d462.wav,Colum Eastwood,Ulster,NI
/Users/cianan/Documents/College/GitHub/FYP/Data/segments_clean_lufs10s/Colum_Eastwood_Social_Democratic__Labour_Party_Foyle_-pghPfyL0i8_006__16a6ed2764.wav,Colum Eastwood,Ulster,NI
/Users/cianan/Documents/College/GitHub/FYP/Data/segments_clean_lufs10s/Colum_Eastwood_Social_Democratic__Labour_Party_Foyle_-pghPfyL0i8_007__832881b925.wav,Colum Eastwood,Ulster,NI
/Users/cianan/Documents/College/GitHub/FYP/Data/segments_clean_lufs10s/Sorcha_Eastwood_Alliance_Lagan_Valley_VgURXYpsYqw_001__2f1747ae55.wav,Sorcha Eastwood,Ulster,NI
/Users/cianan/Documents/College/GitHub/FYP/Data/segments_clean_lufs10s/Sorcha_Eastwood_Alliance_Lagan_Valley_VgURXYpsYqw_002__b748608cfa.wav,Sorcha Eastwood,Ulster,NI
/Users/cianan/Documents/College/GitHub/FYP/Data/segments_clean_lufs10s/Sorcha_Eastwood_Alliance_Lagan_Valley_VgURXYpsYqw_003__b55ac0d5d5.wav,Sorcha Eastwood,Ulster,NI
/Users/cianan/Documents/College/GitHub/FYP/Data/segments_clean_lufs10s/Sorcha_Eastwood_Alliance_Lagan_Valley_MNH2JybK5qI_001__56d1d7d819.wav,Sorcha Eastwood,Ulster,NI
/Users/cianan/Documents/College/GitHub/FYP/Data/segments_clean_lufs10s/Sorcha_Eastwood_Alliance_Lagan_Valley_MNH2JybK5qI_002__e739714e96.wav,Sorcha Eastwood,Ulster,NI
/Users/cianan/Documents/College/GitHub/FYP/Data/segments_clean_lufs10s/Sorcha_Eastwood_Alliance_Lagan_Valley_MNH2JybK5qI_003__761e84add6.wav,Sorcha Eastwood,Ulster,NI
/Users/cianan/Documents/College/GitHub/FYP/Data/segments_clean_lufs10s/Sorcha_Eastwood_Alliance_Lagan_Valley_aZkrjRLLrSs_001__d8931cc37d.wav,Sorcha Eastwood,Ulster,NI
/Users/cianan/Documents/College/GitHub/FYP/Data/segments_clean_lufs10s/Sorcha_Eastwood_Alliance_Lagan_Valley_aZkrjRLLrSs_002__e51bc2b21e.wav,Sorcha Eastwood,Ulster,NI
/Users/cianan/Documents/College/GitHub/FYP/Data/segments_clean_lufs10s/Sorcha_Eastwood_Alliance_Lagan_Valley_aZkrjRLLrSs_004__09ebb1c864.wav,Sorcha Eastwood,Ulster,NI
/Users/cianan/Documents/College/GitHub/FYP/Data/segments_clean_lufs10s/Sorcha_Eastwood_Alliance_Lagan_Valley_wg3FPNXO2YE_001__187134b9ad.wav,Sorcha Eastwood,Ulster,NI
/Users/cianan/Documents/College/GitHub/FYP/Data/segments_clean_lufs10s/Sorcha_Eastwood_Alliance_Lagan_Valley_wg3FPNXO2YE_002__6e286bdcde.wav,Sorcha Eastwood,Ulster,NI
/Users/cianan/Documents/College/GitHub/FYP/Data/segments_clean_lufs10s/Sorcha_Eastwood_Alliance_Lagan_Valley_poptU0ZkL9o_001__6499ae62cd.wav,Sorcha Eastwood,Ulster,NI
/Users/cianan/Documents/College/GitHub/FYP/Data/segments_clean_lufs10s/Sorcha_Eastwood_Alliance_Lagan_Valley_poptU0ZkL9o_002__d6652ab539.wav,Sorcha Eastwood,Ulster,NI
/Users/cianan/Documents/College/GitHub/FYP/Data/segments_clean_lufs10s/Sorcha_Eastwood_Alliance_Lagan_Valley_poptU0ZkL9o_003__dcafd0c222.wav,Sorcha Eastwood,Ulster,NI
/Users/cianan/Documents/College/GitHub/FYP/Data/segments_clean_lufs10s/Sorcha_Eastwood_Alliance_Lagan_Valley_poptU0ZkL9o_004__c56111be96.wav,Sorcha Eastwood,Ulster,NI
/Users/cianan/Documents/College/GitHub/FYP/Data/segments_clean_lufs10s/Sorcha_Eastwood_Alliance_Lagan_Valley_poptU0ZkL9o_005__f02623bd6e.wav,Sorcha Eastwood,Ulster,NI
/Users/cianan/Documents/College/GitHub/FYP/Data/segments_clean_lufs10s/Sorcha_Eastwood_Alliance_Lagan_Valley_poptU0ZkL9o_006__8c0e7dbd52.wav,Sorcha Eastwood,Ulster,NI
/Users/cianan/Documents/College/GitHub/FYP/Data/segments_clean_lufs10s/Sorcha_Eastwood_Alliance_Lagan_Valley_poptU0ZkL9o_007__6729ff1016.wav,Sorcha Eastwood,Ulster,NI
/Users/cianan/Documents/College/GitHub/FYP/Data/segments_clean_lufs10s/Sorcha_Eastwood_Alliance_Lagan_Valley_poptU0ZkL9o_008__aaec15c0b0.wav,Sorcha Eastwood,Ulster,NI
/Users/cianan/Documents/College/GitHub/FYP/Data/segments_clean_lufs10s/Sorcha_Eastwood_Alliance_Lagan_Valley_poptU0ZkL9o_009__7471daaac1.wav,Sorcha Eastwood,Ulster,NI
/Users/cianan/Documents/College/GitHub/FYP/Data/segments_clean_lufs10s/Sorcha_Eastwood_Alliance_Lagan_Valley_poptU0ZkL9o_010__8a8fe01ff7.wav,Sorcha Eastwood,Ulster,NI
/Users/cianan/Documents/College/GitHub/FYP/Data/segments_clean_lufs10s/Sorcha_Eastwood_Alliance_Lagan_Valley_poptU0ZkL9o_011__665588fbac.wav,Sorcha Eastwood,Ulster,NI
/Users/cianan/Documents/College/GitHub/FYP/Data/segments_clean_lufs10s/Sorcha_Eastwood_Alliance_Lagan_Valley_poptU0ZkL9o_012__29ec0b587c.wav,Sorcha Eastwood,Ulster,NI
/Users/cianan/Documents/College/GitHub/FYP/Data/segments_clean_lufs10s/Cathal_Mallaghan_Sinn_Fein_Mid_Ulster_rjkYscxAK3o_001__49bb402f5e.wav,Cathal Mallaghan,Ulster,NI
/Users/cianan/Documents/College/GitHub/FYP/Data/segments_clean_lufs10s/Cathal_Mallaghan_Sinn_Fein_Mid_Ulster_rjkYscxAK3o_002__87030f657c.wav,Cathal Mallaghan,Ulster,NI
/Users/cianan/Documents/College/GitHub/FYP/Data/segments_clean_lufs10s/Cathal_Mallaghan_Sinn_Fein_Mid_Ulster_rjkYscxAK3o_003__76c9b3cb0a.wav,Cathal Mallaghan,Ulster,NI
/Users/cianan/Documents/College/GitHub/FYP/Data/segments_clean_lufs10s/Cathal_Mallaghan_Sinn_Fein_Mid_Ulster_rjkYscxAK3o_004__2f8dab01fb.wav,Cathal Mallaghan,Ulster,NI
/Users/cianan/Documents/College/GitHub/FYP/Data/segments_clean_lufs10s/Jim_Allister_Traditional_Unionist_Voice_Newry_and_Armagh_gQaMqh-lh3k_001__0de1eddccb.wav,Jim Allister,Ulster,NI
/Users/cianan/Documents/College/GitHub/FYP/Data/segments_clean_lufs10s/Jim_Allister_Traditional_Unionist_Voice_Newry_and_Armagh_gQaMqh-lh3k_002__9c408e45a1.wav,Jim Allister,Ulster,NI
/Users/cianan/Documents/College/GitHub/FYP/Data/segments_clean_lufs10s/Jim_Allister_Traditional_Unionist_Voice_Newry_and_Armagh_gQaMqh-lh3k_003__4be9692b2e.wav,Jim Allister,Ulster,NI
/Users/cianan/Documents/College/GitHub/FYP/Data/segments_clean_lufs10s/Jim_Allister_Traditional_Unionist_Voice_Newry_and_Armagh_t9WNj5q10ak_001__eda500c544.wav,Jim Allister,Ulster,NI
/Users/cianan/Documents/College/GitHub/FYP/Data/segments_clean_lufs10s/Jim_Allister_Traditional_Unionist_Voice_Newry_and_Armagh_t9WNj5q10ak_002__2f33c2becc.wav,Jim Allister,Ulster,NI
/Users/cianan/Documents/College/GitHub/FYP/Data/segments_clean_lufs10s/Jim_Allister_Traditional_Unionist_Voice_Newry_and_Armagh_1LmxHWt6NMk_001__cf3da4e157.wav,Jim Allister,Ulster,NI
/Users/cianan/Documents/College/GitHub/FYP/Data/segments_clean_lufs10s/Jim_Allister_Traditional_Unionist_Voice_Newry_and_Armagh_1LmxHWt6NMk_002__e9c1792031.wav,Jim Allister,Ulster,NI
/Users/cianan/Documents/College/GitHub/FYP/Data/segments_clean_lufs10s/Jim_Allister_Traditional_Unionist_Voice_Newry_and_Armagh_1LmxHWt6NMk_003__75b34187b2.wav,Jim Allister,Ulster,NI
/Users/cianan/Documents/College/GitHub/FYP/Data/segments_clean_lufs10s/Jim_Allister_Traditional_Unionist_Voice_Newry_and_Armagh_1LmxHWt6NMk_004__d4368b1b33.wav,Jim Allister,Ulster,NI
/Users/cianan/Documents/College/GitHub/FYP/Data/segments_clean_lufs10s/Jim_Allister_Traditional_Unionist_Voice_Newry_and_Armagh_1LmxHWt6NMk_006__308232fe87.wav,Jim Allister,Ulster,NI
/Users/cianan/Documents/College/GitHub/FYP/Data/segments_clean_lufs10s/Jim_Allister_Traditional_Unionist_Voice_Newry_and_Armagh_9vQKTc2uNk4_001__51aa7a203e.wav,Jim Allister,Ulster,NI
/Users/cianan/Documents/College/GitHub/FYP/Data/segments_clean_lufs10s/Jim_Allister_Traditional_Unionist_Voice_Newry_and_Armagh_9vQKTc2uNk4_002__a83e85cfa5.wav,Jim Allister,Ulster,NI
/Users/cianan/Documents/College/GitHub/FYP/Data/segments_clean_lufs10s/Jim_Allister_Traditional_Unionist_Voice_Newry_and_Armagh_9vQKTc2uNk4_003__dffc9d1729.wav,Jim Allister,Ulster,NI
/Users/cianan/Documents/College/GitHub/FYP/Data/segments_clean_lufs10s/Jim_Allister_Traditional_Unionist_Voice_Newry_and_Armagh_9vQKTc2uNk4_004__461e4be07b.wav,Jim Allister,Ulster,NI
/Users/cianan/Documents/College/GitHub/FYP/Data/segments_clean_lufs10s/Alex_Easton_Independent_North_Down_sc_HAE5QaN4_001__8b2ab81c9c.wav,Alex Easton,Ulster,NI
/Users/cianan/Documents/College/GitHub/FYP/Data/segments_clean_lufs10s/Alex_Easton_Independent_North_Down_sc_HAE5QaN4_002__6e03a2acde.wav,Alex Easton,Ulster,NI
/Users/cianan/Documents/College/GitHub/FYP/Data/segments_clean_lufs10s/Alex_Easton_Independent_North_Down_jdPUMFXJ3_c_001__26cdfcac8e.wav,Alex Easton,Ulster,NI
/Users/cianan/Documents/College/GitHub/FYP/Data/segments_clean_lufs10s/Alex_Easton_Independent_North_Down_jdPUMFXJ3_c_002__1965e3a005.wav,Alex Easton,Ulster,NI
/Users/cianan/Documents/College/GitHub/FYP/Data/segments_clean_lufs10s/Alex_Easton_Independent_North_Down_jdPUMFXJ3_c_003__0571114f81.wav,Alex Easton,Ulster,NI
/Users/cianan/Documents/College/GitHub/FYP/Data/segments_clean_lufs10s/Alex_Easton_Independent_North_Down_jdPUMFXJ3_c_004__d70d74fcf9.wav,Alex Easton,Ulster,NI
/Users/cianan/Documents/College/GitHub/FYP/Data/segments_clean_lufs10s/Alex_Easton_Independent_North_Down_jdPUMFXJ3_c_005__e483817d76.wav,Alex Easton,Ulster,NI
/Users/cianan/Documents/College/GitHub/FYP/Data/segments_clean_lufs10s/Alex_Easton_Independent_North_Down_jdPUMFXJ3_c_006__be026d7193.wav,Alex Easton,Ulster,NI
/Users/cianan/Documents/College/GitHub/FYP/Data/segments_clean_lufs10s/Alex_Easton_Independent_North_Down_jdPUMFXJ3_c_007__2a3aab2616.wav,Alex Easton,Ulster,NI
/Users/cianan/Documents/College/GitHub/FYP/Data/segments_clean_lufs10s/Alex_Easton_Independent_North_Down_jdPUMFXJ3_c_008__a0bd259fb6.wav,Alex Easton,Ulster,NI
/Users/cianan/Documents/College/GitHub/FYP/Data/segments_clean_lufs10s/Alex_Easton_Independent_North_Down_7Ay_lfLl3Fc_001__9d86d483ca.wav,Alex Easton,Ulster,NI
/Users/cianan/Documents/College/GitHub/FYP/Data/segments_clean_lufs10s/Alex_Easton_Independent_North_Down_7Ay_lfLl3Fc_002__7abe543df2.wav,Alex Easton,Ulster,NI
/Users/cianan/Documents/College/GitHub/FYP/Data/segments_clean_lufs10s/Alex_Easton_Independent_North_Down_7Ay_lfLl3Fc_003__3ac53c3f6b.wav,Alex Easton,Ulster,NI
/Users/cianan/Documents/College/GitHub/FYP/Data/segments_clean_lufs10s/Alex_Easton_Independent_North_Down_7Ay_lfLl3Fc_004__19cab8bb4b.wav,Alex Easton,Ulster,NI
/Users/cianan/Documents/College/GitHub/FYP/Data/segments_clean_lufs10s/Alex_Easton_Independent_North_Down_7Ay_lfLl3Fc_005__1cda6b1521.wav,Alex Easton,Ulster,NI
/Users/cianan/Documents/College/GitHub/FYP/Data/segments_clean_lufs10s/Alex_Easton_Independent_North_Down_7Ay_lfLl3Fc_006__aa498d17c1.wav,Alex Easton,Ulster,NI
/Users/cianan/Documents/College/GitHub/FYP/Data/segments_clean_lufs10s/Alex_Easton_Independent_North_Down_7Ay_lfLl3Fc_007__8116fe55f9.wav,Alex Easton,Ulster,NI
/Users/cianan/Documents/College/GitHub/FYP/Data/segments_clean_lufs10s/Alex_Easton_Independent_North_Down_7Ay_lfLl3Fc_008__218d8ff5f6.wav,Alex Easton,Ulster,NI
/Users/cianan/Documents/College/GitHub/FYP/Data/segments_clean_lufs10s/Alex_Easton_Independent_North_Down_7Ay_lfLl3Fc_009__c33bdc1f24.wav,Alex Easton,Ulster,NI
/Users/cianan/Documents/College/GitHub/FYP/Data/segments_clean_lufs10s/Alex_Easton_Independent_North_Down_7Ay_lfLl3Fc_010__4eb1df026e.wav,Alex Easton,Ulster,NI
/Users/cianan/Documents/College/GitHub/FYP/Data/segments_clean_lufs10s/Alex_Easton_Independent_North_Down_7Ay_lfLl3Fc_011__edda221f03.wav,Alex Easton,Ulster,NI
/Users/cianan/Documents/College/GitHub/FYP/Data/segments_clean_lufs10s/Alex_Easton_Independent_North_Down_7Ay_lfLl3Fc_012__29849fe8aa.wav,Alex Easton,Ulster,NI
/Users/cianan/Documents/College/GitHub/FYP/Data/segments_clean_lufs10s/Alex_Easton_Independent_North_Down_7Ay_lfLl3Fc_013__2707fb4a2c.wav,Alex Easton,Ulster,NI
/Users/cianan/Documents/College/GitHub/FYP/Data/segments_clean_lufs10s/Alex_Easton_Independent_North_Down_fxMUOjNQ8As_001__99c81c68aa.wav,Alex Easton,Ulster,NI
/Users/cianan/Documents/College/GitHub/FYP/Data/segments_clean_lufs10s/Alex_Easton_Independent_North_Down_fxMUOjNQ8As_002__cbde4b2da9.wav,Alex Easton,Ulster,NI
/Users/cianan/Documents/College/GitHub/FYP/Data/segments_clean_lufs10s/Alex_Easton_Independent_North_Down_fxMUOjNQ8As_003__deb92634af.wav,Alex Easton,Ulster,NI
/Users/cianan/Documents/College/GitHub/FYP/Data/segments_clean_lufs10s/Alex_Easton_Independent_North_Down_fxMUOjNQ8As_004__fc1f716767.wav,Alex Easton,Ulster,NI
/Users/cianan/Documents/College/GitHub/FYP/Data/segments_clean_lufs10s/Alex_Easton_Independent_North_Down_fxMUOjNQ8As_005__1ba03c2128.wav,Alex Easton,Ulster,NI
/Users/cianan/Documents/College/GitHub/FYP/Data/segments_clean_lufs10s/Alex_Easton_Independent_North_Down_fxMUOjNQ8As_006__7d73b9a909.wav,Alex Easton,Ulster,NI
/Users/cianan/Documents/College/GitHub/FYP/Data/segments_clean_lufs10s/Alex_Easton_Independent_North_Down_fxMUOjNQ8As_007__7c796a046d.wav,Alex Easton,Ulster,NI
/Users/cianan/Documents/College/GitHub/FYP/Data/segments_clean_lufs10s/Alex_Easton_Independent_North_Down_fxMUOjNQ8As_008__554acbab02.wav,Alex Easton,Ulster,NI
/Users/cianan/Documents/College/GitHub/FYP/Data/segments_clean_lufs10s/Alex_Easton_Independent_North_Down_fxMUOjNQ8As_009__59aeb5a0e1.wav,Alex Easton,Ulster,NI
/Users/cianan/Documents/College/GitHub/FYP/Data/segments_clean_lufs10s/Alex_Easton_Independent_North_Down_fxMUOjNQ8As_010__258dac0564.wav,Alex Easton,Ulster,NI
/Users/cianan/Documents/College/GitHub/FYP/Data/segments_clean_lufs10s/Alex_Easton_Independent_North_Down_fxMUOjNQ8As_011__bcdbfd6bfc.wav,Alex Easton,Ulster,NI
/Users/cianan/Documents/College/GitHub/FYP/Data/segments_clean_lufs10s/Alex_Easton_Independent_North_Down_fxMUOjNQ8As_012__453f23b522.wav,Alex Easton,Ulster,NI
/Users/cianan/Documents/College/GitHub/FYP/Data/segments_clean_lufs10s/Alex_Easton_Independent_North_Down_fxMUOjNQ8As_013__e53c022957.wav,Alex Easton,Ulster,NI
/Users/cianan/Documents/College/GitHub/FYP/Data/segments_clean_lufs10s/Alex_Easton_Independent_North_Down_fxMUOjNQ8As_014__576c0cce56.wav,Alex Easton,Ulster,NI
/Users/cianan/Documents/College/GitHub/FYP/Data/segments_clean_lufs10s/Alex_Easton_Independent_North_Down_fxMUOjNQ8As_015__3c3cb42683.wav,Alex Easton,Ulster,NI
/Users/cianan/Documents/College/GitHub/FYP/Data/segments_clean_lufs10s/Alex_Easton_Independent_North_Down_fxMUOjNQ8As_016__3fa7899cc4.wav,Alex Easton,Ulster,NI
/Users/cianan/Documents/College/GitHub/FYP/Data/segments_clean_lufs10s/Alex_Easton_Independent_North_Down_fxMUOjNQ8As_017__74e1d4d550.wav,Alex Easton,Ulster,NI
/Users/cianan/Documents/College/GitHub/FYP/Data/segments_clean_lufs10s/Alex_Easton_Independent_North_Down_fxMUOjNQ8As_018__5a69e07e1c.wav,Alex Easton,Ulster,NI
/Users/cianan/Documents/College/GitHub/FYP/Data/segments_clean_lufs10s/Alex_Easton_Independent_North_Down_WUEvywPTCtU_001__d491220924.wav,Alex Easton,Ulster,NI
/Users/cianan/Documents/College/GitHub/FYP/Data/segments_clean_lufs10s/Alex_Easton_Independent_North_Down_WUEvywPTCtU_002__499c5eb7bf.wav,Alex Easton,Ulster,NI
/Users/cianan/Documents/College/GitHub/FYP/Data/segments_clean_lufs10s/Alex_Easton_Independent_North_Down_WUEvywPTCtU_003__5ea5caff2f.wav,Alex Easton,Ulster,NI
/Users/cianan/Documents/College/GitHub/FYP/Data/segments_clean_lufs10s/Alex_Easton_Independent_North_Down_WUEvywPTCtU_004__094a3fb4cb.wav,Alex Easton,Ulster,NI
/Users/cianan/Documents/College/GitHub/FYP/Data/segments_clean_lufs10s/Alex_Easton_Independent_North_Down_WUEvywPTCtU_005__e06ebc4908.wav,Alex Easton,Ulster,NI
/Users/cianan/Documents/College/GitHub/FYP/Data/segments_clean_lufs10s/Alex_Easton_Independent_North_Down_WUEvywPTCtU_006__4f74064054.wav,Alex Easton,Ulster,NI
/Users/cianan/Documents/College/GitHub/FYP/Data/segments_clean_lufs10s/Alex_Easton_Independent_North_Down_WUEvywPTCtU_007__4f001aafed.wav,Alex Easton,Ulster,NI
/Users/cianan/Documents/College/GitHub/FYP/Data/segments_clean_lufs10s/Alex_Easton_Independent_North_Down_WUEvywPTCtU_008__9a6d2cc3bc.wav,Alex Easton,Ulster,NI
/Users/cianan/Documents/College/GitHub/FYP/Data/segments_clean_lufs10s/Alex_Easton_Independent_North_Down_WUEvywPTCtU_009__6282fdb306.wav,Alex Easton,Ulster,NI
/Users/cianan/Documents/College/GitHub/FYP/Data/segments_clean_lufs10s/Alex_Easton_Independent_North_Down_WUEvywPTCtU_010__085c1b53da.wav,Alex Easton,Ulster,NI
/Users/cianan/Documents/College/GitHub/FYP/Data/segments_clean_lufs10s/Alex_Easton_Independent_North_Down_WUEvywPTCtU_011__afad6fb468.wav,Alex Easton,Ulster,NI
/Users/cianan/Documents/College/GitHub/FYP/Data/segments_clean_lufs10s/Alex_Easton_Independent_North_Down_WUEvywPTCtU_012__837b1ef528.wav,Alex Easton,Ulster,NI
/Users/cianan/Documents/College/GitHub/FYP/Data/segments_clean_lufs10s/Robin_Swann_Ulster_Unionist_Party_South_Antrim_eASdEQHPB5w_001__73dbd7dc64.wav,Robin Swann,Ulster,NI
/Users/cianan/Documents/College/GitHub/FYP/Data/segments_clean_lufs10s/Robin_Swann_Ulster_Unionist_Party_South_Antrim_eASdEQHPB5w_002__f6883bbc97.wav,Robin Swann,Ulster,NI
/Users/cianan/Documents/College/GitHub/FYP/Data/segments_clean_lufs10s/Robin_Swann_Ulster_Unionist_Party_South_Antrim_eASdEQHPB5w_003__eb2e9feef4.wav,Robin Swann,Ulster,NI
/Users/cianan/Documents/College/GitHub/FYP/Data/segments_clean_lufs10s/Robin_Swann_Ulster_Unionist_Party_South_Antrim_eASdEQHPB5w_004__749e9cdf80.wav,Robin Swann,Ulster,NI
/Users/cianan/Documents/College/GitHub/FYP/Data/segments_clean_lufs10s/Robin_Swann_Ulster_Unionist_Party_South_Antrim_eASdEQHPB5w_005__6bf2ba6c87.wav,Robin Swann,Ulster,NI
/Users/cianan/Documents/College/GitHub/FYP/Data/segments_clean_lufs10s/Robin_Swann_Ulster_Unionist_Party_South_Antrim_eASdEQHPB5w_006__12734ff0b3.wav,Robin Swann,Ulster,NI
/Users/cianan/Documents/College/GitHub/FYP/Data/segments_clean_lufs10s/Robin_Swann_Ulster_Unionist_Party_South_Antrim_eASdEQHPB5w_007__0d653149d3.wav,Robin Swann,Ulster,NI
/Users/cianan/Documents/College/GitHub/FYP/Data/segments_clean_lufs10s/Robin_Swann_Ulster_Unionist_Party_South_Antrim_eASdEQHPB5w_008__193d41d600.wav,Robin Swann,Ulster,NI
/Users/cianan/Documents/College/GitHub/FYP/Data/segments_clean_lufs10s/Robin_Swann_Ulster_Unionist_Party_South_Antrim_eASdEQHPB5w_009__59b0452670.wav,Robin Swann,Ulster,NI
/Users/cianan/Documents/College/GitHub/FYP/Data/segments_clean_lufs10s/Robin_Swann_Ulster_Unionist_Party_South_Antrim_eASdEQHPB5w_010__7ae553b216.wav,Robin Swann,Ulster,NI
/Users/cianan/Documents/College/GitHub/FYP/Data/segments_clean_lufs10s/Robin_Swann_Ulster_Unionist_Party_South_Antrim_eASdEQHPB5w_011__12e3ef1088.wav,Robin Swann,Ulster,NI
/Users/cianan/Documents/College/GitHub/FYP/Data/segments_clean_lufs10s/Robin_Swann_Ulster_Unionist_Party_South_Antrim_eASdEQHPB5w_012__335b1c903a.wav,Robin Swann,Ulster,NI
/Users/cianan/Documents/College/GitHub/FYP/Data/segments_clean_lufs10s/Robin_Swann_Ulster_Unionist_Party_South_Antrim_eASdEQHPB5w_013__b6c33f7676.wav,Robin Swann,Ulster,NI
/Users/cianan/Documents/College/GitHub/FYP/Data/segments_clean_lufs10s/Robin_Swann_Ulster_Unionist_Party_South_Antrim_sg8sSFcU1kc_001__0fb445ded1.wav,Robin Swann,Ulster,NI
/Users/cianan/Documents/College/GitHub/FYP/Data/segments_clean_lufs10s/Robin_Swann_Ulster_Unionist_Party_South_Antrim_sg8sSFcU1kc_002__6208bfb9d9.wav,Robin Swann,Ulster,NI
/Users/cianan/Documents/College/GitHub/FYP/Data/segments_clean_lufs10s/Robin_Swann_Ulster_Unionist_Party_South_Antrim_sg8sSFcU1kc_003__db693855db.wav,Robin Swann,Ulster,NI
/Users/cianan/Documents/College/GitHub/FYP/Data/segments_clean_lufs10s/Robin_Swann_Ulster_Unionist_Party_South_Antrim_sg8sSFcU1kc_004__adf2ff81cf.wav,Robin Swann,Ulster,NI
/Users/cianan/Documents/College/GitHub/FYP/Data/segments_clean_lufs10s/Robin_Swann_Ulster_Unionist_Party_South_Antrim_sg8sSFcU1kc_005__a4a29229ba.wav,Robin Swann,Ulster,NI
/Users/cianan/Documents/College/GitHub/FYP/Data/segments_clean_lufs10s/Robin_Swann_Ulster_Unionist_Party_South_Antrim_sg8sSFcU1kc_006__aea500811b.wav,Robin Swann,Ulster,NI
/Users/cianan/Documents/College/GitHub/FYP/Data/segments_clean_lufs10s/Robin_Swann_Ulster_Unionist_Party_South_Antrim_sg8sSFcU1kc_007__e0967c5101.wav,Robin Swann,Ulster,NI
/Users/cianan/Documents/College/GitHub/FYP/Data/segments_clean_lufs10s/Robin_Swann_Ulster_Unionist_Party_South_Antrim_sg8sSFcU1kc_008__d62221e47f.wav,Robin Swann,Ulster,NI
/Users/cianan/Documents/College/GitHub/FYP/Data/segments_clean_lufs10s/Robin_Swann_Ulster_Unionist_Party_South_Antrim_sg8sSFcU1kc_009__13e6148084.wav,Robin Swann,Ulster,NI
/Users/cianan/Documents/College/GitHub/FYP/Data/segments_clean_lufs10s/Robin_Swann_Ulster_Unionist_Party_South_Antrim_sg8sSFcU1kc_010__84362b4857.wav,Robin Swann,Ulster,NI
/Users/cianan/Documents/College/GitHub/FYP/Data/segments_clean_lufs10s/Robin_Swann_Ulster_Unionist_Party_South_Antrim_sg8sSFcU1kc_011__5d7b522061.wav,Robin Swann,Ulster,NI
/Users/cianan/Documents/College/GitHub/FYP/Data/segments_clean_lufs10s/Robin_Swann_Ulster_Unionist_Party_South_Antrim_sg8sSFcU1kc_012__e3426aa090.wav,Robin Swann,Ulster,NI
/Users/cianan/Documents/College/GitHub/FYP/Data/segments_clean_lufs10s/Robin_Swann_Ulster_Unionist_Party_South_Antrim_sg8sSFcU1kc_013__3ad8a31741.wav,Robin Swann,Ulster,NI
/Users/cianan/Documents/College/GitHub/FYP/Data/segments_clean_lufs10s/Robin_Swann_Ulster_Unionist_Party_South_Antrim_sg8sSFcU1kc_014__b4b54ad9e1.wav,Robin Swann,Ulster,NI
/Users/cianan/Documents/College/GitHub/FYP/Data/segments_clean_lufs10s/Robin_Swann_Ulster_Unionist_Party_South_Antrim_sg8sSFcU1kc_015__3612c22e6a.wav,Robin Swann,Ulster,NI
/Users/cianan/Documents/College/GitHub/FYP/Data/segments_clean_lufs10s/Robin_Swann_Ulster_Unionist_Party_South_Antrim_sg8sSFcU1kc_016__d306e7cf1c.wav,Robin Swann,Ulster,NI
/Users/cianan/Documents/College/GitHub/FYP/Data/segments_clean_lufs10s/Robin_Swann_Ulster_Unionist_Party_South_Antrim_sg8sSFcU1kc_017__ae3838cc82.wav,Robin Swann,Ulster,NI
/Users/cianan/Documents/College/GitHub/FYP/Data/segments_clean_lufs10s/Robin_Swann_Ulster_Unionist_Party_South_Antrim_sg8sSFcU1kc_018__d99f532c62.wav,Robin Swann,Ulster,NI
/Users/cianan/Documents/College/GitHub/FYP/Data/segments_clean_lufs10s/Robin_Swann_Ulster_Unionist_Party_South_Antrim_sg8sSFcU1kc_019__76f68eaaac.wav,Robin Swann,Ulster,NI
/Users/cianan/Documents/College/GitHub/FYP/Data/segments_clean_lufs10s/Robin_Swann_Ulster_Unionist_Party_South_Antrim_sg8sSFcU1kc_020__5e308e3b20.wav,Robin Swann,Ulster,NI
/Users/cianan/Documents/College/GitHub/FYP/Data/segments_clean_lufs10s/Robin_Swann_Ulster_Unionist_Party_South_Antrim_sg8sSFcU1kc_021__e50f37b381.wav,Robin Swann,Ulster,NI
/Users/cianan/Documents/College/GitHub/FYP/Data/segments_clean_lufs10s/Robin_Swann_Ulster_Unionist_Party_South_Antrim_sg8sSFcU1kc_022__9a6ede16c6.wav,Robin Swann,Ulster,NI
/Users/cianan/Documents/College/GitHub/FYP/Data/segments_clean_lufs10s/Robin_Swann_Ulster_Unionist_Party_South_Antrim_sg8sSFcU1kc_023__af658fa712.wav,Robin Swann,Ulster,NI
/Users/cianan/Documents/College/GitHub/FYP/Data/segments_clean_lufs10s/Robin_Swann_Ulster_Unionist_Party_South_Antrim_Jwhty7PHOqs_001__595dedd826.wav,Robin Swann,Ulster,NI
/Users/cianan/Documents/College/GitHub/FYP/Data/segments_clean_lufs10s/Robin_Swann_Ulster_Unionist_Party_South_Antrim_Jwhty7PHOqs_002__a355569baa.wav,Robin Swann,Ulster,NI
/Users/cianan/Documents/College/GitHub/FYP/Data/segments_clean_lufs10s/Robin_Swann_Ulster_Unionist_Party_South_Antrim_Jwhty7PHOqs_003__4a490b8e9b.wav,Robin Swann,Ulster,NI
/Users/cianan/Documents/College/GitHub/FYP/Data/segments_clean_lufs10s/Robin_Swann_Ulster_Unionist_Party_South_Antrim_Jwhty7PHOqs_004__5d13ca8822.wav,Robin Swann,Ulster,NI
/Users/cianan/Documents/College/GitHub/FYP/Data/segments_clean_lufs10s/Robin_Swann_Ulster_Unionist_Party_South_Antrim_Jwhty7PHOqs_005__5c9067d149.wav,Robin Swann,Ulster,NI
/Users/cianan/Documents/College/GitHub/FYP/Data/segments_clean_lufs10s/Robin_Swann_Ulster_Unionist_Party_South_Antrim_Jwhty7PHOqs_006__0a53187802.wav,Robin Swann,Ulster,NI
/Users/cianan/Documents/College/GitHub/FYP/Data/segments_clean_lufs10s/Robin_Swann_Ulster_Unionist_Party_South_Antrim_Jwhty7PHOqs_007__3b023d8889.wav,Robin Swann,Ulster,NI
/Users/cianan/Documents/College/GitHub/FYP/Data/segments_clean_lufs10s/Robin_Swann_Ulster_Unionist_Party_South_Antrim_Jwhty7PHOqs_008__15674a3226.wav,Robin Swann,Ulster,NI
/Users/cianan/Documents/College/GitHub/FYP/Data/segments_clean_lufs10s/Robin_Swann_Ulster_Unionist_Party_South_Antrim_Jwhty7PHOqs_009__b93a8492be.wav,Robin Swann,Ulster,NI
/Users/cianan/Documents/College/GitHub/FYP/Data/segments_clean_lufs10s/Robin_Swann_Ulster_Unionist_Party_South_Antrim_Jwhty7PHOqs_010__33e3dce6d2.wav,Robin Swann,Ulster,NI
/Users/cianan/Documents/College/GitHub/FYP/Data/segments_clean_lufs10s/Robin_Swann_Ulster_Unionist_Party_South_Antrim_Jwhty7PHOqs_011__b3aea5f15d.wav,Robin Swann,Ulster,NI
/Users/cianan/Documents/College/GitHub/FYP/Data/segments_clean_lufs10s/Robin_Swann_Ulster_Unionist_Party_South_Antrim_Jwhty7PHOqs_012__c2205ac5a3.wav,Robin Swann,Ulster,NI
/Users/cianan/Documents/College/GitHub/FYP/Data/segments_clean_lufs10s/Robin_Swann_Ulster_Unionist_Party_South_Antrim_Jwhty7PHOqs_013__4ed149b2bb.wav,Robin Swann,Ulster,NI
/Users/cianan/Documents/College/GitHub/FYP/Data/segments_clean_lufs10s/Robin_Swann_Ulster_Unionist_Party_South_Antrim_Jwhty7PHOqs_014__505beaae8b.wav,Robin Swann,Ulster,NI
/Users/cianan/Documents/College/GitHub/FYP/Data/segments_clean_lufs10s/Robin_Swann_Ulster_Unionist_Party_South_Antrim_Jwhty7PHOqs_015__065c4a5ca0.wav,Robin Swann,Ulster,NI
/Users/cianan/Documents/College/GitHub/FYP/Data/segments_clean_lufs10s/Robin_Swann_Ulster_Unionist_Party_South_Antrim_Jwhty7PHOqs_016__dbc9b096d1.wav,Robin Swann,Ulster,NI
/Users/cianan/Documents/College/GitHub/FYP/Data/segments_clean_lufs10s/Robin_Swann_Ulster_Unionist_Party_South_Antrim_Jwhty7PHOqs_017__d2c702b846.wav,Robin Swann,Ulster,NI
/Users/cianan/Documents/College/GitHub/FYP/Data/segments_clean_lufs10s/Chris_Hazzard_Sinn_Fein_South_Down_Z-_a09t6pjE_001__910b90a2f5.wav,Chris Hazzard,Ulster,NI
/Users/cianan/Documents/College/GitHub/FYP/Data/segments_clean_lufs10s/Chris_Hazzard_Sinn_Fein_South_Down_Z-_a09t6pjE_002__c524671aaf.wav,Chris Hazzard,Ulster,NI
/Users/cianan/Documents/College/GitHub/FYP/Data/segments_clean_lufs10s/Chris_Hazzard_Sinn_Fein_South_Down_fjJD31DjtLA_001__5d0706683d.wav,Chris Hazzard,Ulster,NI
/Users/cianan/Documents/College/GitHub/FYP/Data/segments_clean_lufs10s/Chris_Hazzard_Sinn_Fein_South_Down_fjJD31DjtLA_002__942e4e65b1.wav,Chris Hazzard,Ulster,NI
/Users/cianan/Documents/College/GitHub/FYP/Data/segments_clean_lufs10s/Chris_Hazzard_Sinn_Fein_South_Down_fjJD31DjtLA_003__3f211c63b5.wav,Chris Hazzard,Ulster,NI
/Users/cianan/Documents/College/GitHub/FYP/Data/segments_clean_lufs10s/Chris_Hazzard_Sinn_Fein_South_Down_R6H8q4LHQFE_001__9f934a6c5c.wav,Chris Hazzard,Ulster,NI
/Users/cianan/Documents/College/GitHub/FYP/Data/segments_clean_lufs10s/Chris_Hazzard_Sinn_Fein_South_Down_R6H8q4LHQFE_002__eefacdac15.wav,Chris Hazzard,Ulster,NI
/Users/cianan/Documents/College/GitHub/FYP/Data/segments_clean_lufs10s/Jim_Shannon_Democratic_Unionist_Party_Strangford_sLbz1qritL8_001__4609fe28b6.wav,Jim Shannon,Ulster,NI
/Users/cianan/Documents/College/GitHub/FYP/Data/segments_clean_lufs10s/Jim_Shannon_Democratic_Unionist_Party_Strangford_sLbz1qritL8_002__ed239bd456.wav,Jim Shannon,Ulster,NI
/Users/cianan/Documents/College/GitHub/FYP/Data/segments_clean_lufs10s/Jim_Shannon_Democratic_Unionist_Party_Strangford_w7bDiRH8--s_001__e78b84a880.wav,Jim Shannon,Ulster,NI
/Users/cianan/Documents/College/GitHub/FYP/Data/segments_clean_lufs10s/Jim_Shannon_Democratic_Unionist_Party_Strangford_w7bDiRH8--s_002__bbbcf11cd8.wav,Jim Shannon,Ulster,NI
/Users/cianan/Documents/College/GitHub/FYP/Data/segments_clean_lufs10s/Jim_Shannon_Democratic_Unionist_Party_Strangford_w7bDiRH8--s_003__b3224ac3d8.wav,Jim Shannon,Ulster,NI
/Users/cianan/Documents/College/GitHub/FYP/Data/segments_clean_lufs10s/Jim_Shannon_Democratic_Unionist_Party_Strangford_w7bDiRH8--s_004__8ec7275abd.wav,Jim Shannon,Ulster,NI
/Users/cianan/Documents/College/GitHub/FYP/Data/segments_clean_lufs10s/Jim_Shannon_Democratic_Unionist_Party_Strangford_WU5ZoELBWY0_001__b35766840c.wav,Jim Shannon,Ulster,NI
/Users/cianan/Documents/College/GitHub/FYP/Data/segments_clean_lufs10s/Jim_Shannon_Democratic_Unionist_Party_Strangford_2GyrbqXCsSk_001__ddf3ed6a44.wav,Jim Shannon,Ulster,NI
/Users/cianan/Documents/College/GitHub/FYP/Data/segments_clean_lufs10s/Jim_Shannon_Democratic_Unionist_Party_Strangford_2GyrbqXCsSk_002__7ff49ceb24.wav,Jim Shannon,Ulster,NI
/Users/cianan/Documents/College/GitHub/FYP/Data/segments_clean_lufs10s/Jim_Shannon_Democratic_Unionist_Party_Strangford_2GyrbqXCsSk_003__a1924be93a.wav,Jim Shannon,Ulster,NI
/Users/cianan/Documents/College/GitHub/FYP/Data/segments_clean_lufs10s/Jim_Shannon_Democratic_Unionist_Party_Strangford_2GyrbqXCsSk_004__957601be31.wav,Jim Shannon,Ulster,NI
/Users/cianan/Documents/College/GitHub/FYP/Data/segments_clean_lufs10s/Jim_Shannon_Democratic_Unionist_Party_Strangford_IVOdTOAXE4U_001__a577190432.wav,Jim Shannon,Ulster,NI
/Users/cianan/Documents/College/GitHub/FYP/Data/segments_clean_lufs10s/Jim_Shannon_Democratic_Unionist_Party_Strangford_IVOdTOAXE4U_002__0a7bc03e3d.wav,Jim Shannon,Ulster,NI
/Users/cianan/Documents/College/GitHub/FYP/Data/segments_clean_lufs10s/Carla_Lockhart_Democratic_Unionist_Party_Upper_Bann_-tPouNPpFw4_001__f6cc1e39ce.wav,Carla Lockhart,Ulster,NI
/Users/cianan/Documents/College/GitHub/FYP/Data/segments_clean_lufs10s/Carla_Lockhart_Democratic_Unionist_Party_Upper_Bann_-tPouNPpFw4_002__84c7e8642a.wav,Carla Lockhart,Ulster,NI
/Users/cianan/Documents/College/GitHub/FYP/Data/segments_clean_lufs10s/Carla_Lockhart_Democratic_Unionist_Party_Upper_Bann_-tPouNPpFw4_003__4c739f0e83.wav,Carla Lockhart,Ulster,NI
/Users/cianan/Documents/College/GitHub/FYP/Data/segments_clean_lufs10s/Carla_Lockhart_Democratic_Unionist_Party_Upper_Bann_-tPouNPpFw4_004__a08a493936.wav,Carla Lockhart,Ulster,NI
/Users/cianan/Documents/College/GitHub/FYP/Data/segments_clean_lufs10s/Carla_Lockhart_Democratic_Unionist_Party_Upper_Bann_HJq2Wr17onY_001__4ab10b7530.wav,Carla Lockhart,Ulster,NI
/Users/cianan/Documents/College/GitHub/FYP/Data/segments_clean_lufs10s/Carla_Lockhart_Democratic_Unionist_Party_Upper_Bann_HJq2Wr17onY_002__22204982c8.wav,Carla Lockhart,Ulster,NI
/Users/cianan/Documents/College/GitHub/FYP/Data/segments_clean_lufs10s/Carla_Lockhart_Democratic_Unionist_Party_Upper_Bann_HJq2Wr17onY_003__13e908b12b.wav,Carla Lockhart,Ulster,NI
/Users/cianan/Documents/College/GitHub/FYP/Data/segments_clean_lufs10s/Carla_Lockhart_Democratic_Unionist_Party_Upper_Bann_HJq2Wr17onY_004__26a59d1afb.wav,Carla Lockhart,Ulster,NI
/Users/cianan/Documents/College/GitHub/FYP/Data/segments_clean_lufs10s/Carla_Lockhart_Democratic_Unionist_Party_Upper_Bann_HJq2Wr17onY_005__4c32c55fa7.wav,Carla Lockhart,Ulster,NI
/Users/cianan/Documents/College/GitHub/FYP/Data/segments_clean_lufs10s/Carla_Lockhart_Democratic_Unionist_Party_Upper_Bann_HJq2Wr17onY_006__d7bc15290c.wav,Carla Lockhart,Ulster,NI
/Users/cianan/Documents/College/GitHub/FYP/Data/segments_clean_lufs10s/Carla_Lockhart_Democratic_Unionist_Party_Upper_Bann_HJq2Wr17onY_007__832ba6b926.wav,Carla Lockhart,Ulster,NI
/Users/cianan/Documents/College/GitHub/FYP/Data/segments_clean_lufs10s/Carla_Lockhart_Democratic_Unionist_Party_Upper_Bann_HJq2Wr17onY_008__eb63da6822.wav,Carla Lockhart,Ulster,NI
/Users/cianan/Documents/College/GitHub/FYP/Data/segments_clean_lufs10s/Carla_Lockhart_Democratic_Unionist_Party_Upper_Bann_HJq2Wr17onY_009__d2a514a8dc.wav,Carla Lockhart,Ulster,NI
/Users/cianan/Documents/College/GitHub/FYP/Data/segments_clean_lufs10s/Carla_Lockhart_Democratic_Unionist_Party_Upper_Bann_HJq2Wr17onY_010__5b03e5fd71.wav,Carla Lockhart,Ulster,NI
/Users/cianan/Documents/College/GitHub/FYP/Data/segments_clean_lufs10s/Carla_Lockhart_Democratic_Unionist_Party_Upper_Bann_6hX6CgwMp80_001__f42041f973.wav,Carla Lockhart,Ulster,NI
/Users/cianan/Documents/College/GitHub/FYP/Data/segments_clean_lufs10s/Carla_Lockhart_Democratic_Unionist_Party_Upper_Bann_fRIzW8s4ZDI_001__d9244527cf.wav,Carla Lockhart,Ulster,NI
/Users/cianan/Documents/College/GitHub/FYP/Data/segments_clean_lufs10s/Carla_Lockhart_Democratic_Unionist_Party_Upper_Bann_fRIzW8s4ZDI_002__ca1c9b3e29.wav,Carla Lockhart,Ulster,NI
/Users/cianan/Documents/College/GitHub/FYP/Data/segments_clean_lufs10s/Carla_Lockhart_Democratic_Unionist_Party_Upper_Bann_fRIzW8s4ZDI_003__7592949e26.wav,Carla Lockhart,Ulster,NI
/Users/cianan/Documents/College/GitHub/FYP/Data/segments_clean_lufs10s/Carla_Lockhart_Democratic_Unionist_Party_Upper_Bann_fRIzW8s4ZDI_004__dcadc7fec0.wav,Carla Lockhart,Ulster,NI
/Users/cianan/Documents/College/GitHub/FYP/Data/segments_clean_lufs10s/Carla_Lockhart_Democratic_Unionist_Party_Upper_Bann_fRIzW8s4ZDI_005__f33a07b4fd.wav,Carla Lockhart,Ulster,NI
/Users/cianan/Documents/College/GitHub/FYP/Data/segments_clean_lufs10s/Carla_Lockhart_Democratic_Unionist_Party_Upper_Bann_fRIzW8s4ZDI_006__b05c6674f4.wav,Carla Lockhart,Ulster,NI
/Users/cianan/Documents/College/GitHub/FYP/Data/segments_clean_lufs10s/Carla_Lockhart_Democratic_Unionist_Party_Upper_Bann_fRIzW8s4ZDI_007__fdfe9c2fb3.wav,Carla Lockhart,Ulster,NI
/Users/cianan/Documents/College/GitHub/FYP/Data/segments_clean_lufs10s/Carla_Lockhart_Democratic_Unionist_Party_Upper_Bann_fRIzW8s4ZDI_008__025cadab75.wav,Carla Lockhart,Ulster,NI
/Users/cianan/Documents/College/GitHub/FYP/Data/segments_clean_lufs10s/Carla_Lockhart_Democratic_Unionist_Party_Upper_Bann_fRIzW8s4ZDI_010__825400af85.wav,Carla Lockhart,Ulster,NI
/Users/cianan/Documents/College/GitHub/FYP/Data/segments_clean_lufs10s/Carla_Lockhart_Democratic_Unionist_Party_Upper_Bann_fRIzW8s4ZDI_011__650173efc6.wav,Carla Lockhart,Ulster,NI
/Users/cianan/Documents/College/GitHub/FYP/Data/segments_clean_lufs10s/Carla_Lockhart_Democratic_Unionist_Party_Upper_Bann_fRIzW8s4ZDI_012__cc79cdd79e.wav,Carla Lockhart,Ulster,NI
/Users/cianan/Documents/College/GitHub/FYP/Data/segments_clean_lufs10s/Carla_Lockhart_Democratic_Unionist_Party_Upper_Bann_fRIzW8s4ZDI_013__8f97d6d8a1.wav,Carla Lockhart,Ulster,NI
/Users/cianan/Documents/College/GitHub/FYP/Data/segments_clean_lufs10s/Carla_Lockhart_Democratic_Unionist_Party_Upper_Bann_fRIzW8s4ZDI_014__9c37b7ecd6.wav,Carla Lockhart,Ulster,NI
/Users/cianan/Documents/College/GitHub/FYP/Data/segments_clean_lufs10s/Orfhlaith_Begley_Sinn_Fein_West_Tyrone_Nv4ffqhJIKM_001__f88be15bf2.wav,Orfhlaith Begley,Ulster,NI
/Users/cianan/Documents/College/GitHub/FYP/Data/segments_clean_lufs10s/Orfhlaith_Begley_Sinn_Fein_West_Tyrone_oP1lV0b2834_001__f3c5b4364d.wav,Orfhlaith Begley,Ulster,NI
/Users/cianan/Documents/College/GitHub/FYP/Data/segments_clean_lufs10s/Orfhlaith_Begley_Sinn_Fein_West_Tyrone_oP1lV0b2834_002__9d0416fd8a.wav,Orfhlaith Begley,Ulster,NI
/Users/cianan/Documents/College/GitHub/FYP/Data/segments_clean_lufs10s/Orfhlaith_Begley_Sinn_Fein_West_Tyrone_oP1lV0b2834_003__0b9772ff5c.wav,Orfhlaith Begley,Ulster,NI
/Users/cianan/Documents/College/GitHub/FYP/Data/segments_clean_lufs10s/Orfhlaith_Begley_Sinn_Fein_West_Tyrone_oP1lV0b2834_004__9ef40fa741.wav,Orfhlaith Begley,Ulster,NI
/Users/cianan/Documents/College/GitHub/FYP/Data/segments_clean_lufs10s/Orfhlaith_Begley_Sinn_Fein_West_Tyrone_oP1lV0b2834_005__5a2c31c0d5.wav,Orfhlaith Begley,Ulster,NI
/Users/cianan/Documents/College/GitHub/FYP/Data/segments_clean_lufs10s/Orfhlaith_Begley_Sinn_Fein_West_Tyrone_oP1lV0b2834_006__9c3b2e1447.wav,Orfhlaith Begley,Ulster,NI
/Users/cianan/Documents/College/GitHub/FYP/Data/segments_clean_lufs10s/Orfhlaith_Begley_Sinn_Fein_West_Tyrone_oP1lV0b2834_007__84e1774d4f.wav,Orfhlaith Begley,Ulster,NI
/Users/cianan/Documents/College/GitHub/FYP/Data/segments_clean_lufs10s/Orfhlaith_Begley_Sinn_Fein_West_Tyrone_oP1lV0b2834_008__34f8f1e39a.wav,Orfhlaith Begley,Ulster,NI
/Users/cianan/Documents/College/GitHub/FYP/Data/segments_clean_lufs10s/Orfhlaith_Begley_Sinn_Fein_West_Tyrone_oP1lV0b2834_009__809971d8ec.wav,Orfhlaith Begley,Ulster,NI
/Users/cianan/Documents/College/GitHub/FYP/Data/segments_clean_lufs10s/Orfhlaith_Begley_Sinn_Fein_West_Tyrone_oP1lV0b2834_010__d2623aef0c.wav,Orfhlaith Begley,Ulster,NI
/Users/cianan/Documents/College/GitHub/FYP/Data/segments_clean_lufs10s/Orfhlaith_Begley_Sinn_Fein_West_Tyrone_oP1lV0b2834_011__c08828f475.wav,Orfhlaith Begley,Ulster,NI
/Users/cianan/Documents/College/GitHub/FYP/Data/segments_clean_lufs10s/Orfhlaith_Begley_Sinn_Fein_West_Tyrone_oP1lV0b2834_012__85a49a7e6e.wav,Orfhlaith Begley,Ulster,NI
/Users/cianan/Documents/College/GitHub/FYP/Data/segments_clean_lufs10s/Orfhlaith_Begley_Sinn_Fein_West_Tyrone_oP1lV0b2834_013__1dccc8ea82.wav,Orfhlaith Begley,Ulster,NI
/Users/cianan/Documents/College/GitHub/FYP/Data/segments_clean_lufs10s/Orfhlaith_Begley_Sinn_Fein_West_Tyrone_8jXvSjxyWBw_001__bfdccb1261.wav,Orfhlaith Begley,Ulster,NI
/Users/cianan/Documents/College/GitHub/FYP/Data/segments_clean_lufs10s/Orfhlaith_Begley_Sinn_Fein_West_Tyrone_8jXvSjxyWBw_002__1e2374c221.wav,Orfhlaith Begley,Ulster,NI
/Users/cianan/Documents/College/GitHub/FYP/Data/segments_clean_lufs10s/U1FlGieXtF8_Deputy_Aengus_Ó_Snodaigh_-_Government_Business_-_0__4c34422b52.wav,aengus o snodaigh,Leinster,DAIL
/Users/cianan/Documents/College/GitHub/FYP/Data/segments_clean_lufs10s/L1Xxjb8RhuY_Deputy_Aengus_Ó_Snodaigh_-_Government_Business_-_1__fe1b53ab7d.wav,aengus o snodaigh,Leinster,DAIL
/Users/cianan/Documents/College/GitHub/FYP/Data/segments_clean_lufs10s/3ok9HSmjDMo_Senator_Aidan_Davitt_-_speech_from_11_Jul_2019__237d691aa1.wav,aidan davitt,Leinster,DAIL
/Users/cianan/Documents/College/GitHub/FYP/Data/segments_clean_lufs10s/b0cZnEPA_6Y_Senator_Aidan_Davitt_-_speech_from_19_Jun_2019__f40cd87644.wav,aidan davitt,Leinster,DAIL
/Users/cianan/Documents/College/GitHub/FYP/Data/segments_clean_lufs10s/18HejjWOTe8_Senator_Aidan_Davitt_-_speech_from_2_Oct_2019__2ee8ddb331.wav,aidan davitt,Leinster,DAIL
/Users/cianan/Documents/College/GitHub/FYP/Data/segments_clean_lufs10s/uoQFY4spowY_Deputy_Aindrias_Moynihan_-_Topical_Issues_-_12_03___26dc3447c7.wav,aindrias moynihan,Munster,DAIL
/Users/cianan/Documents/College/GitHub/FYP/Data/segments_clean_lufs10s/sDjVoK4cxVE_Deputy_Aindrias_Moynihan_-_Government_Business_-_1__063bdd4df5.wav,aindrias moynihan,Munster,DAIL
/Users/cianan/Documents/College/GitHub/FYP/Data/segments_clean_lufs10s/oMa8y7xYXTc_Deputy_Aindrias_Moynihan_-_Priority_Questions_-_28__a476802069.wav,aindrias moynihan,Munster,DAIL
/Users/cianan/Documents/College/GitHub/FYP/Data/segments_clean_lufs10s/ATNwVZu50l0_Deputy_Alan_Kelly_-_Leaders__Questions_-_18_Sep_20__1ab98e2d51.wav,alan kelly,Munster,DAIL
/Users/cianan/Documents/College/GitHub/FYP/Data/segments_clean_lufs10s/LxL15N5OCC8_Senator_Alice-Mary_Higgins_-_speech_from_8_May_201__b8f88dd609.wav,alice mary higgins,Connacht,DAIL
/Users/cianan/Documents/College/GitHub/FYP/Data/segments_clean_lufs10s/tCPhzjbYfdE_Senator_Alice-Mary_Higgins_-_speech_from_12_Jun_20__1062ad48bd.wav,alice mary higgins,Connacht,DAIL
/Users/cianan/Documents/College/GitHub/FYP/Data/segments_clean_lufs10s/v4Jo4a9b2EM_Senator_Alice-Mary_Higgins_-_speech_from_24_Sep_20__7f24b5efbf.wav,alice mary higgins,Connacht,DAIL
/Users/cianan/Documents/College/GitHub/FYP/Data/segments_clean_lufs10s/NCPAEAUI8Vg_Senator_Alice-Mary_Higgins_-_speech_from_15_May_20__ded2ae7ce5.wav,alice mary higgins,Connacht,DAIL
/Users/cianan/Documents/College/GitHub/FYP/Data/segments_clean_lufs10s/1CYbdAWMJx0_Senator_Alice-Mary_Higgins_-_speech_from_29_May_20__2b32fa1cb5.wav,alice mary higgins,Connacht,DAIL
/Users/cianan/Documents/College/GitHub/FYP/Data/segments_clean_lufs10s/MFbc35e0S_M_Senator_Alice-Mary_Higgins_-_speech_from_12_Jul_20__dd6f338749.wav,alice mary higgins,Connacht,DAIL
/Users/cianan/Documents/College/GitHub/FYP/Data/segments_clean_lufs10s/E--YO4RJXBg_Alice_Mary_Higgins_-_speech_from__18_Apr_2019__74d5b8ad4c.wav,alice mary higgins,Connacht,DAIL
/Users/cianan/Documents/College/GitHub/FYP/Data/segments_clean_lufs10s/szEbbgJfwxY_Alice_Mary_Higgins_-_speech_from__09_Apr_2019__41bfadfc2a.wav,alice mary higgins,Connacht,DAIL
/Users/cianan/Documents/College/GitHub/FYP/Data/segments_clean_lufs10s/eFVFaQgWIDQ_Alice_Mary_Higgins_-_speech_from__09_Apr_2019__f44f7e8b59.wav,alice mary higgins,Connacht,DAIL
/Users/cianan/Documents/College/GitHub/FYP/Data/segments_clean_lufs10s/5fmEMIke44g_Alice_Mary_Higgins__-_speech_from__11_Apr_2019__4bbc5e9832.wav,alice mary higgins,Connacht,DAIL
/Users/cianan/Documents/College/GitHub/FYP/Data/segments_clean_lufs10s/fU9DOQMH4Uo_Alice_Mary_Higgins_-_speech_from__09_Apr_2019__5196c22f2e.wav,alice mary higgins,Connacht,DAIL
/Users/cianan/Documents/College/GitHub/FYP/Data/segments_clean_lufs10s/8DwB06BrThk_Deputy_Andrew_Doyle_-_Private_Members__Business_-___a6f1b48caa.wav,andrew doyle,Leinster,DAIL
/Users/cianan/Documents/College/GitHub/FYP/Data/segments_clean_lufs10s/y6WJGKABOQQ_Deputy_Andrew_Doyle_-_Government_Business_-_15_May__091ce4022a.wav,andrew doyle,Leinster,DAIL
/Users/cianan/Documents/College/GitHub/FYP/Data/segments_clean_lufs10s/hJxLOpy25x4_Deputy_Anne_Rabbitte_-_Questions_on_Promised_Legis__714bf6f0e3.wav,anne rabbitte,Connacht,DAIL
/Users/cianan/Documents/College/GitHub/FYP/Data/segments_clean_lufs10s/GqT-bLgRSmg_Deputy_Anne_Rabbitte_-_Order_of_Business_-_26_03_2__0f2fc9e9a0.wav,anne rabbitte,Connacht,DAIL
/Users/cianan/Documents/College/GitHub/FYP/Data/segments_clean_lufs10s/TYhJZDezUCQ_Senator_Anthony_Lawlor_-_speech_from_28_May_2019__4329cf27b2.wav,anthony lawlor,Leinster,DAIL
/Users/cianan/Documents/College/GitHub/FYP/Data/segments_clean_lufs10s/LIVHH2-g1Y8_Senator_Anthony_Lawlor_-_speech_from_9_Jul_2019__aff4c53091.wav,anthony lawlor,Leinster,DAIL
/Users/cianan/Documents/College/GitHub/FYP/Data/segments_clean_lufs10s/9tZEv3S8MXU_Senator_Anthony_Lawlor_-_speech_from_3_Jul_2019__a1061e3a51.wav,anthony lawlor,Leinster,DAIL
/Users/cianan/Documents/College/GitHub/FYP/Data/segments_clean_lufs10s/e-FLqXQI9NU_Senator_Anthony_Lawlor_-_speech_from_15_May_2019__37fd5a03dc.wav,anthony lawlor,Leinster,DAIL
/Users/cianan/Documents/College/GitHub/FYP/Data/segments_clean_lufs10s/WfLBpC2M8hk_Senator_Anthony_Lawlor_-_speech_from_12_Jun_2019__8c1c2fd8d9.wav,anthony lawlor,Leinster,DAIL
/Users/cianan/Documents/College/GitHub/FYP/Data/segments_clean_lufs10s/udxKz2ntmd8_Deputy_Aodhán_Ó_Ríordáin___speech_from_03_Sep_2020__2b80ef32d4.wav,aodhan o riordain,Leinster,DAIL
/Users/cianan/Documents/College/GitHub/FYP/Data/segments_clean_lufs10s/dRv449SXOrw_Deputy_Aodhán_Ó_Ríordáin_-_speech_from_17_Dec_2020__667fd76287.wav,aodhan o riordain,Leinster,DAIL
/Users/cianan/Documents/College/GitHub/FYP/Data/segments_clean_lufs10s/H1TQb-de6uc_Deputy_Aodhán_Ó_Ríordáin_-_speech_from_07_May_2020__ed3d921694.wav,aodhan o riordain,Leinster,DAIL
/Users/cianan/Documents/College/GitHub/FYP/Data/segments_clean_lufs10s/Bcv55ExW8kA_Senator_Aodhán_Ó_Ríordáin_-_Private_Members__Busin__51bfbe16ef.wav,aodhan o riordain,Leinster,DAIL
/Users/cianan/Documents/College/GitHub/FYP/Data/segments_clean_lufs10s/a2_pK9eMjeM_Senator_Aodhán_Ó_Ríordáin_-_speech_from_12_Jun_201__5c56acf459.wav,aodhan o riordain,Leinster,DAIL
/Users/cianan/Documents/College/GitHub/FYP/Data/segments_clean_lufs10s/tCYc6EBzpBQ_Senator_Aodhán_Ó_Ríordáin_-_Private_Members__Busin__a3429748f3.wav,aodhan o riordain,Leinster,DAIL
/Users/cianan/Documents/College/GitHub/FYP/Data/segments_clean_lufs10s/XGUG8mTIM0g_Senator_Aodhán_Ó_Ríordáin_-_Order_of_Business_-_15__180ff68480.wav,aodhan o riordain,Leinster,DAIL
/Users/cianan/Documents/College/GitHub/FYP/Data/segments_clean_lufs10s/aVbco-S47kU_Senator_Aodhán_Ó_Ríordáin_-_speech_from_25_Sep_201__f1c45c8a18.wav,aodhan o riordain,Leinster,DAIL
/Users/cianan/Documents/College/GitHub/FYP/Data/segments_clean_lufs10s/I1zbJdoQ9zw_Deputy_Aodhán_Ó_Ríordáin___speech_from_17_Sep_2020__2823e74684.wav,aodhan o riordain,Leinster,DAIL
/Users/cianan/Documents/College/GitHub/FYP/Data/segments_clean_lufs10s/do_oZHcz7t0_Aodhán_Ó_Ríordáin_-_speech_from__09_Apr_2019__67fba2301a.wav,aodhan o riordain,Leinster,DAIL
/Users/cianan/Documents/College/GitHub/FYP/Data/segments_clean_lufs10s/t-xhjZ6s1so_Senator_Aodhán_Ó_Ríordáin_-_Commencement_Matters_-__c38b2c6fe3.wav,aodhan o riordain,Leinster,DAIL
/Users/cianan/Documents/College/GitHub/FYP/Data/segments_clean_lufs10s/n_Po3UxfrsI_Senator_Aodhán_Ó_Ríordáin_-_speech_from_30_May_201__198e22dd6c.wav,aodhan o riordain,Leinster,DAIL
/Users/cianan/Documents/College/GitHub/FYP/Data/segments_clean_lufs10s/GY2a-vvVV8c_Senator_Aodhán_Ó_Ríordáin_-_speech_from_21_May_201__7eda08ce15.wav,aodhan o riordain,Leinster,DAIL
/Users/cianan/Documents/College/GitHub/FYP/Data/segments_clean_lufs10s/APUzKuSRJ0g_Deputy_Aodhán_Ó_Ríordáin_-_speech_from_27_Jun_2020__2678c89972.wav,aodhan o riordain,Leinster,DAIL
/Users/cianan/Documents/College/GitHub/FYP/Data/segments_clean_lufs10s/RAGUCfBI9FY_Aodhán_Ó_Ríordáin_-_speech_from__16_Apr_2019__e8a53276b9.wav,aodhan o riordain,Leinster,DAIL
/Users/cianan/Documents/College/GitHub/FYP/Data/segments_clean_lufs10s/q1djVPVO0Gs_Deputy_Aodhán_Ó_Ríordáin_-_speech_from_21_Jul_2020__29e4c528a0.wav,aodhan o riordain,Leinster,DAIL
/Users/cianan/Documents/College/GitHub/FYP/Data/segments_clean_lufs10s/Ft1ZbPY0bwo_Senator_Aodhán_Ó_Ríordáin_-_speech_from_12_Jul_201__fa2ae78bb5.wav,aodhan o riordain,Leinster,DAIL
/Users/cianan/Documents/College/GitHub/FYP/Data/segments_clean_lufs10s/I6Vy_i7EAHU_Deputy_Aodhán_Ó_Ríordáin_-_speech_from_03_Nov_2020__ea0e71e84d.wav,aodhan o riordain,Leinster,DAIL
/Users/cianan/Documents/College/GitHub/FYP/Data/segments_clean_lufs10s/ocjvWDjM4lI_Deputy_Aodhán_Ó_Ríordáin_-_speech_from_8_Dec_2020__1e5839d72a.wav,aodhan o riordain,Leinster,DAIL
/Users/cianan/Documents/College/GitHub/FYP/Data/segments_clean_lufs10s/7v3qqPI4qvc_Deputy_Aodhán_Ó_Ríordáin_-_speech_from_15_Jul_2020__3656c4c585.wav,aodhan o riordain,Leinster,DAIL
/Users/cianan/Documents/College/GitHub/FYP/Data/segments_clean_lufs10s/jc6tWAdwo4A_Deputy_Barry_Cowen_-_Government_Business_-_9_May_2__103a03f6b0.wav,barry cowen,Leinster,DAIL
/Users/cianan/Documents/College/GitHub/FYP/Data/segments_clean_lufs10s/Z504QYOgKiU_Deputy_Barry_Cowen_-_Private_Members__Business_-_1__c492b3b53a.wav,barry cowen,Leinster,DAIL
/Users/cianan/Documents/College/GitHub/FYP/Data/segments_clean_lufs10s/VwQ0xo4WnMY_Deputy_Barry_Cowen_-_Private_Members__Business_-_1__3ca8404ea9.wav,barry cowen,Leinster,DAIL
/Users/cianan/Documents/College/GitHub/FYP/Data/segments_clean_lufs10s/yqP2q2c3VpI_Deputy_Barry_Cowen_-_Priority_Questions_-_20_Jun_2__1e1c1b1443.wav,barry cowen,Leinster,DAIL
/Users/cianan/Documents/College/GitHub/FYP/Data/segments_clean_lufs10s/7xJt6AN-ck0_Deputy_Bernard_Durkan_-_Topical_Issues_-_18_Sep_20__a2e1e9c388.wav,bernard durkan,Connacht,DAIL
/Users/cianan/Documents/College/GitHub/FYP/Data/segments_clean_lufs10s/k636YzyU4XQ_Deputy_Bernard_Durkan_-_Other_Questions_-_15_May_2__5d03ab9422.wav,bernard durkan,Connacht,DAIL
/Users/cianan/Documents/College/GitHub/FYP/Data/segments_clean_lufs10s/qlupuRopEGw_Deputy_Bernard_Durkan_-_Other_Questions_-_05_03_20__2e6465e2b7.wav,bernard durkan,Connacht,DAIL
/Users/cianan/Documents/College/GitHub/FYP/Data/segments_clean_lufs10s/In85u8tylic_Senator_Billy_Lawless_-_speech_from_25_Jun_2019__e3a934eacd.wav,billy lawless,Connacht,DAIL
/Users/cianan/Documents/College/GitHub/FYP/Data/segments_clean_lufs10s/TC8YloJw5x4_Billy_Lawless__-_speech_from__11_Apr_2019__ff5b8cc8f5.wav,billy lawless,Connacht,DAIL
/Users/cianan/Documents/College/GitHub/FYP/Data/segments_clean_lufs10s/IVPf8WXxdDg_Billy_Lawless_-_speech_from__09_Apr_2019__f0994c56fd.wav,billy lawless,Connacht,DAIL
/Users/cianan/Documents/College/GitHub/FYP/Data/segments_clean_lufs10s/V7Ch0siqGfo_Senator_Billy_Lawless_-_speech_from_12_Jun_2019__6ff28ee7a5.wav,billy lawless,Connacht,DAIL
/Users/cianan/Documents/College/GitHub/FYP/Data/segments_clean_lufs10s/RlPr3ZSoWtA_Billy_Lawless_-_speech_from__18_Apr_2019__958cc0ebda.wav,billy lawless,Connacht,DAIL
/Users/cianan/Documents/College/GitHub/FYP/Data/segments_clean_lufs10s/5PfEOxFbBnI_Senator_Billy_Lawless_-_speech_from_21_May_2019__146e0cc8b1.wav,billy lawless,Connacht,DAIL
/Users/cianan/Documents/College/GitHub/FYP/Data/segments_clean_lufs10s/HidSeDW0gWM_Senator_Billy_Lawless_-_speech_from_25_Sep_2019__5ccf08c150.wav,billy lawless,Connacht,DAIL
/Users/cianan/Documents/College/GitHub/FYP/Data/segments_clean_lufs10s/CyBaPIN-llQ_Deputy_Bobby_Aylward_-_Private_Members__Business_-__3637442213.wav,bobby aylward,Leinster,DAIL
/Users/cianan/Documents/College/GitHub/FYP/Data/segments_clean_lufs10s/HeVgkrBFTgM_Deputy_Brendan_Howlin_-_Leaders__Questions_-_14_Ma__a7db9c49d9.wav,brendan howlin,Leinster,DAIL
/Users/cianan/Documents/College/GitHub/FYP/Data/segments_clean_lufs10s/_KxzFQd-Nek_Deputy_Brendan_Howlin_-_Order_of_Business_-_05_03___61424a6f45.wav,brendan howlin,Leinster,DAIL
/Users/cianan/Documents/College/GitHub/FYP/Data/segments_clean_lufs10s/XoH0BeIWqJI_Deputy_Brendan_Howlin_-_Questions_on_Promised_Legi__c7c0f7f763.wav,brendan howlin,Leinster,DAIL
/Users/cianan/Documents/College/GitHub/FYP/Data/segments_clean_lufs10s/pUdK8jIrHic_Deputy_Brendan_Howlin_-_Leaders__Questions_-_17_Se__76dbc4b46f.wav,brendan howlin,Leinster,DAIL
/Users/cianan/Documents/College/GitHub/FYP/Data/segments_clean_lufs10s/6f-cPGA7BTk_Deputy_Brendan_Ryan_-_Private_Members__Business_-___581c94fec5.wav,brendan ryan,Leinster,DAIL
/Users/cianan/Documents/College/GitHub/FYP/Data/segments_clean_lufs10s/sU0ZIw1bhvI_Deputy_Brendan_Ryan_-_Private_Members__Business_-___3298691cba.wav,brendan ryan,Leinster,DAIL
/Users/cianan/Documents/College/GitHub/FYP/Data/segments_clean_lufs10s/afgEuyaFvNY_Deputy_Brendan_Ryan_-_Government_Business_-_26_03___94fe71abca.wav,brendan ryan,Leinster,DAIL
/Users/cianan/Documents/College/GitHub/FYP/Data/segments_clean_lufs10s/TzrEsW9gEwc_Deputy_Brendan_Ryan_-_Government_Business_-_11_Jul__83aba5f5cc.wav,brendan ryan,Leinster,DAIL
/Users/cianan/Documents/College/GitHub/FYP/Data/segments_clean_lufs10s/zBP53H3OiFs_Deputy_Brendan_Ryan_-_Questions_on_Promised_Legisl__6882c7bd2e.wav,brendan ryan,Leinster,DAIL
/Users/cianan/Documents/College/GitHub/FYP/Data/segments_clean_lufs10s/m95P2rdl4KI_Deputy_Brendan_Smith_-_Government_Business_-_06_03__c1b0638c26.wav,brendan smith,Ulster,DAIL
/Users/cianan/Documents/College/GitHub/FYP/Data/segments_clean_lufs10s/p3wS3RtJ670_Deputy_Brendan_Smith_-_Government_Business_-_11_Ju__5a85972382.wav,brendan smith,Ulster,DAIL
/Users/cianan/Documents/College/GitHub/FYP/Data/segments_clean_lufs10s/fqzOhJy6gDA_Deputy_Brendan_Smith_-_Topical_Issues_-_19_Sep_201__74549377b4.wav,brendan smith,Ulster,DAIL
/Users/cianan/Documents/College/GitHub/FYP/Data/segments_clean_lufs10s/6L4k_GJltis_Deputy_Brendan_Smith_-_speech_from_15_Oct_2019__342edb047e.wav,brendan smith,Ulster,DAIL
/Users/cianan/Documents/College/GitHub/FYP/Data/segments_clean_lufs10s/-bBaPvTuUyU_Deputy_Brendan_Smith_-_Government_Business_-_06_03__37f2a0d586.wav,brendan smith,Ulster,DAIL
/Users/cianan/Documents/College/GitHub/FYP/Data/segments_clean_lufs10s/I08tR3IOIQ0_Deputy_Brendan_Smith_-_Government_Business_-_11_Ju__44ca331e22.wav,brendan smith,Ulster,DAIL
/Users/cianan/Documents/College/GitHub/FYP/Data/segments_clean_lufs10s/TBn72MuMEUQ_Deputy_Brendan_Smith_-_Other_Questions_-_4_Jul_201__50e091ee8b.wav,brendan smith,Ulster,DAIL
/Users/cianan/Documents/College/GitHub/FYP/Data/segments_clean_lufs10s/MOz6MGD6Lbg_Deputy_Brendan_Smith_-_Topical_Issues_-_2_Jul_2019__a6b06cd166.wav,brendan smith,Ulster,DAIL
/Users/cianan/Documents/College/GitHub/FYP/Data/segments_clean_lufs10s/7blh3Z94koA_Deputy_Brendan_Smith_-_Government_Business_-_17_Se__c0b25a7529.wav,brendan smith,Ulster,DAIL
/Users/cianan/Documents/College/GitHub/FYP/Data/segments_clean_lufs10s/8Lvhpc67IyA_Deputy_Brendan_Smith_TD_-_speech_from_o4_Jul_2019__025aec66f7.wav,brendan smith,Ulster,DAIL
/Users/cianan/Documents/College/GitHub/FYP/Data/segments_clean_lufs10s/ukyNVZEMSMI_Senator_Brian_Ó_Domhnaill_-_speech_from_20_Jun_201__4414df487e.wav,brian o domhnaill,Ulster,DAIL
/Users/cianan/Documents/College/GitHub/FYP/Data/segments_clean_lufs10s/1V9AGHHLBuU_Senator_Brian_Ó_Domhnaill_-_speech_from_2_Oct_2019__76741bc99a.wav,brian o domhnaill,Ulster,DAIL
/Users/cianan/Documents/College/GitHub/FYP/Data/segments_clean_lufs10s/afRicxrtMs4_Senator_Brian_Ó_Domhnaill_-_speech_from_19_Jun_201__9579ab0829.wav,brian o domhnaill,Ulster,DAIL
/Users/cianan/Documents/College/GitHub/FYP/Data/segments_clean_lufs10s/JH-jDVuU7UU_Deputy_Brian_Stanley_-_Government_Business_-_05_03__7b4c39a46a.wav,brian stanley,Leinster,DAIL
/Users/cianan/Documents/College/GitHub/FYP/Data/segments_clean_lufs10s/LnHWlegxgFE_Deputy_Brian_Stanley_-_Order_of_Business_-_8_May_2__373c1d67f5.wav,brian stanley,Leinster,DAIL
/Users/cianan/Documents/College/GitHub/FYP/Data/segments_clean_lufs10s/cIOZ8qgu0fU_Deputy_Brian_Stanley_-_Private_Members__Business_-__7803bb98b1.wav,brian stanley,Leinster,DAIL
/Users/cianan/Documents/College/GitHub/FYP/Data/segments_clean_lufs10s/TuTipZaOZzs_Deputy_Brian_Stanley_-_Private_Members__Business_-__89971d3daa.wav,brian stanley,Leinster,DAIL
/Users/cianan/Documents/College/GitHub/FYP/Data/segments_clean_lufs10s/rYaXLc_aTOk_Senator_Joan_Freeman_-_speech_from_25_Jun_2019__1eb31842d2.wav,joan freeman,Other,DAIL
/Users/cianan/Documents/College/GitHub/FYP/Data/segments_clean_lufs10s/VBtsLTcm8ls_Senator_Joan_Freeman_-_speech_from_29_May_2019__53a9ce3953.wav,joan freeman,Other,DAIL
/Users/cianan/Documents/College/GitHub/FYP/Data/segments_clean_lufs10s/hjcLVqRGRBY_Senator_Máire_Devine_-_speech_from_14_May_2019__ca3cc8d20c.wav,maire devine,Leinster,DAIL
/Users/cianan/Documents/College/GitHub/FYP/Data/segments_clean_lufs10s/qKra8VXkZc8_Senator_Máire_Devine_-_speech_from_24_Sep_2019__13329b9ee8.wav,maire devine,Leinster,DAIL
/Users/cianan/Documents/College/GitHub/FYP/Data/segments_clean_lufs10s/hyYfcvRQXE0_Deputy_Caoimhghín_Ó_Caoláin_-_Government_Business___edac23edab.wav,caoimhghin o caolain,Ulster,DAIL
/Users/cianan/Documents/College/GitHub/FYP/Data/segments_clean_lufs10s/X_zbB1_cPAg_Deputy_Caoimhghín_Ó_Caoláin_-_Private_Members__Bus__2500397918.wav,caoimhghin o caolain,Ulster,DAIL
/Users/cianan/Documents/College/GitHub/FYP/Data/segments_clean_lufs10s/FHBKsNe5ebo_Deputy_Caoimhghín_Ó_Caoláin_-_Government_Business___46249637d3.wav,caoimhghin o caolain,Ulster,DAIL
/Users/cianan/Documents/College/GitHub/FYP/Data/segments_clean_lufs10s/Xo7H6-aaIc0_Deputy_Carol_Nolan_-_Private_Members__Business_-_1__8d032d49d8.wav,carol nolan,Leinster,DAIL
/Users/cianan/Documents/College/GitHub/FYP/Data/segments_clean_lufs10s/HSiagSCGrzg_Deputy_Carol_Nolan_-_Questions_on_Promised_Legisla__5e3e15f5ba.wav,carol nolan,Leinster,DAIL
/Users/cianan/Documents/College/GitHub/FYP/Data/segments_clean_lufs10s/igde1dKg3co_Deputy_Carol_Nolan_-_Questions_on_Promised_Legisla__b8e6c9d38d.wav,carol nolan,Leinster,DAIL
/Users/cianan/Documents/College/GitHub/FYP/Data/segments_clean_lufs10s/5Cia1zvJSKY_Deputy_Carol_Nolan_-_Questions_on_Promised_Legisla__f7b5b41b86.wav,carol nolan,Leinster,DAIL
/Users/cianan/Documents/College/GitHub/FYP/Data/segments_clean_lufs10s/4D_jWH-f0EU_Deputy_Carol_Nolan_-_Private_Members__Business_-_1__8e543836f2.wav,carol nolan,Leinster,DAIL
/Users/cianan/Documents/College/GitHub/FYP/Data/segments_clean_lufs10s/upKoTc2ZI88_Deputy_Carol_Nolan_-_Order_of_Business_-_24_Sep_20__c0e7ebef75.wav,carol nolan,Leinster,DAIL
/Users/cianan/Documents/College/GitHub/FYP/Data/segments_clean_lufs10s/nMSHb3xmbTI_Deputy_Carol_Nolan_-_Government_Business_-_17_Sep___5233bc9d60.wav,carol nolan,Leinster,DAIL
/Users/cianan/Documents/College/GitHub/FYP/Data/segments_clean_lufs10s/VEjzh3UQ9Ow_Deputy_Carol_Nolan_-_Priority_Questions__-_14_May___246ffc37c5.wav,carol nolan,Leinster,DAIL
/Users/cianan/Documents/College/GitHub/FYP/Data/segments_clean_lufs10s/pxFQ-Hiihms_Deputy_Carol_Nolan_-_Private_Members__Business_-_1__ee9cd8f7e9.wav,carol nolan,Leinster,DAIL
/Users/cianan/Documents/College/GitHub/FYP/Data/segments_clean_lufs10s/Iesic3dzR3g_Senator_Catherine_Ardagh_-_speech_from_28_May_2019__7544c79860.wav,catherine ardagh,Leinster,DAIL
/Users/cianan/Documents/College/GitHub/FYP/Data/segments_clean_lufs10s/Znxihz1wjQU_Senator_Catherine_Ardagh_-_speech_from_18_Jun_2019__33970d1ef4.wav,catherine ardagh,Leinster,DAIL
/Users/cianan/Documents/College/GitHub/FYP/Data/segments_clean_lufs10s/Xw_kboMdmLI_Senator_Catherine_Ardagh_-_Order_of_Business_-_14___430be20aa6.wav,catherine ardagh,Leinster,DAIL
/Users/cianan/Documents/College/GitHub/FYP/Data/segments_clean_lufs10s/3fPwXRxefr0_Senator_Catherine_Ardagh_-_speech_from_8_May_2019__177417fa16.wav,catherine ardagh,Leinster,DAIL
/Users/cianan/Documents/College/GitHub/FYP/Data/segments_clean_lufs10s/WnN433u6vfU_Senator_Catherine_Ardagh_-_Order_of_Business_-_8_M__d3432fd025.wav,catherine ardagh,Leinster,DAIL
/Users/cianan/Documents/College/GitHub/FYP/Data/segments_clean_lufs10s/7V-Lhib_Ce4_Senator_Catherine_Ardagh_-_speech_from_21_May_2019__9d7c173afa.wav,catherine ardagh,Leinster,DAIL
/Users/cianan/Documents/College/GitHub/FYP/Data/segments_clean_lufs10s/FmkupHD0HX8_Catherine_Ardagh_-_speech_from__16_Apr_2019__bd46b63d5d.wav,catherine ardagh,Leinster,DAIL
/Users/cianan/Documents/College/GitHub/FYP/Data/segments_clean_lufs10s/swQUpLTT7AU_Catherine_Ardagh_-_speech_from__18_Apr_2019__eadc3eee93.wav,catherine ardagh,Leinster,DAIL
/Users/cianan/Documents/College/GitHub/FYP/Data/segments_clean_lufs10s/SAFAZLiDtt0_Catherine_Ardagh_-_speech_from__17_Apr_2019__402b5c42d4.wav,catherine ardagh,Leinster,DAIL
/Users/cianan/Documents/College/GitHub/FYP/Data/segments_clean_lufs10s/XxMNag5d8Zw_Catherine_Ardagh_-_speech_from__18_Apr_2019__fbf8480ad6.wav,catherine ardagh,Leinster,DAIL
/Users/cianan/Documents/College/GitHub/FYP/Data/segments_clean_lufs10s/xCjkXTdEC-M_Senator_Máire_Devine_-_speech_from_26_Jun_2019__c59b907b37.wav,maire devine,Leinster,DAIL
/Users/cianan/Documents/College/GitHub/FYP/Data/segments_clean_lufs10s/7hKBX8pCdSA_Deputy_Catherine_Connolly_-_Government_Business_-___fb99b09689.wav,catherine connolly,Connacht,DAIL
/Users/cianan/Documents/College/GitHub/FYP/Data/segments_clean_lufs10s/evCYs0For50_Deputy_Catherine_Connolly_-_Private_Members__Busin__1808a45fdd.wav,catherine connolly,Connacht,DAIL
/Users/cianan/Documents/College/GitHub/FYP/Data/segments_clean_lufs10s/zpuHn9m57rU_Deputy_Catherine_Connolly_-_Private_Members__Busin__696002f203.wav,catherine connolly,Connacht,DAIL
/Users/cianan/Documents/College/GitHub/FYP/Data/segments_clean_lufs10s/QTH69EhFAu0_Deputy_Catherine_Connolly_-_Private_Members__Busin__a2f344ee87.wav,catherine connolly,Connacht,DAIL
/Users/cianan/Documents/College/GitHub/FYP/Data/segments_clean_lufs10s/nRDcBPJSJqk_Deputy_Catherine_Connolly_-_Private_Members__Busin__bc9b42cfdb.wav,catherine connolly,Connacht,DAIL
/Users/cianan/Documents/College/GitHub/FYP/Data/segments_clean_lufs10s/SduElsWug5M_Senator_Máire_Devine_-_speech_from_16_May_2019__f8b53c470c.wav,maire devine,Leinster,DAIL
/Users/cianan/Documents/College/GitHub/FYP/Data/segments_clean_lufs10s/x5nUeZdUde8_Senator_Máire_Devine_-_speech_from_21_May_2019__61bfee79a7.wav,maire devine,Leinster,DAIL
/Users/cianan/Documents/College/GitHub/FYP/Data/segments_clean_lufs10s/8WsjgXTbkpA_Deputy_Katherine_Zappone_-_Government_Business_-_1__bed83ac218.wav,katherine zappone,Other,DAIL
/Users/cianan/Documents/College/GitHub/FYP/Data/segments_clean_lufs10s/R4H0rtqNfso_Senator_Kevin_Humphreys_-_speech_from_2_Jul_2019__b865d5605d.wav,kevin humphreys,Leinster,DAIL
/Users/cianan/Documents/College/GitHub/FYP/Data/segments_clean_lufs10s/d9OS0_uD1Gc_Deputy_Catherine_Murphy_-_Government_Business_-_9___cd1c29b445.wav,catherine murphy,Leinster,DAIL
/Users/cianan/Documents/College/GitHub/FYP/Data/segments_clean_lufs10s/oIOw95P62nc_Deputy_Catherine_Murphy_-_Order_of_Business_-_05_0__b9ae362abf.wav,catherine murphy,Leinster,DAIL
/Users/cianan/Documents/College/GitHub/FYP/Data/segments_clean_lufs10s/GDrNe5VNK88_Deputy_Catherine_Murphy_-_Topical_Issues_-_18_Sep___0d569f4810.wav,catherine murphy,Leinster,DAIL
/Users/cianan/Documents/College/GitHub/FYP/Data/segments_clean_lufs10s/p_Ogeu0pu6s_Deputy_Catherine_Murphy_-_Priority_Questions_-_19___1e7814fe14.wav,catherine murphy,Leinster,DAIL
/Users/cianan/Documents/College/GitHub/FYP/Data/segments_clean_lufs10s/oFwtmufYUyQ_Catherine_Noone_-_speech_from__16_Apr_2019__146e48f976.wav,catherine noone,Connacht,DAIL
/Users/cianan/Documents/College/GitHub/FYP/Data/segments_clean_lufs10s/ypI0pGV9Vqc_Senator_Catherine_Noone_-_speech_from_11_Jun_2019__a26fede8c0.wav,catherine noone,Connacht,DAIL
/Users/cianan/Documents/College/GitHub/FYP/Data/segments_clean_lufs10s/0QlkCZwiLFM_Catherine_Noone__-_speech_from__11_Apr_2019__6b8c2ce8d6.wav,catherine noone,Connacht,DAIL
/Users/cianan/Documents/College/GitHub/FYP/Data/segments_clean_lufs10s/B9zLnM5tpk4_Catherine_Noone__-_speech_from__16_Apr_2019__7a60060c5f.wav,catherine noone,Connacht,DAIL
/Users/cianan/Documents/College/GitHub/FYP/Data/segments_clean_lufs10s/qgJkewHZd3Y_Senator_Catherine_Noone_-_speech_from_25_Sep_2019__88c1f5f8e2.wav,catherine noone,Connacht,DAIL
/Users/cianan/Documents/College/GitHub/FYP/Data/segments_clean_lufs10s/rdx-Zq9UbSs_Senator_Catherine_Noone_-_speech_from_22_May_2019__897f441c95.wav,catherine noone,Connacht,DAIL
/Users/cianan/Documents/College/GitHub/FYP/Data/segments_clean_lufs10s/FARcIl_LHDs_Senator_Catherine_Noone_-_speech_from_26_Jun_2019__d2cb2742a2.wav,catherine noone,Connacht,DAIL
/Users/cianan/Documents/College/GitHub/FYP/Data/segments_clean_lufs10s/7vcJIZzaRJ4_Catherine_Noone__-_speech_from__11_Apr_2019__13a809a8bf.wav,catherine noone,Connacht,DAIL
/Users/cianan/Documents/College/GitHub/FYP/Data/segments_clean_lufs10s/Tk5gJKqUoRc_Senator_Catherine_Noone_-_speech_from_29_May_2019__b30671c72b.wav,catherine noone,Connacht,DAIL
/Users/cianan/Documents/College/GitHub/FYP/Data/segments_clean_lufs10s/rjJr2PTEpa8_Senator_Catherine_Noone_-_speech_from_14_May_2019__9077f70299.wav,catherine noone,Connacht,DAIL
/Users/cianan/Documents/College/GitHub/FYP/Data/segments_clean_lufs10s/Vq4CX-43qqE_Charles_Flanagan_-_speech_from__10_Apr_2019__3f84422737.wav,charles flanagan,Leinster,DAIL
/Users/cianan/Documents/College/GitHub/FYP/Data/segments_clean_lufs10s/YkPJ5cyg6ug_Deputy_Charlie_McConalogue_-_Questions_on_Promised__babf1c6937.wav,charlie mcconalogue,Ulster,DAIL
/Users/cianan/Documents/College/GitHub/FYP/Data/segments_clean_lufs10s/VUsyaTLGxwQ_Deputy_Charlie_McConalogue_-_Questions_on_Promised__3204e1b2d1.wav,charlie mcconalogue,Ulster,DAIL
/Users/cianan/Documents/College/GitHub/FYP/Data/segments_clean_lufs10s/bXiBiFIj3bA_Deputy_Charlie_McConalogue_-_Government_Business_-__343b06c762.wav,charlie mcconalogue,Ulster,DAIL
/Users/cianan/Documents/College/GitHub/FYP/Data/segments_clean_lufs10s/24oeW7oV--s_Deputy_Charlie_McConalogue_-_Priority_Questions_-___2e0babe327.wav,charlie mcconalogue,Ulster,DAIL
/Users/cianan/Documents/College/GitHub/FYP/Data/segments_clean_lufs10s/0r3MdoweYQ8_Deputy_Ciaran_Cannon_-_Government_Business_-_11_04__ffe06b334c.wav,ciaran cannon,Connacht,DAIL
/Users/cianan/Documents/College/GitHub/FYP/Data/segments_clean_lufs10s/XNZaAKyHcnw_Deputy_Ciaran_Cannon_-_Government_Business_-_19_Se__5572ad269b.wav,ciaran cannon,Connacht,DAIL
/Users/cianan/Documents/College/GitHub/FYP/Data/segments_clean_lufs10s/FCsF-Fu_oM0_Colette_Kelleher_-_speech_from__18_Apr_2019__6a0e712489.wav,colette kelleher,Munster,DAIL
/Users/cianan/Documents/College/GitHub/FYP/Data/segments_clean_lufs10s/ZjaEI9HxFHs_Senator_Colette_Kelleher_-_speech_from_12_Jun_2019__316ac4af01.wav,colette kelleher,Munster,DAIL
/Users/cianan/Documents/College/GitHub/FYP/Data/segments_clean_lufs10s/mGfased9qBo_Senator_Colette_Kelleher_-_speech_from_-_14_May_20__5e086b58da.wav,colette kelleher,Munster,DAIL
/Users/cianan/Documents/College/GitHub/FYP/Data/segments_clean_lufs10s/DGn-Gt1DB2A_Senator_Colette_Kelleher_-_speech_from_3_Oct_2019__77e332cea5.wav,colette kelleher,Munster,DAIL
/Users/cianan/Documents/College/GitHub/FYP/Data/segments_clean_lufs10s/b7KGuv83SMY_Senator_Colette_Kelleher_-_speech_from_30_May_2019__475d283d44.wav,colette kelleher,Munster,DAIL
/Users/cianan/Documents/College/GitHub/FYP/Data/segments_clean_lufs10s/_d1ZBsNcBHk_Colm_Burke_-_speech_from__09_Apr_2019__bf4612100f.wav,colm burke,Munster,DAIL
/Users/cianan/Documents/College/GitHub/FYP/Data/segments_clean_lufs10s/galH4QXpVxQ_Senator_Colm_Burke_-_speech_from_16_May_2019__9bb11e3d82.wav,colm burke,Munster,DAIL
/Users/cianan/Documents/College/GitHub/FYP/Data/segments_clean_lufs10s/A_utTV03Wwo_Senator_Colm_Burke_-_speech_from_11_Jun_2019__78220f1a72.wav,colm burke,Munster,DAIL
/Users/cianan/Documents/College/GitHub/FYP/Data/segments_clean_lufs10s/2tmjcpUmXV8_Colm_Burke__-_speech_from__11_Apr_2019__c46989d94a.wav,colm burke,Munster,DAIL
/Users/cianan/Documents/College/GitHub/FYP/Data/segments_clean_lufs10s/Rz-UfN7Bss8_Senator_Colm_Burke_-_speech_from_12_Jul_2019__fccfdf174d.wav,colm burke,Munster,DAIL
/Users/cianan/Documents/College/GitHub/FYP/Data/segments_clean_lufs10s/zf5WnSsOurA_Senator_Colm_Burke_-_speech_from_28_May_2019__2996369687.wav,colm burke,Munster,DAIL
/Users/cianan/Documents/College/GitHub/FYP/Data/segments_clean_lufs10s/fE_5UH0b9QA_Senator_Colm_Burke_-_Order_of_Business_-_14_May_20__c1f639f2da.wav,colm burke,Munster,DAIL
/Users/cianan/Documents/College/GitHub/FYP/Data/segments_clean_lufs10s/3gToPfyO328_Senator_Colm_Burke_-_Commencement_Matters_-_8_May___31b73ef51b.wav,colm burke,Munster,DAIL
/Users/cianan/Documents/College/GitHub/FYP/Data/segments_clean_lufs10s/RNFTEfkWaVI_Colm_Burke__-_speech_from__16_Apr_2019__573e43e5c4.wav,colm burke,Munster,DAIL
/Users/cianan/Documents/College/GitHub/FYP/Data/segments_clean_lufs10s/o6DVtu2oe-g_Deputy_Damien_English_-_Private_Members__Business___6b060381a3.wav,damien english,Leinster,DAIL
/Users/cianan/Documents/College/GitHub/FYP/Data/segments_clean_lufs10s/uBMxSVpIgqo_Deputy_Danny_Healy-Rae_-_Government_Business_-_17___24f865b0e7.wav,danny healy,Munster,DAIL
/Users/cianan/Documents/College/GitHub/FYP/Data/segments_clean_lufs10s/idiD7dwaSFk_Deputy_Danny_Healy-Rae_-_Order_of_Business_-_28_Ma__daa19651bc.wav,danny healy,Munster,DAIL
/Users/cianan/Documents/College/GitHub/FYP/Data/segments_clean_lufs10s/SFME9S-L0Rs_Deputy_Danny_Healy-Rae_-_Private_Members__Business__8524fbf028.wav,danny healy,Munster,DAIL
/Users/cianan/Documents/College/GitHub/FYP/Data/segments_clean_lufs10s/u_KQsulg_1A_Deputy_Danny_Healy-Rae_-_Private_Members__Business__b55f2f93c3.wav,danny healy,Munster,DAIL
/Users/cianan/Documents/College/GitHub/FYP/Data/segments_clean_lufs10s/sc-Qlb_McNE_Deputy_Danny_Healy-Rae_-_Private_Members__Business__26a54fbcd8.wav,danny healy,Munster,DAIL
/Users/cianan/Documents/College/GitHub/FYP/Data/segments_clean_lufs10s/b2gN0wsm7lc_Deputy_Danny_Healy-Rae_-_Order_of_Business_-_05_03__0443321342.wav,danny healy,Munster,DAIL
/Users/cianan/Documents/College/GitHub/FYP/Data/segments_clean_lufs10s/kDKeZoZlwIk_Deputy_Danny_Healy-Rae_-_Government_Business_-_17___5ac93e3aea.wav,danny healy,Munster,DAIL
/Users/cianan/Documents/College/GitHub/FYP/Data/segments_clean_lufs10s/k9gYaJMFOZc_Deputy_Danny_Healy-Rae_-_Leaders__Questions_-_06_0__d4a7395f29.wav,danny healy,Munster,DAIL
/Users/cianan/Documents/College/GitHub/FYP/Data/segments_clean_lufs10s/CPHu82wWe04_Deputy_Danny_Healy-Rae_-_Questions_on_Promised_Leg__b0be6333a8.wav,danny healy,Munster,DAIL
/Users/cianan/Documents/College/GitHub/FYP/Data/segments_clean_lufs10s/nVVXsAY288g_Deputy_Dara_Calleary_-_Leaders__Questions_-_11_04___2ec38e5538.wav,dara calleary,Connacht,DAIL
/Users/cianan/Documents/College/GitHub/FYP/Data/segments_clean_lufs10s/n2gwtYMvYXs_Deputy_Dara_Calleary_-_Other_Questions_-_13_03_201__2881eee527.wav,dara calleary,Connacht,DAIL
/Users/cianan/Documents/College/GitHub/FYP/Data/segments_clean_lufs10s/EAIzbzqoiYA_Deputy_Dara_Calleary_-_Government_Business_-_12_03__12e6a74a41.wav,dara calleary,Connacht,DAIL
/Users/cianan/Documents/College/GitHub/FYP/Data/segments_clean_lufs10s/HbKt052-moM_Deputy_Dara_Calleary_-_Private_Members__Business_-__08fed10371.wav,dara calleary,Connacht,DAIL
/Users/cianan/Documents/College/GitHub/FYP/Data/segments_clean_lufs10s/BXbqq5Uh5-0_Deputy_Dara_Calleary_-_Leaders__Questions__-_16_Ma__cc9f81f9be.wav,dara calleary,Connacht,DAIL
/Users/cianan/Documents/College/GitHub/FYP/Data/segments_clean_lufs10s/_xQd0K6t0s0_Deputy_Dara_Calleary_-_Private_Members__Business_-__f2af35f116.wav,dara calleary,Connacht,DAIL
/Users/cianan/Documents/College/GitHub/FYP/Data/segments_clean_lufs10s/kvEtfr5IUcY_Deputy_Dara_Calleary_-_Topical_Issues_-_13_03_2019__ed28fec29a.wav,dara calleary,Connacht,DAIL
/Users/cianan/Documents/College/GitHub/FYP/Data/segments_clean_lufs10s/d6b_oS-xF7w_Deputy_Dara_Calleary_-_Leaders__Questions_-_20_Jun__fcbef7e564.wav,dara calleary,Connacht,DAIL
/Users/cianan/Documents/College/GitHub/FYP/Data/segments_clean_lufs10s/6bhKka9GvNI_Deputy_Dara_Calleary_-_Leaders__Questions_-_07_03___8385365620.wav,dara calleary,Connacht,DAIL
/Users/cianan/Documents/College/GitHub/FYP/Data/segments_clean_lufs10s/TtRvVsC21nA_Deputy_Darragh_O_Brien_-_Other_Questions_-_18_Sep___a4445f9c6f.wav,darragh o'brien,Leinster,DAIL
/Users/cianan/Documents/College/GitHub/FYP/Data/segments_clean_lufs10s/0u3XrhzdkwE_Deputy_Darragh_O_Brien_-_Private_Members__Business__997cd55cda.wav,darragh o'brien,Leinster,DAIL
/Users/cianan/Documents/College/GitHub/FYP/Data/segments_clean_lufs10s/5rDGAzXabMg_Deputy_Darragh_O_Brien_-_Government_Business_-_11___80c4bef223.wav,darragh o'brien,Leinster,DAIL
/Users/cianan/Documents/College/GitHub/FYP/Data/segments_clean_lufs10s/hJTvvUHKmz4_Deputy_Darragh_O_Brien_-_Government_Business_-_15___98ad677400.wav,darragh o'brien,Leinster,DAIL
/Users/cianan/Documents/College/GitHub/FYP/Data/segments_clean_lufs10s/UFxrLE7yNNI_Deputy_David_Cullinane_-_Government_Business_-_17___1d695f4f42.wav,david cullinane,Munster,DAIL
/Users/cianan/Documents/College/GitHub/FYP/Data/segments_clean_lufs10s/uUQ_OzYat3M_Deputy_David_Cullinane_-_Leaders__Questions_-_12_0__f97909dc66.wav,david cullinane,Munster,DAIL
/Users/cianan/Documents/College/GitHub/FYP/Data/segments_clean_lufs10s/Pmuo6dnxVe8_Deputy_David_Cullinane_-_Private_Members__Business__ba25b849da.wav,david cullinane,Munster,DAIL
/Users/cianan/Documents/College/GitHub/FYP/Data/segments_clean_lufs10s/8OSGuI0UhXw_Deputy_David_Cullinane_-_Leaders__Questions_-_4_Ju__29a5e83d4e.wav,david cullinane,Munster,DAIL
/Users/cianan/Documents/College/GitHub/FYP/Data/segments_clean_lufs10s/QlSXb_eG6fQ_Deputy_David_Cullinane_-_Government_Business_-_17___bd8b5f4a11.wav,david cullinane,Munster,DAIL
/Users/cianan/Documents/College/GitHub/FYP/Data/segments_clean_lufs10s/buya4JIU3H0_Deputy_David_Cullinane_-_Government_Business_-_05___24260a689b.wav,david cullinane,Munster,DAIL
/Users/cianan/Documents/College/GitHub/FYP/Data/segments_clean_lufs10s/kVSQFTn8XhY_Kevin_Humphreys__-_speech_from__16_Apr_2019__4b9e8c1ebc.wav,kevin humphreys,Leinster,DAIL
/Users/cianan/Documents/College/GitHub/FYP/Data/segments_clean_lufs10s/DmtFA-yrha8_Kevin_Humphreys_-_speech_from__18_Apr_2019__eae2ee5f41.wav,kevin humphreys,Leinster,DAIL
/Users/cianan/Documents/College/GitHub/FYP/Data/segments_clean_lufs10s/DgkxmGhDjB8_Senator_Kevin_Humphreys_-_speech_from_16_May_2019__b789e1cd88.wav,kevin humphreys,Leinster,DAIL
/Users/cianan/Documents/College/GitHub/FYP/Data/segments_clean_lufs10s/oii_Z2JcSCI_Senator_Kevin_Humphreys_-_speech_from_21_May_2019__6ce139a36c.wav,kevin humphreys,Leinster,DAIL
/Users/cianan/Documents/College/GitHub/FYP/Data/segments_clean_lufs10s/5GQMuGv-wAU_Senator_Kevin_Humphreys_-_speech_from_24_Sep_2019__501df50c71.wav,kevin humphreys,Leinster,DAIL
/Users/cianan/Documents/College/GitHub/FYP/Data/segments_clean_lufs10s/s52vwZM55To_Deputy_Bríd_Smith_-_Leaders__Questions_-_11_Jun_20__e54b08304c.wav,brid smith,Leinster,DAIL
/Users/cianan/Documents/College/GitHub/FYP/Data/segments_clean_lufs10s/P6ICLcu17f0_Deputy_Bríd_Smith_-_Government_Business_-_10_Jul_2__7cb688820f.wav,brid smith,Leinster,DAIL
/Users/cianan/Documents/College/GitHub/FYP/Data/segments_clean_lufs10s/SphzafMbjDE_Deputy_Bríd_Smith_-_Order_of_Business_-_17_Sep_201__8398401c7c.wav,brid smith,Leinster,DAIL
/Users/cianan/Documents/College/GitHub/FYP/Data/segments_clean_lufs10s/puDseuNiSVM_Deputy_Bríd_Smith_-_Other_Questions_-_05_03_2019__3142c91ae1.wav,brid smith,Leinster,DAIL
/Users/cianan/Documents/College/GitHub/FYP/Data/segments_clean_lufs10s/7bKbpbZ2T7I_Deputy_Mick_Barry_-_Private_Members__Business_-_12__bc86e4335d.wav,mick barry,Leinster,DAIL
/Users/cianan/Documents/College/GitHub/FYP/Data/segments_clean_lufs10s/__3ICC7-lwI_Deputy_Mick_Barry_-_Order_of_Business_-_19_Jun_201__d97f3f1bbf.wav,mick barry,Leinster,DAIL
/Users/cianan/Documents/College/GitHub/FYP/Data/segments_clean_lufs10s/_BQdENYAFD8_Deputy_Mick_Barry_-_Government_Business_-_17_Sep_2__e66fcb6338.wav,mick barry,Leinster,DAIL
/Users/cianan/Documents/College/GitHub/FYP/Data/segments_clean_lufs10s/_4FCd-dw8Rk_Deputy_Mick_Barry_-_Private_Members__Business_-_14__1d0bb27547.wav,mick barry,Leinster,DAIL
/Users/cianan/Documents/College/GitHub/FYP/Data/segments_clean_lufs10s/hdRjXy9MYDw_Deputy_Seán_Haughey_-_Taoiseach_s_Questions_-_27_0__2161e7c3e9.wav,sean haughey,Leinster,DAIL
/Users/cianan/Documents/College/GitHub/FYP/Data/segments_clean_lufs10s/HeRR2izh5Hc_Deputy_Seán_Haughey_-_Government_Business_-_18_Sep__dc1a3aba36.wav,sean haughey,Leinster,DAIL
/Users/cianan/Documents/College/GitHub/FYP/Data/segments_clean_lufs10s/lSxK-AVCiF0_Deputy_Seán_Haughey_-_Questions_on_Promised_Legisl__f4d4a8d916.wav,sean haughey,Leinster,DAIL
/Users/cianan/Documents/College/GitHub/FYP/Data/segments_clean_lufs10s/ppGNNzvoV7s_David_P_B__Norris_-_speech_from__16_Apr_2019__96c4c5a5f3.wav,david p b norris,Other,DAIL
/Users/cianan/Documents/College/GitHub/FYP/Data/segments_clean_lufs10s/iZqsHzwvJ1w_David_P_B__Norris_-_speech_from__10_Apr_2019__f928535e0f.wav,david p b norris,Other,DAIL
/Users/cianan/Documents/College/GitHub/FYP/Data/segments_clean_lufs10s/iuvGLcD9wPY_David_P_B__Norris_-_speech_from__18_Apr_2019__2a4ee49ae6.wav,david p b norris,Other,DAIL
/Users/cianan/Documents/College/GitHub/FYP/Data/segments_clean_lufs10s/tmzcG3KbVxE_David_P_B__Norris_-_speech_from__10_Apr_2019__e5c0d5724c.wav,david p b norris,Other,DAIL
/Users/cianan/Documents/College/GitHub/FYP/Data/segments_clean_lufs10s/vY5XnwMlNfQ_David_P_B__Norris_-_speech_from__10_Apr_2019__6394afcce4.wav,david p b norris,Other,DAIL
/Users/cianan/Documents/College/GitHub/FYP/Data/segments_clean_lufs10s/MS1gMaz_SOI_David_P_B__Norris_-_speech_from__10_Apr_2019__fc679ffeaf.wav,david p b norris,Other,DAIL
/Users/cianan/Documents/College/GitHub/FYP/Data/segments_clean_lufs10s/OK7tciFRBxw_David_P_B__Norris_-_speech_from__17_Apr_2019__631345d9e5.wav,david p b norris,Other,DAIL
/Users/cianan/Documents/College/GitHub/FYP/Data/segments_clean_lufs10s/L15F_v5nSs8_David_P_B__Norris_-_speech_from__09_Apr_2019__b433bcaa71.wav,david p b norris,Other,DAIL
/Users/cianan/Documents/College/GitHub/FYP/Data/segments_clean_lufs10s/xxFRDsC-Uj4_David_P_B__Norris_-_speech_from__10_Apr_2019__d06bb2f83e.wav,david p b norris,Other,DAIL
/Users/cianan/Documents/College/GitHub/FYP/Data/segments_clean_lufs10s/Yf9OCupRpnw_David_P_B__Norris_-_speech_from__17_Apr_2019__4d1141a926.wav,david p b norris,Other,DAIL
/Users/cianan/Documents/College/GitHub/FYP/Data/segments_clean_lufs10s/JAZKsNZLD5I_David_P_B__Norris__-_speech_from__16_Apr_2019__ced9879df5.wav,david p b norris,Other,DAIL
/Users/cianan/Documents/College/GitHub/FYP/Data/segments_clean_lufs10s/sbmNTCX77FM_David_P_B__Norris__-_speech_from__16_Apr_2019__021ae53975.wav,david p b norris,Other,DAIL
/Users/cianan/Documents/College/GitHub/FYP/Data/segments_clean_lufs10s/bONT51SY9Aw_David_P_B__Norris_-_speech_from__10_Apr_2019__2d161536de.wav,david p b norris,Other,DAIL
/Users/cianan/Documents/College/GitHub/FYP/Data/segments_clean_lufs10s/dhSEtIZSsCQ_David_P_B__Norris_-_speech_from__10_Apr_2019__30dc47123c.wav,david p b norris,Other,DAIL
/Users/cianan/Documents/College/GitHub/FYP/Data/segments_clean_lufs10s/u587Rpi5tsM_David_P_B__Norris_-_speech_from__10_Apr_2019__29d74fa1dc.wav,david p b norris,Other,DAIL
/Users/cianan/Documents/College/GitHub/FYP/Data/segments_clean_lufs10s/SdqphTh2H_M_David_P_B__Norris_-_speech_from__10_Apr_2019__a2c87534d8.wav,david p b norris,Other,DAIL
/Users/cianan/Documents/College/GitHub/FYP/Data/segments_clean_lufs10s/RPLUN5Wbj4I_David_P_B__Norris_-_speech_from__10_Apr_2019__f15e46be9c.wav,david p b norris,Other,DAIL
/Users/cianan/Documents/College/GitHub/FYP/Data/segments_clean_lufs10s/XKw6hVfeOik_David_P_B__Norris__-_speech_from__11_Apr_2019__812b405b35.wav,david p b norris,Other,DAIL
/Users/cianan/Documents/College/GitHub/FYP/Data/segments_clean_lufs10s/XoSglRplbuo_David_P_B__Norris__-_speech_from__16_Apr_2019__720877bd77.wav,david p b norris,Other,DAIL
/Users/cianan/Documents/College/GitHub/FYP/Data/segments_clean_lufs10s/S7jHJKO7uOw_David_P_B__Norris_-_speech_from__18_Apr_2019__10d92f21c6.wav,david p b norris,Other,DAIL
/Users/cianan/Documents/College/GitHub/FYP/Data/segments_clean_lufs10s/aQhho38p17Q_David_P_B__Norris_-_speech_from__10_Apr_2019__fdba424b19.wav,david p b norris,Other,DAIL
/Users/cianan/Documents/College/GitHub/FYP/Data/segments_clean_lufs10s/qVGsHwblc6I_David_P_B__Norris__-_speech_from__16_Apr_2019__7492ab45d0.wav,david p b norris,Other,DAIL
/Users/cianan/Documents/College/GitHub/FYP/Data/segments_clean_lufs10s/v0eQEmZQOWU_David_P_B__Norris_-_speech_from__17_Apr_2019__3bb444fd2e.wav,david p b norris,Other,DAIL
/Users/cianan/Documents/College/GitHub/FYP/Data/segments_clean_lufs10s/oRtIdOYGPPI_David_P_B__Norris__-_speech_from__16_Apr_2019__f8927a9153.wav,david p b norris,Other,DAIL
/Users/cianan/Documents/College/GitHub/FYP/Data/segments_clean_lufs10s/MswHuG4WlqU_Deputy_David_Stanton_-_Government_Business_-_10_04__021a13974b.wav,david stanton,Munster,DAIL
/Users/cianan/Documents/College/GitHub/FYP/Data/segments_clean_lufs10s/fdvjanF1U2Q_Deputy_Declan_Breathnach_-_Government_Business_-_1__23f147b57b.wav,declan breathnach,Leinster,DAIL
/Users/cianan/Documents/College/GitHub/FYP/Data/segments_clean_lufs10s/6-wmMd-_RQ4_Deputy_Declan_Breathnach_-_Government_Business_-_0__e725115075.wav,declan breathnach,Leinster,DAIL
/Users/cianan/Documents/College/GitHub/FYP/Data/segments_clean_lufs10s/PCd6VZBax5Y_Deputy_Declan_Breathnach_-_Government_Business_-_1__a31ad0c61f.wav,declan breathnach,Leinster,DAIL
/Users/cianan/Documents/College/GitHub/FYP/Data/segments_clean_lufs10s/m9hUJKfhqwA_Deputy_Declan_Breathnach_-_Topical_Issues_-_9_Jul___f7eb9c84b7.wav,declan breathnach,Leinster,DAIL
/Users/cianan/Documents/College/GitHub/FYP/Data/segments_clean_lufs10s/PNtLuqlodM8_Deputy_Denis_Naughten_-_Order_of_Business_-_05_03___04fb107b46.wav,denis naughten,Connacht,DAIL
/Users/cianan/Documents/College/GitHub/FYP/Data/segments_clean_lufs10s/xr_M6U_nWOg_Deputy_Denis_Naughten_-_Government_Business_-_17_S__2226837678.wav,denis naughten,Connacht,DAIL
/Users/cianan/Documents/College/GitHub/FYP/Data/segments_clean_lufs10s/2sOoE4wMWi0_Deputy_Denis_Naughten_-_Questions_on_Promised_Legi__511779c027.wav,denis naughten,Connacht,DAIL
/Users/cianan/Documents/College/GitHub/FYP/Data/segments_clean_lufs10s/dXqSyjXosPY_David_P_B__Norris__-_speech_from__16_Apr_2019__3b2f51401d.wav,david p b norris,Other,DAIL
/Users/cianan/Documents/College/GitHub/FYP/Data/segments_clean_lufs10s/63Ff-Zd9kvM_David_P_B__Norris_-_speech_from__17_Apr_2019__ca3426bb9e.wav,david p b norris,Other,DAIL
/Users/cianan/Documents/College/GitHub/FYP/Data/segments_clean_lufs10s/P5uSuM7WTbw_David_P_B__Norris_-_speech_from__17_Apr_2019__0ef9d57f40.wav,david p b norris,Other,DAIL
/Users/cianan/Documents/College/GitHub/FYP/Data/segments_clean_lufs10s/8Ccct70ww08_David_P__B___Norris_-_speech_from__09_Apr_2019__71aa51fe33.wav,david p b norris,Other,DAIL
/Users/cianan/Documents/College/GitHub/FYP/Data/segments_clean_lufs10s/M-TqG2thtB0_Deputy_Dessie_Ellis_-_Private_Members__Business_-___8da5e50d42.wav,dessie ellis,Leinster,DAIL
/Users/cianan/Documents/College/GitHub/FYP/Data/segments_clean_lufs10s/k7kgRwoUWDE_Deputy_Dessie_Ellis_-_Government_Business__-_8_May__d0338d2e58.wav,dessie ellis,Leinster,DAIL
/Users/cianan/Documents/College/GitHub/FYP/Data/segments_clean_lufs10s/2OCVmhbspmM_Deputy_Dessie_Ellis_-_Topical_Issues_-_18_Sep_2019__f7bd4e4e10.wav,dessie ellis,Leinster,DAIL
/Users/cianan/Documents/College/GitHub/FYP/Data/segments_clean_lufs10s/ke6sqr8-jdo_Deputy_Dessie_Ellis_-_Topical_Issues_-_11_Jun_2019__acd2a36a32.wav,dessie ellis,Leinster,DAIL
/Users/cianan/Documents/College/GitHub/FYP/Data/segments_clean_lufs10s/ht2x0LGt35s_Senator_Diarmuid_Wilson_-_speech_from_3_Oct_2019__62dfc39a4d.wav,diarmuid wilson,Ulster,DAIL
/Users/cianan/Documents/College/GitHub/FYP/Data/segments_clean_lufs10s/VNog2FsqBcU_Senator_Diarmuid_Wilson_-_speech_from_25_Jun_2019__6aa0bb1477.wav,diarmuid wilson,Ulster,DAIL
/Users/cianan/Documents/College/GitHub/FYP/Data/segments_clean_lufs10s/XvKLE8H0sJA_Deputy_Donnchadh_Ó_Laoghaire_-_Private_Members__Bu__1998671667.wav,donnchadh o laoghaire,Munster,DAIL
/Users/cianan/Documents/College/GitHub/FYP/Data/segments_clean_lufs10s/ZhBVCEp9wPs_Deputy_Donnchadh_Ó_Laoghaire_-_Government_Business__588f2a20ae.wav,donnchadh o laoghaire,Munster,DAIL
/Users/cianan/Documents/College/GitHub/FYP/Data/segments_clean_lufs10s/dYC5UqKigoA_Deputy_Donnchadh_Ó_Laoghaire_-_Private_Members__Bu__c60f9bf6da.wav,donnchadh o laoghaire,Munster,DAIL
/Users/cianan/Documents/College/GitHub/FYP/Data/segments_clean_lufs10s/XOpkxyW1PyE_Deputy_Donnchadh_Ó_Laoghaire_-_Government_Business__8771646e60.wav,donnchadh o laoghaire,Munster,DAIL
/Users/cianan/Documents/College/GitHub/FYP/Data/segments_clean_lufs10s/zZzzSGf8EZ4_Deputy_Éamon_Ó_Cuív_-_Government_Business_-_19_Jun__c21b100480.wav,eamon o cuiv,Leinster,DAIL
/Users/cianan/Documents/College/GitHub/FYP/Data/segments_clean_lufs10s/a_1BGECCSzE_Deputy_Éamon_Ó_Cuív_-_Topical_Issues_-_4_Jul_2019__271c912364.wav,eamon o cuiv,Leinster,DAIL
/Users/cianan/Documents/College/GitHub/FYP/Data/segments_clean_lufs10s/4q017p6vaJQ_Deputy_Éamon_Ó_Cuív_-_Other_Questions_-_10_Jul_201__e34563beec.wav,eamon o cuiv,Leinster,DAIL
/Users/cianan/Documents/College/GitHub/FYP/Data/segments_clean_lufs10s/TWjeqCqt-m0_Deputy_Éamon_Ó_Cuív_-_Private_Members__Business_-___4d305a2d0b.wav,eamon o cuiv,Leinster,DAIL
/Users/cianan/Documents/College/GitHub/FYP/Data/segments_clean_lufs10s/tUngm9j8E3U_Deputy_Éamon_Ó_Cuív_-_Government_Business_-_3_Oct___897b34ac00.wav,eamon o cuiv,Leinster,DAIL
/Users/cianan/Documents/College/GitHub/FYP/Data/segments_clean_lufs10s/8ERyZJM_1Bc_Deputy_Éamon_Ó_Cuív_-_Private_Members__Business_-___580992ae83.wav,eamon o cuiv,Leinster,DAIL
/Users/cianan/Documents/College/GitHub/FYP/Data/segments_clean_lufs10s/4rfAlyhCLk8_Deputy_Éamon_Ó_Cuív_-_Private_Members__Business_-___0fe7cb4518.wav,eamon o cuiv,Leinster,DAIL
/Users/cianan/Documents/College/GitHub/FYP/Data/segments_clean_lufs10s/QhRwcL0C_FM_Deputy_Éamon_Ó_Cuív_-_Topical_Issues_-_8_May_2019__52d5aa0cda.wav,eamon o cuiv,Leinster,DAIL
/Users/cianan/Documents/College/GitHub/FYP/Data/segments_clean_lufs10s/UyHjvCKbpmU_Deputy_Éamon_Ó_Cuív_-_Government_Business_-_29_May__fd0fe145d2.wav,eamon o cuiv,Leinster,DAIL
/Users/cianan/Documents/College/GitHub/FYP/Data/segments_clean_lufs10s/5Ig4ZEoxKlU_Deputy_Éamon_Ó_Cuív___-_speech_from_16_Oct_2019__6e05edbbc0.wav,eamon o cuiv,Leinster,DAIL
/Users/cianan/Documents/College/GitHub/FYP/Data/segments_clean_lufs10s/Nv1IbytO02Y_Deputy_Éamon_Ó_Cuív_-_Private_Members__Business_-___4918bb4e90.wav,eamon o cuiv,Leinster,DAIL
/Users/cianan/Documents/College/GitHub/FYP/Data/segments_clean_lufs10s/eKi8Sh0Yl2Y_Deputy_Éamon_Ó_Cuív_-_Government_Business_-_28_May__6849e2811b.wav,eamon o cuiv,Leinster,DAIL
/Users/cianan/Documents/College/GitHub/FYP/Data/segments_clean_lufs10s/2TcskN-2a5I_Deputy_Éamon_Ó_Cuív_-_Private_Members__Business_-___1ce526fb00.wav,eamon o cuiv,Leinster,DAIL
/Users/cianan/Documents/College/GitHub/FYP/Data/segments_clean_lufs10s/yrGRgVyLoos_Deputy_Éamon_Ó_Cuív_-_Other_Questions_-_22_May_201__04f9f376d3.wav,eamon o cuiv,Leinster,DAIL
/Users/cianan/Documents/College/GitHub/FYP/Data/segments_clean_lufs10s/C5_5e2yIVIw_Deputy_Éamon_Ó_Cuív_-_Private_Members__Business_-___ad29f39bf8.wav,eamon o cuiv,Leinster,DAIL
/Users/cianan/Documents/College/GitHub/FYP/Data/segments_clean_lufs10s/a1PBR9CFSsE_Deputy_Éamon_Ó_Cuív_-_Other_Questions_-_26_Jun_201__d78e800021.wav,eamon o cuiv,Leinster,DAIL
/Users/cianan/Documents/College/GitHub/FYP/Data/segments_clean_lufs10s/SA8marVKtvQ_Deputy_Éamon_Ó_Cuív_-_Priority_Questions_-_07_03_2__17e3649251.wav,eamon o cuiv,Leinster,DAIL
/Users/cianan/Documents/College/GitHub/FYP/Data/segments_clean_lufs10s/rixHpC41_jM_Deputy_Éamon_Ó_Cuív_-_Government_Business_-_29_May__b5b78e5bec.wav,eamon o cuiv,Leinster,DAIL
/Users/cianan/Documents/College/GitHub/FYP/Data/segments_clean_lufs10s/Qerxc2u95dg_Deputy_Éamon_Ó_Cuív_-_Priority_Questions_-_3_Jul_2__17dc233116.wav,eamon o cuiv,Leinster,DAIL
/Users/cianan/Documents/College/GitHub/FYP/Data/segments_clean_lufs10s/_Fxeu3c-MiQ_Deputy_E_amon_O__Cui_v_-_Government_Business_-_25_Sep__d8cfa97e20.wav,eamon o cuiv,Leinster,DAIL
/Users/cianan/Documents/College/GitHub/FYP/Data/segments_clean_lufs10s/VY9goVVRKdA_Deputy_Éamon_Ó_Cuív_-_Expressions_of_Sympathy_-_3___51ce46755d.wav,eamon o cuiv,Leinster,DAIL
/Users/cianan/Documents/College/GitHub/FYP/Data/segments_clean_lufs10s/1DT0VYsX0jw_Deputy_Éamon_Ó_Cuív_-_Questions_on_Promised_Legisl__94beec057d.wav,eamon o cuiv,Leinster,DAIL
/Users/cianan/Documents/College/GitHub/FYP/Data/segments_clean_lufs10s/6tXJyil6AlU_Deputy_Éamon_Ó_Cuív_-_Topical_Issues_-_26_03_2019__0fe063ce22.wav,eamon o cuiv,Leinster,DAIL
/Users/cianan/Documents/College/GitHub/FYP/Data/segments_clean_lufs10s/SzV8fJI44Jc_Deputy_Eamon_Ryan_-_Government_Business_-_17_Sep_2__caa2d15ace.wav,eamon ryan,Leinster,DAIL
/Users/cianan/Documents/College/GitHub/FYP/Data/segments_clean_lufs10s/ERt4h_RDFTc_Deputy_Eamon_Ryan_-_Priority_Questions_-_07_03_201__5a4dfc8742.wav,eamon ryan,Leinster,DAIL
/Users/cianan/Documents/College/GitHub/FYP/Data/segments_clean_lufs10s/cPa5LPUyTQI_Deputy_Eamon_Ryan_-_Priority_Questions__-_14_May_2__a8f248b7d4.wav,eamon ryan,Leinster,DAIL
/Users/cianan/Documents/College/GitHub/FYP/Data/segments_clean_lufs10s/O3mPXN2B2_o_Deputy_Eamon_Ryan_-_Private_Members__Business_-_10__63f3db9635.wav,eamon ryan,Leinster,DAIL
/Users/cianan/Documents/College/GitHub/FYP/Data/segments_clean_lufs10s/8Q4fsWt5gNc_Deputy_Eamon_Ryan_-_Government_Business_-_20_Jun_2__6fcd02b57e.wav,eamon ryan,Leinster,DAIL
/Users/cianan/Documents/College/GitHub/FYP/Data/segments_clean_lufs10s/tj4DifUXk2k_Deputy_Eamon_Scanlon_-_Private_Members__Business_-__d3d30cdede.wav,eamon scanlon,Connacht,DAIL
/Users/cianan/Documents/College/GitHub/FYP/Data/segments_clean_lufs10s/q-nAzvqAuVo_Deputy_Eamon_Scanlon_-_Questions_on_Promised_Legis__e4100df1b0.wav,eamon scanlon,Connacht,DAIL
/Users/cianan/Documents/College/GitHub/FYP/Data/segments_clean_lufs10s/UO1ppwk-Y4Q_Deputy_Eamon_Scanlon_-_Topical_Issues_-_14_May_201__8b6e4e28ad.wav,eamon scanlon,Connacht,DAIL
/Users/cianan/Documents/College/GitHub/FYP/Data/segments_clean_lufs10s/lalF-HA5zBQ_Deputy_Eamon_Scanlon_-_Government_Business_-_19_Ju__cc4de20c09.wav,eamon scanlon,Connacht,DAIL
/Users/cianan/Documents/College/GitHub/FYP/Data/segments_clean_lufs10s/D4NdN62N4Ek_Deputy_Eoin_Ó_Broin_-_Private_Members__Business_-___0c82e42f3a.wav,eoin o broin,Leinster,DAIL
/Users/cianan/Documents/College/GitHub/FYP/Data/segments_clean_lufs10s/RTXzSwBl6f4_Deputy_Eoin_Ó_Broin_-_Topical_Issues_-_06_03_2019__e19ef51b48.wav,eoin o broin,Leinster,DAIL
/Users/cianan/Documents/College/GitHub/FYP/Data/segments_clean_lufs10s/NTtGZdp4ZvY_Deputy_Eoin_Ó_Broin_-_Priority_Questions_-_18_Sep___0ed64b98ad.wav,eoin o broin,Leinster,DAIL
/Users/cianan/Documents/College/GitHub/FYP/Data/segments_clean_lufs10s/UTsP1AYOTLQ_Deputy_Eoin_Ó_Broin_-_Government_Business_-_20_Jun__dc45aef3b1.wav,eoin o broin,Leinster,DAIL
/Users/cianan/Documents/College/GitHub/FYP/Data/segments_clean_lufs10s/nQZ-1iKnlaE_Deputy_Eugene_Murphy_-_Government_Business_-_17_Se__d813626702.wav,eugene murphy,Connacht,DAIL
/Users/cianan/Documents/College/GitHub/FYP/Data/segments_clean_lufs10s/7E7baKA1md8_Deputy_Eugene_Murphy_-_Government_Business_-_10_04__5c091eae09.wav,eugene murphy,Connacht,DAIL
/Users/cianan/Documents/College/GitHub/FYP/Data/segments_clean_lufs10s/AZ3aV-uJmMU_Deputy_Eugene_Murphy_-_Other_Questions_-_15_May_20__a6057d0685.wav,eugene murphy,Connacht,DAIL
/Users/cianan/Documents/College/GitHub/FYP/Data/segments_clean_lufs10s/h9uDyPZlAiI_Deputy_Eugene_Murphy_-_Topical_Issues_-_06_03_2019__9ea68bab0f.wav,eugene murphy,Connacht,DAIL
/Users/cianan/Documents/College/GitHub/FYP/Data/segments_clean_lufs10s/xxAogi7XfSs_Deputy_Eugene_Murphy_-_Private_Members__Business_-__f329c003c3.wav,eugene murphy,Connacht,DAIL
/Users/cianan/Documents/College/GitHub/FYP/Data/segments_clean_lufs10s/0VZinYVtifU_Deputy_Fergus_O_Dowd_-_Topical_Issues_-_19_Sep_201__2b5f7f53b3.wav,fergus o'dowd,Munster,DAIL
/Users/cianan/Documents/College/GitHub/FYP/Data/segments_clean_lufs10s/bxj5dKYYhCE_Deputy_Fergus_O_Dowd_-_Oral_Questions_-_07_03_2019__96e693cf8f.wav,fergus o'dowd,Munster,DAIL
/Users/cianan/Documents/College/GitHub/FYP/Data/segments_clean_lufs10s/VdOkOk7pyB0_Deputy_Fergus_O_Dowd_-_Topical_Issues_-_9_May_2019__b2724c1652.wav,fergus o'dowd,Munster,DAIL
/Users/cianan/Documents/College/GitHub/FYP/Data/segments_clean_lufs10s/Exga27Fiv4c_Deputy_Fergus_O_Dowd_-_Government_Business_-_05_03__65f3d6666e.wav,fergus o'dowd,Munster,DAIL
/Users/cianan/Documents/College/GitHub/FYP/Data/segments_clean_lufs10s/X1WLuhjWQHc_Deputy_Fergus_O_Dowd_-_Government_Business_-_27_Ju__3eeda1aafc.wav,fergus o'dowd,Munster,DAIL
/Users/cianan/Documents/College/GitHub/FYP/Data/segments_clean_lufs10s/l61Lv07AbFg_Senator_David_P_B__Norris_-_speech_from_28_May_201__9162e2152f.wav,david p b norris,Other,DAIL
/Users/cianan/Documents/College/GitHub/FYP/Data/segments_clean_lufs10s/EuuMTUHOkY8_Senator_David_P_B__Norris_-_speech_from_21_May_201__e5c21432f6.wav,david p b norris,Other,DAIL
/Users/cianan/Documents/College/GitHub/FYP/Data/segments_clean_lufs10s/GzkWv71FN98_Senator_David_P_B__Norris_-_speech_from_18_Jun_201__bb59b22c94.wav,david p b norris,Other,DAIL
/Users/cianan/Documents/College/GitHub/FYP/Data/segments_clean_lufs10s/4HDuDy4Q3q4_Senator_David_P_B__Norris_-_speech_from_9_May_2019__9d41116ea2.wav,david p b norris,Other,DAIL
/Users/cianan/Documents/College/GitHub/FYP/Data/segments_clean_lufs10s/5TpAJ7tjFqI_Senator_David_P_B__Norris_-_speech_from_24_Sep_201__12b88e9433.wav,david p b norris,Other,DAIL
/Users/cianan/Documents/College/GitHub/FYP/Data/segments_clean_lufs10s/WfLmODrDdXw_Senator_David_P_B__Norris_-_speech_from_9_May_2019__d4ba35ff5c.wav,david p b norris,Other,DAIL
/Users/cianan/Documents/College/GitHub/FYP/Data/segments_clean_lufs10s/oqn28GS8UFs_Senator_David_P_B__Norris_-_speech_from_16_May_201__cdef79e847.wav,david p b norris,Other,DAIL
/Users/cianan/Documents/College/GitHub/FYP/Data/segments_clean_lufs10s/dOp5j-17eIA_Senator_David_P_B__Norris_-_Order_of_Business_-_14__a768447d99.wav,david p b norris,Other,DAIL
/Users/cianan/Documents/College/GitHub/FYP/Data/segments_clean_lufs10s/n3tvgSScQ2s_Senator_David_P_B__Norris_-_speech_from_11_Jun_201__d1947a6bd3.wav,david p b norris,Other,DAIL
/Users/cianan/Documents/College/GitHub/FYP/Data/segments_clean_lufs10s/R9TDZ_NADSU_Senator_David_P_B__Norris_-_Order_of_Business_-_8___00eed5402b.wav,david p b norris,Other,DAIL
/Users/cianan/Documents/College/GitHub/FYP/Data/segments_clean_lufs10s/Lb4Vxow8WIw_Senator_David_P_B__Norris_-_speech_from_15_May_201__eb88876e80.wav,david p b norris,Other,DAIL
/Users/cianan/Documents/College/GitHub/FYP/Data/segments_clean_lufs10s/mYv8_CjqmzA_Senator_David_P_B__Norris_-_speech_from_9_May_2019__9a6825d3d3.wav,david p b norris,Other,DAIL
/Users/cianan/Documents/College/GitHub/FYP/Data/segments_clean_lufs10s/G4N-6rV2aHM_Deputy_Frank_O_Rourke_-_Private_Members__Business___ebeba86185.wav,frank o'rourke,Connacht,DAIL
/Users/cianan/Documents/College/GitHub/FYP/Data/segments_clean_lufs10s/VXMtkOTcIY0_Deputy_Frank_O_Rourke_-_Private_Members__Business___315cd2a072.wav,frank o'rourke,Connacht,DAIL
/Users/cianan/Documents/College/GitHub/FYP/Data/segments_clean_lufs10s/z81H1aDMbw8_Deputy_Fiona_O_Loughlin_-_Questions_on_Promised_Le__dc09be491b.wav,fiona o'loughlin,Leinster,DAIL
/Users/cianan/Documents/College/GitHub/FYP/Data/segments_clean_lufs10s/OF_2KbYvdFI_Deputy_Fiona_O_Loughlin_-_Private_Members__Busines__10765d624f.wav,fiona o'loughlin,Leinster,DAIL
/Users/cianan/Documents/College/GitHub/FYP/Data/segments_clean_lufs10s/mPoR80oumD4_Deputy_Fiona_O_Loughlin_-_Private_Members__Busines__2aacd983a3.wav,fiona o'loughlin,Leinster,DAIL
/Users/cianan/Documents/College/GitHub/FYP/Data/segments_clean_lufs10s/YQUqmdI7pXw_Deputy_Fiona_O_Loughlin_-_Order_of_Business_-_12_0__0d12fb2b0c.wav,fiona o'loughlin,Leinster,DAIL
/Users/cianan/Documents/College/GitHub/FYP/Data/segments_clean_lufs10s/WXV6UtJiXaQ_Deputy_Fiona_O_Loughlin_-_Order_of_Business_-_8_Ma__9c60d2f7ad.wav,fiona o'loughlin,Leinster,DAIL
/Users/cianan/Documents/College/GitHub/FYP/Data/segments_clean_lufs10s/VweM_LAhRSw_Senator_Frances_Black_-_speech_from_-_14_May_2019__960da0c022.wav,frances black,Leinster,DAIL
/Users/cianan/Documents/College/GitHub/FYP/Data/segments_clean_lufs10s/69uXfBttg0A_Senator_Frances_Black_-_speech_from_25_Sep_2019__803a7e1dcb.wav,frances black,Leinster,DAIL
/Users/cianan/Documents/College/GitHub/FYP/Data/segments_clean_lufs10s/J1ur53sk6A4_Frances_Black_-_speech_from__10_Apr_2019__8f30a42a3b.wav,frances black,Leinster,DAIL
/Users/cianan/Documents/College/GitHub/FYP/Data/segments_clean_lufs10s/T4m1fPRl8qI_Senator_Frances_Black_-_speech_from_28_May_2019__414666ca98.wav,frances black,Leinster,DAIL
/Users/cianan/Documents/College/GitHub/FYP/Data/segments_clean_lufs10s/pQmi49p2u8s_Senator_Frances_Black_-_speech_from_12_Jun_2019__2b45168681.wav,frances black,Leinster,DAIL
/Users/cianan/Documents/College/GitHub/FYP/Data/segments_clean_lufs10s/65NrGTgWpfo_Senator_Frank_Feighan_-_speech_from_16_May_2019__e42fde20e4.wav,frank feighan,Connacht,DAIL
/Users/cianan/Documents/College/GitHub/FYP/Data/segments_clean_lufs10s/Cu6vBrp3KXo_Senator_Frank_Feighan_-_speech_from_11_Jun_2019__24c888de34.wav,frank feighan,Connacht,DAIL
/Users/cianan/Documents/College/GitHub/FYP/Data/segments_clean_lufs10s/9JzGMmZe1DI_Frank_Feighan_-_speech_from__17_Apr_2019__75d3f0574b.wav,frank feighan,Connacht,DAIL
/Users/cianan/Documents/College/GitHub/FYP/Data/segments_clean_lufs10s/eyT0rJ6Dpxg_Senator_Frank_Feighan_-_Order_of_Business_-_15_May__036d0e3b12.wav,frank feighan,Connacht,DAIL
/Users/cianan/Documents/College/GitHub/FYP/Data/segments_clean_lufs10s/3h9r7bTyyyM_Senator_Frank_Feighan_-_speech_from_26_Jun_2019__db26e60e14.wav,frank feighan,Connacht,DAIL
/Users/cianan/Documents/College/GitHub/FYP/Data/segments_clean_lufs10s/PcCBWT0Q2GQ_Senator_Frank_Feighan_-_speech_from_1_Oct_2019__105c1fcee4.wav,frank feighan,Connacht,DAIL
/Users/cianan/Documents/College/GitHub/FYP/Data/segments_clean_lufs10s/Rp7v19WfgAc_Senator_Frank_Feighan_-_Order_of_Business_-_8_May___11f8f19685.wav,frank feighan,Connacht,DAIL
/Users/cianan/Documents/College/GitHub/FYP/Data/segments_clean_lufs10s/voXdcf03P00_Frank_Feighan__-_speech_from__11_Apr_2019__77dbb107c4.wav,frank feighan,Connacht,DAIL
/Users/cianan/Documents/College/GitHub/FYP/Data/segments_clean_lufs10s/3cLQTphqFog_Deputy_Niamh_Smyth_-_Priority_Questions_-_12_Jun_2__cff8bc7ddb.wav,niamh smyth,Ulster,DAIL
/Users/cianan/Documents/College/GitHub/FYP/Data/segments_clean_lufs10s/Yzj0Xxk4Xj4_Deputy_Niamh_Smyth_-_Topical_Issues_-_3_Oct_2019__0b0f228fd8.wav,niamh smyth,Ulster,DAIL
/Users/cianan/Documents/College/GitHub/FYP/Data/segments_clean_lufs10s/R7Km0RcVEPg_Gabrielle_McFadden_-_speech_from__09_Apr_2019__a6cef4f625.wav,gabrielle mcfadden,Leinster,DAIL
/Users/cianan/Documents/College/GitHub/FYP/Data/segments_clean_lufs10s/vAM6xt9ahr0_Gabrielle_McFadden__-_speech_from__16_Apr_2019__c345757e08.wav,gabrielle mcfadden,Leinster,DAIL
/Users/cianan/Documents/College/GitHub/FYP/Data/segments_clean_lufs10s/nspS_vIwDvQ_Senator_Gabrielle_McFadden_-_speech_from_21_May_20__b0aaf89fd7.wav,gabrielle mcfadden,Leinster,DAIL
/Users/cianan/Documents/College/GitHub/FYP/Data/segments_clean_lufs10s/FblLmhcXrLU_Senator_Gabrielle_McFadden_-_speech_from_12_Jun_20__c3f665c3d2.wav,gabrielle mcfadden,Leinster,DAIL
/Users/cianan/Documents/College/GitHub/FYP/Data/segments_clean_lufs10s/hfrjSlQ0mA0_Gabrielle_McFadden_-_speech_from__17_Apr_2019__5f473a2203.wav,gabrielle mcfadden,Leinster,DAIL
/Users/cianan/Documents/College/GitHub/FYP/Data/segments_clean_lufs10s/QzGI42QGkJ0_Senator_Gabrielle_McFadden_-_speech_from_29_May_20__ebbf711ce9.wav,gabrielle mcfadden,Leinster,DAIL
/Users/cianan/Documents/College/GitHub/FYP/Data/segments_clean_lufs10s/2uuV1w7FkzA_Gabrielle_McFadden_-_speech_from__11_Apr_2019__621ea66652.wav,gabrielle mcfadden,Leinster,DAIL
/Users/cianan/Documents/College/GitHub/FYP/Data/segments_clean_lufs10s/HldUCUY8Byc_Senator_Gabrielle_McFadden_-_speech_from_28_May_20__39a19e299a.wav,gabrielle mcfadden,Leinster,DAIL
/Users/cianan/Documents/College/GitHub/FYP/Data/segments_clean_lufs10s/TXLZcdN4gac_Senator_Gabrielle_McFadden_-_speech_from_25_Sep_20__fc932b1285.wav,gabrielle mcfadden,Leinster,DAIL
/Users/cianan/Documents/College/GitHub/FYP/Data/segments_clean_lufs10s/Mjrv8-c2sOg_Senator_Gabrielle_McFadden_-_speech_from_20_Jun_20__9adfea5a6a.wav,gabrielle mcfadden,Leinster,DAIL
/Users/cianan/Documents/College/GitHub/FYP/Data/segments_clean_lufs10s/JFJqh0iVNYk_Senator_Gerald_Nash_-_speech_from_26_Jun_2019__1d6025f59f.wav,gerald nash,Leinster,DAIL
/Users/cianan/Documents/College/GitHub/FYP/Data/segments_clean_lufs10s/MDRJyz2X6Ng_Senator_Gerald_Nash_-_speech_from_12_Jul_2019__2f5b29273e.wav,gerald nash,Leinster,DAIL
/Users/cianan/Documents/College/GitHub/FYP/Data/segments_clean_lufs10s/CFyyE3U7zbo_Gerald_Nash_-_speech_from__17_Apr_2019__3feec56c6e.wav,gerald nash,Leinster,DAIL
/Users/cianan/Documents/College/GitHub/FYP/Data/segments_clean_lufs10s/IzfnQ9vYdyA_Senator_Gerald_Nash_-_speech_from_18_Jun_2019__4008a2612a.wav,gerald nash,Leinster,DAIL
/Users/cianan/Documents/College/GitHub/FYP/Data/segments_clean_lufs10s/j_lq-6gFk2Q_Gerard_P__Craughwell__-_speech_from__16_Apr_2019__168bdd6353.wav,gerard p. craughwell,Connacht,DAIL
/Users/cianan/Documents/College/GitHub/FYP/Data/segments_clean_lufs10s/Xu9rBX8UTWY_Gerard_P__Craughwell__-_speech_from__16_Apr_2019__696b7d0b25.wav,gerard p. craughwell,Connacht,DAIL
/Users/cianan/Documents/College/GitHub/FYP/Data/segments_clean_lufs10s/WrJhx2iKJrU_Gerard_P__Craughwell_-_speech_from__18_Apr_2019__89288af3f4.wav,gerard p. craughwell,Connacht,DAIL
/Users/cianan/Documents/College/GitHub/FYP/Data/segments_clean_lufs10s/CICJUrIGoUA_Gerard_P__Craughwell_-_speech_from__17_Apr_2019__2bbb47dc5a.wav,gerard p. craughwell,Connacht,DAIL
/Users/cianan/Documents/College/GitHub/FYP/Data/segments_clean_lufs10s/_w-dMtcgCHA_Senator_Gerard_P__Craughwell_-_speech_from_11_Jun___9c0567b897.wav,gerard p. craughwell,Connacht,DAIL
/Users/cianan/Documents/College/GitHub/FYP/Data/segments_clean_lufs10s/8enFwPg9HR4_Senator_Gerard_P__Craughwell_-_speech_from_10_Jul___5c2cbb248d.wav,gerard p. craughwell,Connacht,DAIL
/Users/cianan/Documents/College/GitHub/FYP/Data/segments_clean_lufs10s/wE2BtycZEW4_Senator_Gerard_P__Craughwell_-_speech_from_18_Jun___52a6deb75d.wav,gerard p. craughwell,Connacht,DAIL
/Users/cianan/Documents/College/GitHub/FYP/Data/segments_clean_lufs10s/TcftkX36UpQ_Senator_Gerard_P__Craughwell_-_speech_from_19_Jun___c4761152c2.wav,gerard p. craughwell,Connacht,DAIL
/Users/cianan/Documents/College/GitHub/FYP/Data/segments_clean_lufs10s/3quFCAUhvxk_Senator_Gerard_P__Craughwell_-_speech_from_8_Oct_2__1999267a4d.wav,gerard p. craughwell,Connacht,DAIL
/Users/cianan/Documents/College/GitHub/FYP/Data/segments_clean_lufs10s/KcAoATgS8f4_Senator_Gerard_P__Craughwell_-_speech_from_11_Jun___25236d15a3.wav,gerard p. craughwell,Connacht,DAIL
/Users/cianan/Documents/College/GitHub/FYP/Data/segments_clean_lufs10s/BN7NtaBUeS4_Senator_Gerard_P__Craughwell_-_speech_from_11_Jun___564447eeee.wav,gerard p. craughwell,Connacht,DAIL
/Users/cianan/Documents/College/GitHub/FYP/Data/segments_clean_lufs10s/E4TuD_mewKU_Senator_Gerard_P__Craughwell_-_speech_from_11_Jul___5cfb66e80a.wav,gerard p. craughwell,Connacht,DAIL
/Users/cianan/Documents/College/GitHub/FYP/Data/segments_clean_lufs10s/-0tFaqS-cJ4_Senator_Gerard_P__Craughwell_-_speech_from_24_Sep___90c72675a0.wav,gerard p. craughwell,Connacht,DAIL
/Users/cianan/Documents/College/GitHub/FYP/Data/segments_clean_lufs10s/pHqp3uXLFCs_Senator_Gerard_P__Craughwell_-_speech_from_26_Sep___ba7cf4bd71.wav,gerard p. craughwell,Connacht,DAIL
/Users/cianan/Documents/College/GitHub/FYP/Data/segments_clean_lufs10s/7Uw7L6TRH7M_Senator_Gerard_P__Craughwell_-_speech_from_4_Jul_2__ea1217bd45.wav,gerard p. craughwell,Connacht,DAIL
/Users/cianan/Documents/College/GitHub/FYP/Data/segments_clean_lufs10s/iAaIIm_b5AY_Senator_Gerard_P__Craughwell_-_speech_from_16_Oct___58bf7a3878.wav,gerard p. craughwell,Connacht,DAIL
/Users/cianan/Documents/College/GitHub/FYP/Data/segments_clean_lufs10s/EdH_bz0VQpc_Senator_Gerard_P__Craughwell_-_speech_from_11_Jun___1b6099681f.wav,gerard p. craughwell,Connacht,DAIL
/Users/cianan/Documents/College/GitHub/FYP/Data/segments_clean_lufs10s/e3ldx7nqJsM_Senator_Gerard_P__Craughwell_-_speech_from_28_May___2072b53567.wav,gerard p. craughwell,Connacht,DAIL
/Users/cianan/Documents/College/GitHub/FYP/Data/segments_clean_lufs10s/kBtWyayXgXM_Senator_Gerard_P__Craughwell_-_speech_from_28_May___60e300fe0e.wav,gerard p. craughwell,Connacht,DAIL
/Users/cianan/Documents/College/GitHub/FYP/Data/segments_clean_lufs10s/9hUWLCVSFoo_Senator_Gerard_P__Craughwell_-_Order_of_Business_-__ca713e9bda.wav,gerard p. craughwell,Connacht,DAIL
/Users/cianan/Documents/College/GitHub/FYP/Data/segments_clean_lufs10s/3L7XEol-h80_Senator_Gerard_P__Craughwell_-_speech_from_28_May___0357210ad6.wav,gerard p. craughwell,Connacht,DAIL
/Users/cianan/Documents/College/GitHub/FYP/Data/segments_clean_lufs10s/kzTkxOMxj-w_Senator_Gerard_P__Craughwell_-_speech_from_5_Nov_2__e29dca7d44.wav,gerard p. craughwell,Connacht,DAIL
/Users/cianan/Documents/College/GitHub/FYP/Data/segments_clean_lufs10s/atRzho6uzGM_Senator_Gerard_P__Craughwell_-_speech_from_29_May___3b23133e08.wav,gerard p. craughwell,Connacht,DAIL
/Users/cianan/Documents/College/GitHub/FYP/Data/segments_clean_lufs10s/YUrAr57IZzM_Senator_Gerard_P__Craughwell_-_speech_from_15_May___040a639956.wav,gerard p. craughwell,Connacht,DAIL
/Users/cianan/Documents/College/GitHub/FYP/Data/segments_clean_lufs10s/ztM3_LxaQ_8_Senator_Gerard_P__Craughwell_-_speech_from_28_May___7dd2293623.wav,gerard p. craughwell,Connacht,DAIL
/Users/cianan/Documents/College/GitHub/FYP/Data/segments_clean_lufs10s/h0OHdqDLXPY_Senator_Gerard_P__Craughwell_-_speech_from_26_Jun___ead380bf34.wav,gerard p. craughwell,Connacht,DAIL
/Users/cianan/Documents/College/GitHub/FYP/Data/segments_clean_lufs10s/ETN5AdnNJ4o_Senator_Gerard_P__Craughwell_-_speech_from_13_Jun___bbe02e8742.wav,gerard p. craughwell,Connacht,DAIL
/Users/cianan/Documents/College/GitHub/FYP/Data/segments_clean_lufs10s/e5q6FfuVpNo_Senator_Gerard_P__Craughwell_-_speech_from_13_Jun___6c860f60de.wav,gerard p. craughwell,Connacht,DAIL
/Users/cianan/Documents/College/GitHub/FYP/Data/segments_clean_lufs10s/iErKiGxqwpI_Senator_Gerard_P__Craughwell_-_speech_from_26_Jun___c4c21cda78.wav,gerard p. craughwell,Connacht,DAIL
/Users/cianan/Documents/College/GitHub/FYP/Data/segments_clean_lufs10s/0FniqhnHgBc_Senator_Gerard_P__Craughwell_-_speech_from_3_Oct_2__0b1de9701b.wav,gerard p. craughwell,Connacht,DAIL
/Users/cianan/Documents/College/GitHub/FYP/Data/segments_clean_lufs10s/FsUSML1mdXk_Senator_Gerard_P__Craughwell_-_speech_from_9_Jul_2__9a0df158a9.wav,gerard p. craughwell,Connacht,DAIL
/Users/cianan/Documents/College/GitHub/FYP/Data/segments_clean_lufs10s/_vYOJdLm11M_Senator_Gerard_P__Craughwell_-_speech_from_3_Jul_2__92e2c9e848.wav,gerard p. craughwell,Connacht,DAIL
/Users/cianan/Documents/College/GitHub/FYP/Data/segments_clean_lufs10s/AbmDSVc6_wE_Senator_Gerard_P__Craughwell_-_speech_from_24_Sep___1fbc075ae5.wav,gerard p. craughwell,Connacht,DAIL
/Users/cianan/Documents/College/GitHub/FYP/Data/segments_clean_lufs10s/SXCEDynxSwo_Senator_Gerard_P__Craughwell_-_speech_from_11_Jun___ff43f9215c.wav,gerard p. craughwell,Connacht,DAIL
/Users/cianan/Documents/College/GitHub/FYP/Data/segments_clean_lufs10s/fIclmkXllzA_Senator_Gerard_P__Craughwell_-_Order_of_Business_-__3f4f6195f7.wav,gerard p. craughwell,Connacht,DAIL
/Users/cianan/Documents/College/GitHub/FYP/Data/segments_clean_lufs10s/G9IhFeBwSF8_Senator_Gerard_P__Craughwell_-_speech_from_9_Jul_2__0a2d1e5bfa.wav,gerard p. craughwell,Connacht,DAIL
/Users/cianan/Documents/College/GitHub/FYP/Data/segments_clean_lufs10s/cS4PChfmjM4_Senator_Gerard_P__Craughwell_-_speech_from_26_Jun___43a1755063.wav,gerard p. craughwell,Connacht,DAIL
/Users/cianan/Documents/College/GitHub/FYP/Data/segments_clean_lufs10s/TEOKDDfnivs_Senator_Gerard_P__Craughwell_-_speech_from_9_Oct_2__4a5c9d778e.wav,gerard p. craughwell,Connacht,DAIL
/Users/cianan/Documents/College/GitHub/FYP/Data/segments_clean_lufs10s/K74AKv8JA0c_Senator_Gerard_P__Craughwell_-_speech_from_26_Sep___2c673b7df4.wav,gerard p. craughwell,Connacht,DAIL
/Users/cianan/Documents/College/GitHub/FYP/Data/segments_clean_lufs10s/ZEzoNkjVMBs_Senator_Gerard_P__Craughwell_-_speech_from_10_Jul___1fc6a4e845.wav,gerard p. craughwell,Connacht,DAIL
/Users/cianan/Documents/College/GitHub/FYP/Data/segments_clean_lufs10s/X-wZ8c69Vaw_Senator_Gerard_P__Craughwell_-_speech_from_22_May___e65083fd34.wav,gerard p. craughwell,Connacht,DAIL
/Users/cianan/Documents/College/GitHub/FYP/Data/segments_clean_lufs10s/5k9zZI9Ful8_Senator_Gerard_P__Craughwell_-_speech_from_15_Oct___03739b35aa.wav,gerard p. craughwell,Connacht,DAIL
/Users/cianan/Documents/College/GitHub/FYP/Data/segments_clean_lufs10s/n-7BbZK-PUo_Senator_Gerard_P__Craughwell_-_speech_from_19_Jun___400ee040f6.wav,gerard p. craughwell,Connacht,DAIL
/Users/cianan/Documents/College/GitHub/FYP/Data/segments_clean_lufs10s/DxB90g9LLK8_Senator_Gerard_P__Craughwell_-_speech_from_10_Jul___1d0ba0f13a.wav,gerard p. craughwell,Connacht,DAIL
/Users/cianan/Documents/College/GitHub/FYP/Data/segments_clean_lufs10s/5GLfBY_SizU_Senator_Gerard_P__Craughwell_-_speech_from_26_Jun___01711c77d5.wav,gerard p. craughwell,Connacht,DAIL
/Users/cianan/Documents/College/GitHub/FYP/Data/segments_clean_lufs10s/6XGiSJucyBY_Senator_Gerard_P__Craughwell_-_speech_from_10_Oct___4ad5c5654e.wav,gerard p. craughwell,Connacht,DAIL
/Users/cianan/Documents/College/GitHub/FYP/Data/segments_clean_lufs10s/scSzO9rzEF0_Senator_Gerard_P__Craughwell_-_speech_from_2_Oct_2__85fec3b63e.wav,gerard p. craughwell,Connacht,DAIL
/Users/cianan/Documents/College/GitHub/FYP/Data/segments_clean_lufs10s/20GeP6Gv6xQ_Senator_Gerard_P__Craughwell_-_speech_from_16_May___08634bfe74.wav,gerard p. craughwell,Connacht,DAIL
/Users/cianan/Documents/College/GitHub/FYP/Data/segments_clean_lufs10s/4LZmAF6pDfQ_Senator_Gerard_P__Craughwell_-_speech_from_21_May___6f689c8af2.wav,gerard p. craughwell,Connacht,DAIL
/Users/cianan/Documents/College/GitHub/FYP/Data/segments_clean_lufs10s/92Vy6ISLSHo_Senator_Gerard_P__Craughwell_-_speech_from_3_Jul_2__0b6d021a9b.wav,gerard p. craughwell,Connacht,DAIL
/Users/cianan/Documents/College/GitHub/FYP/Data/segments_clean_lufs10s/Gu0Qras11PE_Senator_Gerard_P__Craughwell_-_speech_from_23_Oct___411d356ab2.wav,gerard p. craughwell,Connacht,DAIL
/Users/cianan/Documents/College/GitHub/FYP/Data/segments_clean_lufs10s/Cm6xJxsZBKo_Senator_Gerard_P__Craughwell_-_speech_from_15_May___bf04fb0592.wav,gerard p. craughwell,Connacht,DAIL
/Users/cianan/Documents/College/GitHub/FYP/Data/segments_clean_lufs10s/VXwnZ87lJU8_Senator_Gerard_P__Craughwell_-_speech_from_11_Jul___ea648e7141.wav,gerard p. craughwell,Connacht,DAIL
/Users/cianan/Documents/College/GitHub/FYP/Data/segments_clean_lufs10s/WqHXAjJPwiU_Senator_Gerard_P__Craughwell_-_speech_from_18_Jun___049ade308e.wav,gerard p. craughwell,Connacht,DAIL
/Users/cianan/Documents/College/GitHub/FYP/Data/segments_clean_lufs10s/5iilJMtz5L0_Deputy_Gerry_Adams_-_Topical_Issues_-_19_Jun_2019__30d49f8980.wav,gerry adams,Ulster,DAIL
/Users/cianan/Documents/College/GitHub/FYP/Data/segments_clean_lufs10s/gRkdIAyO0uE_Deputy_Gerry_Adams_-_Questions_on_Promised_Legisla__ff3c4408d0.wav,gerry adams,Ulster,DAIL
/Users/cianan/Documents/College/GitHub/FYP/Data/segments_clean_lufs10s/shEwd-mgJ7Y_Deputy_Gerry_Adams_-_Topical_Issues_-_27_03_2019__aa12bb26bd.wav,gerry adams,Ulster,DAIL
/Users/cianan/Documents/College/GitHub/FYP/Data/segments_clean_lufs10s/jdJuZnyCflQ_Deputy_Gerry_Adams_-_Questions_on_Promised_Legisla__b466ab65fc.wav,gerry adams,Ulster,DAIL
/Users/cianan/Documents/College/GitHub/FYP/Data/segments_clean_lufs10s/SKd0798uTvk_Gerry_Horkan_-_speech_from__10_Apr_2019__9e91eb99db.wav,gerry horkan,Leinster,DAIL
/Users/cianan/Documents/College/GitHub/FYP/Data/segments_clean_lufs10s/bQO7tpQWlV4_Senator_Gerry_Horkan_-_Private_Members__Business_-__eef82df636.wav,gerry horkan,Leinster,DAIL
/Users/cianan/Documents/College/GitHub/FYP/Data/segments_clean_lufs10s/r9eeUmQOyYU_Gerry_Horkan_-_speech_from__17_Apr_2019__e962d5827c.wav,gerry horkan,Leinster,DAIL
/Users/cianan/Documents/College/GitHub/FYP/Data/segments_clean_lufs10s/A307g9WKqic_Senator_Gerry_Horkan_-_speech_from_11_Jun_2019__413668507c.wav,gerry horkan,Leinster,DAIL
/Users/cianan/Documents/College/GitHub/FYP/Data/segments_clean_lufs10s/ZCDrQ5nBPzY_Senator_Gerry_Horkan_-_Order_of_Business_-_8_May_2__77674dbfcf.wav,gerry horkan,Leinster,DAIL
/Users/cianan/Documents/College/GitHub/FYP/Data/segments_clean_lufs10s/mm9IN1vHRYM_Gerry_Horkan_-_speech_from__18_Apr_2019__d130ad57d7.wav,gerry horkan,Leinster,DAIL
/Users/cianan/Documents/College/GitHub/FYP/Data/segments_clean_lufs10s/KJUm8BlXUBo_Senator_Gerry_Horkan_-_speech_from_26_Jun_2019__bbbc1b8fdd.wav,gerry horkan,Leinster,DAIL
/Users/cianan/Documents/College/GitHub/FYP/Data/segments_clean_lufs10s/-2PjYSUck-o_Senator_Gerry_Horkan_-_speech_from_25_Sep_2019__f2451e3698.wav,gerry horkan,Leinster,DAIL
/Users/cianan/Documents/College/GitHub/FYP/Data/segments_clean_lufs10s/hXYjcGaSHxo_Senator_Gerry_Horkan_-_speech_from__09_Apr_2019__4c39985e0b.wav,gerry horkan,Leinster,DAIL
/Users/cianan/Documents/College/GitHub/FYP/Data/segments_clean_lufs10s/keWfL8zLEJU_Senator_Gerry_Horkan_-_Order_of_Business_-_15_May___20726f2cf1.wav,gerry horkan,Leinster,DAIL
/Users/cianan/Documents/College/GitHub/FYP/Data/segments_clean_lufs10s/5CphMvxGD2Q_Senator_Gerry_Horkan_-_speech_from_16_May_2019__47db74535e.wav,gerry horkan,Leinster,DAIL
/Users/cianan/Documents/College/GitHub/FYP/Data/segments_clean_lufs10s/JP8SDrr7BoA_Deputy_Niamh_Smyth_-_Order_of_Business_-_26_03_201__9905c71637.wav,niamh smyth,Ulster,DAIL
/Users/cianan/Documents/College/GitHub/FYP/Data/segments_clean_lufs10s/eWkCabnCvGA_Deputy_Niamh_Smyth_-_Questions_on_Promised_Legisla__a98ffe0334.wav,niamh smyth,Ulster,DAIL
/Users/cianan/Documents/College/GitHub/FYP/Data/segments_clean_lufs10s/Vdt9Ad9kKrw_Fintan_Warfield_-_speech_from__10_Apr_2019__d94eb3a46e.wav,fintan warfield,Leinster,DAIL
/Users/cianan/Documents/College/GitHub/FYP/Data/segments_clean_lufs10s/IPGjLG29wS4_Fintan_Warfield_-_speech_from__18_Apr_2019__bbb38baf4d.wav,fintan warfield,Leinster,DAIL
/Users/cianan/Documents/College/GitHub/FYP/Data/segments_clean_lufs10s/pO4cNTUiCk8_Senator_Fintan_Warfield_-_speech_from_1_Dec_2020__53a9b1f7af.wav,fintan warfield,Leinster,DAIL
/Users/cianan/Documents/College/GitHub/FYP/Data/segments_clean_lufs10s/QWshkeaju1Y_Fintan_Warfield_-_speech_from__18_Apr_2019__af93014e8e.wav,fintan warfield,Leinster,DAIL
/Users/cianan/Documents/College/GitHub/FYP/Data/segments_clean_lufs10s/ZUqtJ2TIiHs_Grace_O_Sullivan_-_speech_from__09_Apr_2019__907e2aeaa6.wav,grace o'sullivan,Munster,DAIL
/Users/cianan/Documents/College/GitHub/FYP/Data/segments_clean_lufs10s/MWA2yRTNg28_Grace_O_Sullivan_-_speech_from__18_Apr_2019__b7b3d6c1de.wav,grace o'sullivan,Munster,DAIL
/Users/cianan/Documents/College/GitHub/FYP/Data/segments_clean_lufs10s/79LWep1rRkk_Grace_O_Sullivan_-_speech_from__09_Apr_2019__028b0eac6d.wav,grace o'sullivan,Munster,DAIL
/Users/cianan/Documents/College/GitHub/FYP/Data/segments_clean_lufs10s/0RSrlVQWSvQ_Deputy_Helen_McEntee_-_Government_Business_-_18_Se__a2033ea862.wav,helen mcentee,Leinster,DAIL
/Users/cianan/Documents/College/GitHub/FYP/Data/segments_clean_lufs10s/NIhVh5FOqNM_Deputy_Helen_McEntee_-_Government_Business_-_19_Ju__be0d7b1f29.wav,helen mcentee,Leinster,DAIL
/Users/cianan/Documents/College/GitHub/FYP/Data/segments_clean_lufs10s/v_IjCWhMbVo_Deputy_Helen_McEntee_-_Government_Business_-_17_04__76b6350141.wav,helen mcentee,Leinster,DAIL
/Users/cianan/Documents/College/GitHub/FYP/Data/segments_clean_lufs10s/va3wMdpWTL8_Deputy_Helen_McEntee_-_Government_Business_-_27_03__6877022b15.wav,helen mcentee,Leinster,DAIL
/Users/cianan/Documents/College/GitHub/FYP/Data/segments_clean_lufs10s/AUwtAn9NL74_Deputy_Helen_McEntee_-_Government_Business_-_06_03__ce396f68df.wav,helen mcentee,Leinster,DAIL
/Users/cianan/Documents/College/GitHub/FYP/Data/segments_clean_lufs10s/zeu_UN_EPTM_Senator_Ian_Marshall_-_speech_from_16_May_2019__1ce56dd071.wav,ian marshall,Ulster,DAIL
/Users/cianan/Documents/College/GitHub/FYP/Data/segments_clean_lufs10s/rQEqXUr3oX8_Ian_Marshall_-_speech_from__09_Apr_2019__84a1d5e89a.wav,ian marshall,Ulster,DAIL
/Users/cianan/Documents/College/GitHub/FYP/Data/segments_clean_lufs10s/VqckuVqWb6A_Senator_Ian_Marshall_-_speech_from_1_Oct_2019__8984d0d77a.wav,ian marshall,Ulster,DAIL
/Users/cianan/Documents/College/GitHub/FYP/Data/segments_clean_lufs10s/fZbffevE5Ak_Senator_Ian_Marshall_-_speech_from_11_Jun_2019__d0b34d7b90.wav,ian marshall,Ulster,DAIL
/Users/cianan/Documents/College/GitHub/FYP/Data/segments_clean_lufs10s/mWuiTfPA2QY_Deputy_Imelda_Munster_-_Other_Questions_-_9_Jul_20__a4cd9061cc.wav,imelda munster,Leinster,DAIL
/Users/cianan/Documents/College/GitHub/FYP/Data/segments_clean_lufs10s/dggP023w4Tg_Deputy_Imelda_Munster_-_Order_of_Business_-_05_03___9d2b93eea9.wav,imelda munster,Leinster,DAIL
/Users/cianan/Documents/College/GitHub/FYP/Data/segments_clean_lufs10s/5NUNrrm2wS4_Deputy_Imelda_Munster_-_Government_Business_-_16_0__0ea12b0a4f.wav,imelda munster,Leinster,DAIL
/Users/cianan/Documents/College/GitHub/FYP/Data/segments_clean_lufs10s/HE38Ipl4Zys_Deputy_Imelda_Munster_-_Government_Business_-_18_S__f87af33313.wav,imelda munster,Leinster,DAIL
/Users/cianan/Documents/College/GitHub/FYP/Data/segments_clean_lufs10s/YpfPKUIQg7c_Deputy_Imelda_Munster_-_Private_Members__Business___a98125444e.wav,imelda munster,Leinster,DAIL
/Users/cianan/Documents/College/GitHub/FYP/Data/segments_clean_lufs10s/j9ZDRN_P3rM_Deputy_Imelda_Munster_-_Private_Members__Business___c406424e38.wav,imelda munster,Leinster,DAIL
/Users/cianan/Documents/College/GitHub/FYP/Data/segments_clean_lufs10s/PDRx5Y_bCNc_Senator_Ivana_Bacik_-_speech_from_28_May_2019__6a3b088808.wav,ivana bacik,Munster,DAIL
/Users/cianan/Documents/College/GitHub/FYP/Data/segments_clean_lufs10s/4vYh0zrY65g_Ivana_Bacik_-_speech_from__09_Apr_2019__5845a7aa3f.wav,ivana bacik,Munster,DAIL
/Users/cianan/Documents/College/GitHub/FYP/Data/segments_clean_lufs10s/R8VrMystYlU_Senator_Ivana_Bacik_-_speech_from_11_Jun_2019__396e022bf9.wav,ivana bacik,Munster,DAIL
/Users/cianan/Documents/College/GitHub/FYP/Data/segments_clean_lufs10s/Mn6Qz5lMGXM_Ivana_Bacik_-_speech_from__18_Apr_2019__e3af2e0b24.wav,ivana bacik,Munster,DAIL
/Users/cianan/Documents/College/GitHub/FYP/Data/segments_clean_lufs10s/O5H73ijkY5k_Ivana_Bacik_-_speech_from__09_Apr_2019__d06353c1eb.wav,ivana bacik,Munster,DAIL
/Users/cianan/Documents/College/GitHub/FYP/Data/segments_clean_lufs10s/4yiZhWwjAdc_Senator_Ivana_Bacik_-_Order_of_Business_-_8_May_20__249640f7ed.wav,ivana bacik,Munster,DAIL
/Users/cianan/Documents/College/GitHub/FYP/Data/segments_clean_lufs10s/N4ZoQf0x0_M_Senator_Ivana_Bacik_-_speech_from_18_Jun_2019__226b74b00f.wav,ivana bacik,Munster,DAIL
/Users/cianan/Documents/College/GitHub/FYP/Data/segments_clean_lufs10s/DutOJJtjM-E_Ivana_Bacik_-_speech_from__10_Apr_2019__fd875913f7.wav,ivana bacik,Munster,DAIL
/Users/cianan/Documents/College/GitHub/FYP/Data/segments_clean_lufs10s/FWwSjL4R0j8_Senator_Ivana_Bacik_-_Private_Members__Business_-___814cf34f38.wav,ivana bacik,Munster,DAIL
/Users/cianan/Documents/College/GitHub/FYP/Data/segments_clean_lufs10s/FLbhq5F-g_A_Senator_Ivana_Bacik_-_speech_from_12_Jul_2019__c0544678b7.wav,ivana bacik,Munster,DAIL
/Users/cianan/Documents/College/GitHub/FYP/Data/segments_clean_lufs10s/ldMMvcyym2U_Ivana_Bacik_-_speech_from__18_Apr_2019__e1fa512328.wav,ivana bacik,Munster,DAIL
/Users/cianan/Documents/College/GitHub/FYP/Data/segments_clean_lufs10s/g_Cb0krVUEA_Senator_Ivana_Bacik_-_speech_from_25_Sep_2019__b7c98962b1.wav,ivana bacik,Munster,DAIL
/Users/cianan/Documents/College/GitHub/FYP/Data/segments_clean_lufs10s/J-KH4rnnIgQ_Senator_Ivana_Bacik_-_speech_from_8_May_2019__c97855ae16.wav,ivana bacik,Munster,DAIL
/Users/cianan/Documents/College/GitHub/FYP/Data/segments_clean_lufs10s/pJ7Ly3tpqyE_Senator_Fintan_Warfield_-_speech_from_24_Sep_2019__c551f64a29.wav,fintan warfield,Leinster,DAIL
/Users/cianan/Documents/College/GitHub/FYP/Data/segments_clean_lufs10s/UoQ_B206r58_Senator_Fintan_Warfield_-_speech_from_23_Oct_2020__0cd506e72a.wav,fintan warfield,Leinster,DAIL
/Users/cianan/Documents/College/GitHub/FYP/Data/segments_clean_lufs10s/w8upNw94JZg_Senator_Fintan_Warfield_-_speech_from_29_Jun_2020__697108f043.wav,fintan warfield,Leinster,DAIL
/Users/cianan/Documents/College/GitHub/FYP/Data/segments_clean_lufs10s/dojpm6Vvgow_Deputy_Jackie_Cahill__-_Private_Members__Business___c0e775847d.wav,jackie cahill,Munster,DAIL
/Users/cianan/Documents/College/GitHub/FYP/Data/segments_clean_lufs10s/uccVtwlpPn0_Deputy_Jackie_Cahill_-_Priority_Questions_-_9_May___838bfc66a9.wav,jackie cahill,Munster,DAIL
/Users/cianan/Documents/College/GitHub/FYP/Data/segments_clean_lufs10s/SBBK2NS9iH8_Deputy_Jackie_Cahill_-_Government_Business_-_17_Se__5945318641.wav,jackie cahill,Munster,DAIL
/Users/cianan/Documents/College/GitHub/FYP/Data/segments_clean_lufs10s/kOrytArzDWw_Deputy_James_Browne_-_Private_Members__Business_-___7cdfdfc69e.wav,james browne,Leinster,DAIL
/Users/cianan/Documents/College/GitHub/FYP/Data/segments_clean_lufs10s/Zd4FB1fcZr0_Deputy_James_Browne_-_Other_Questions_-_27_Jun_201__e8e46cb83c.wav,james browne,Leinster,DAIL
/Users/cianan/Documents/College/GitHub/FYP/Data/segments_clean_lufs10s/007PfoFOkv8_Deputy_James_Browne_-_Private_Members__Business_-___3ac0be8ba4.wav,james browne,Leinster,DAIL
/Users/cianan/Documents/College/GitHub/FYP/Data/segments_clean_lufs10s/YrcHF1rU2e4_Deputy_James_Lawless_-_Order_of_Business_-_12_03_2__87b4d08047.wav,james lawless,Leinster,DAIL
/Users/cianan/Documents/College/GitHub/FYP/Data/segments_clean_lufs10s/JzM3xQ5-tqI_Deputy_James_Lawless_-_Government_Business_-_19_Se__913bcf83c6.wav,james lawless,Leinster,DAIL
/Users/cianan/Documents/College/GitHub/FYP/Data/segments_clean_lufs10s/6StilUKGgAE_Deputy_James_Lawless_-_Government_Business_-_19_Ju__569c1450c1.wav,james lawless,Leinster,DAIL
/Users/cianan/Documents/College/GitHub/FYP/Data/segments_clean_lufs10s/bJ_x3z20h-U_Deputy_James_Lawless_-_Private_Members__Business_-__38616d1622.wav,james lawless,Leinster,DAIL
/Users/cianan/Documents/College/GitHub/FYP/Data/segments_clean_lufs10s/4QZeHGSBKm4_Deputy_James_Lawless_-_Private_Members__Business_-__b92e86e5cf.wav,james lawless,Leinster,DAIL
/Users/cianan/Documents/College/GitHub/FYP/Data/segments_clean_lufs10s/NefPxKEojP8_Senator_James_Reilly_-_speech_from_18_Jun_2019__4aceb0dc5a.wav,james reilly,Leinster,DAIL
/Users/cianan/Documents/College/GitHub/FYP/Data/segments_clean_lufs10s/FW7clWSXv3M_Senator_James_Reilly_-_speech_from_26_Jun_2019__98cbef1701.wav,james reilly,Leinster,DAIL
/Users/cianan/Documents/College/GitHub/FYP/Data/segments_clean_lufs10s/NM0ugzZpD-I_James_Reilly_-_speech_from__09_Apr_2019__998a05b004.wav,james reilly,Leinster,DAIL
/Users/cianan/Documents/College/GitHub/FYP/Data/segments_clean_lufs10s/rzPH0Xpc5xw_Senator_James_Reilly_-_speech_from_29_May_2019__b456edc756.wav,james reilly,Leinster,DAIL
/Users/cianan/Documents/College/GitHub/FYP/Data/segments_clean_lufs10s/LrqdRjxB0Bg_Senator_James_Reilly_-_speech_from_22_May_2019__a00821c515.wav,james reilly,Leinster,DAIL
/Users/cianan/Documents/College/GitHub/FYP/Data/segments_clean_lufs10s/HLGsXYwbxF0_James_Reilly_-_speech_from__16_Apr_2019__cb5085fe52.wav,james reilly,Leinster,DAIL
/Users/cianan/Documents/College/GitHub/FYP/Data/segments_clean_lufs10s/Qzi0yOMN_-g_Senator_James_Reilly_-_speech_from_10_Oct_2019__44acb2ead8.wav,james reilly,Leinster,DAIL
/Users/cianan/Documents/College/GitHub/FYP/Data/segments_clean_lufs10s/pEyM2Icj3hE_James_Reilly__-_speech_from__16_Apr_2019__98ddd6fec8.wav,james reilly,Leinster,DAIL
/Users/cianan/Documents/College/GitHub/FYP/Data/segments_clean_lufs10s/ghuoupQf57U_Deputy_Jan_O_Sullivan_-_Private_Members__Business___98b16b8285.wav,jan o'sullivan,Munster,DAIL
/Users/cianan/Documents/College/GitHub/FYP/Data/segments_clean_lufs10s/NlGQa-4h7-s_Deputy_Jan_O_Sullivan_-_Government_Business_-_10_J__b15aadd6e2.wav,jan o'sullivan,Munster,DAIL
/Users/cianan/Documents/College/GitHub/FYP/Data/segments_clean_lufs10s/LSRR-e3Vgsk_Deputy_Jan_O_Sullivan_-_Private_Members__Business___f006287559.wav,jan o'sullivan,Munster,DAIL
/Users/cianan/Documents/College/GitHub/FYP/Data/segments_clean_lufs10s/hHa0sJbqse4_Deputy_Jan_O_Sullivan_-_Government_Business_-_24_S__c4b56597a0.wav,jan o'sullivan,Munster,DAIL
/Users/cianan/Documents/College/GitHub/FYP/Data/segments_clean_lufs10s/k6yfFGHBm0o_Deputy_Jennifer_Murnane_O_Connor_-_speech_from_1_M__c97caa3f60.wav,jennifer murnane o'connor,Munster,DAIL
/Users/cianan/Documents/College/GitHub/FYP/Data/segments_clean_lufs10s/3h_Pc2EJm0w_Deputy_Jennifer_Murnane_O_Connor_-_speech_from_30___8f32783462.wav,jennifer murnane o'connor,Munster,DAIL
/Users/cianan/Documents/College/GitHub/FYP/Data/segments_clean_lufs10s/M8GCfZ3sD6c_Deputy_Jennifer_Murnane_O_Connor_-_speech_from_2_M__50d5a07976.wav,jennifer murnane o'connor,Munster,DAIL
/Users/cianan/Documents/College/GitHub/FYP/Data/segments_clean_lufs10s/5rGsoGOu4Sc_Deputy_Jennifer_Murnane_O_Connor_-__speech_from_24__62b5895587.wav,jennifer murnane o'connor,Munster,DAIL
/Users/cianan/Documents/College/GitHub/FYP/Data/segments_clean_lufs10s/v5Ms_NhaMgo_Jennifer_Murnane_O_Connor_-_speech_from__09_Apr_20__bd415eb1b9.wav,jennifer murnane o'connor,Munster,DAIL
/Users/cianan/Documents/College/GitHub/FYP/Data/segments_clean_lufs10s/tod-ic6Idy8_Senator_Jennifer_Murnane_O_Connor_-_speech_from_24__8fd0f55f59.wav,jennifer murnane o'connor,Munster,DAIL
/Users/cianan/Documents/College/GitHub/FYP/Data/segments_clean_lufs10s/O-0tJfQjlGs_Deputy_Jennifer_Murnane_O_Connor_-_speech_from_18___bc40c699d1.wav,jennifer murnane o'connor,Munster,DAIL
/Users/cianan/Documents/College/GitHub/FYP/Data/segments_clean_lufs10s/xkjuex1UdT0_Deputy_Jennifer_Murnane_O_Connor_-_speech_from_21___b8a7b0f171.wav,jennifer murnane o'connor,Munster,DAIL
/Users/cianan/Documents/College/GitHub/FYP/Data/segments_clean_lufs10s/BEihjTMr3B0_Deputy_Jennifer_Murnane_O_Connor_-_speech_from_1_M__26136988c9.wav,jennifer murnane o'connor,Munster,DAIL
/Users/cianan/Documents/College/GitHub/FYP/Data/segments_clean_lufs10s/VtgMO7XDCPY_Deputy_Jennifer_Murnane_O_Connor___speech_from_26___c00b93feac.wav,jennifer murnane o'connor,Munster,DAIL
/Users/cianan/Documents/College/GitHub/FYP/Data/segments_clean_lufs10s/BZVGvpusm9k_Deputy_Jennifer_Murnane_O_Connor_-_speech_from_1_M__2be6314691.wav,jennifer murnane o'connor,Munster,DAIL
/Users/cianan/Documents/College/GitHub/FYP/Data/segments_clean_lufs10s/SmFLYbT6qTc_Deputy_Jennifer_Murnane_O_Connor___speech_from_02___069031fbcc.wav,jennifer murnane o'connor,Munster,DAIL
/Users/cianan/Documents/College/GitHub/FYP/Data/segments_clean_lufs10s/mWB1_3CkfoE_Deputy_Jennifer_Murnane_O_Connor_-_speech_from_04___b2d76991c3.wav,jennifer murnane o'connor,Munster,DAIL
/Users/cianan/Documents/College/GitHub/FYP/Data/segments_clean_lufs10s/IpCK4V1vWMg_Deputy_Jennifer_Murnane_O_Connor_-_speech_from_5_M__49511c1e16.wav,jennifer murnane o'connor,Munster,DAIL
/Users/cianan/Documents/College/GitHub/FYP/Data/segments_clean_lufs10s/khD3Hjv3Ltc_Jennifer_Murnane_O_Connor_-_speech_from__17_Apr_20__e416e37a39.wav,jennifer murnane o'connor,Munster,DAIL
/Users/cianan/Documents/College/GitHub/FYP/Data/segments_clean_lufs10s/mkXVFy59IUc_Jennifer_Murnane_O_Connor_-_speech_from__17_Apr_20__9975d9e790.wav,jennifer murnane o'connor,Munster,DAIL
/Users/cianan/Documents/College/GitHub/FYP/Data/segments_clean_lufs10s/c7j1aeU7c3U_Deputy_Jennifer_Murnane_O_Connor___speech_from_13___a01cf3920c.wav,jennifer murnane o'connor,Munster,DAIL
/Users/cianan/Documents/College/GitHub/FYP/Data/segments_clean_lufs10s/8iHi42AuLAQ_Deputy_Jennifer_Murnane_O_Connor_-__speech_from_24__394e3b22f4.wav,jennifer murnane o'connor,Munster,DAIL
/Users/cianan/Documents/College/GitHub/FYP/Data/segments_clean_lufs10s/83o-urjBbfA_Deputy_Jennifer_Murnane_O_Connor_-_speech_from_2_M__be96cff89d.wav,jennifer murnane o'connor,Munster,DAIL
/Users/cianan/Documents/College/GitHub/FYP/Data/segments_clean_lufs10s/d1DjvxF6C8c_Senator_Jennifer_O_Connor_-_speech_from_13_Jun_201__1c7483e1be.wav,jennifer o'connor,Munster,DAIL
/Users/cianan/Documents/College/GitHub/FYP/Data/segments_clean_lufs10s/2MmQUyQEm5Q_Senator_Jennifer_O_Connor_-_speech_from_-_14_May_2__6eaef90857.wav,jennifer o'connor,Munster,DAIL
/Users/cianan/Documents/College/GitHub/FYP/Data/segments_clean_lufs10s/HUkQl9G3S4M_Senator_Jennifer_O_Connor_-_speech_from_30_May_201__6f455ef8a8.wav,jennifer o'connor,Munster,DAIL
/Users/cianan/Documents/College/GitHub/FYP/Data/segments_clean_lufs10s/AYZtZph4G7Y_Jerry_Buttimer_-_speech_from__10_Apr_2019__f235387e9b.wav,jerry buttimer,Munster,DAIL
/Users/cianan/Documents/College/GitHub/FYP/Data/segments_clean_lufs10s/D2DTLByphG4_Jerry_Buttimer_-_speech_from__17_Apr_2019__e67b13dadf.wav,jerry buttimer,Munster,DAIL
/Users/cianan/Documents/College/GitHub/FYP/Data/segments_clean_lufs10s/29BAAIArCSY_Jerry_Buttimer_-_speech_from__10_Apr_2019__7e66f6ab5b.wav,jerry buttimer,Munster,DAIL
/Users/cianan/Documents/College/GitHub/FYP/Data/segments_clean_lufs10s/9c6DOw_RESg_Jerry_Buttimer_-_speech_from__09_Apr_2019__88f84a73b8.wav,jerry buttimer,Munster,DAIL
/Users/cianan/Documents/College/GitHub/FYP/Data/segments_clean_lufs10s/m1CDZP9xZJU_Senator_Jerry_Buttimer_-_Order_of_Business_-_14_Ma__b95127eb3b.wav,jerry buttimer,Munster,DAIL
/Users/cianan/Documents/College/GitHub/FYP/Data/segments_clean_lufs10s/ewXHRWS9PFk_Jerry_Buttimer_-_speech_from__17_Apr_2019__e5ea264d25.wav,jerry buttimer,Munster,DAIL
/Users/cianan/Documents/College/GitHub/FYP/Data/segments_clean_lufs10s/wN7bydBEM_c_Senator_Jerry_Buttimer_-_speech_from_16_May_2019__f3778c1511.wav,jerry buttimer,Munster,DAIL
/Users/cianan/Documents/College/GitHub/FYP/Data/segments_clean_lufs10s/BmyA97s9S4w_Senator_Jerry_Buttimer_-_Order_of_Business_-_8_May__bd3054437d.wav,jerry buttimer,Munster,DAIL
/Users/cianan/Documents/College/GitHub/FYP/Data/segments_clean_lufs10s/wYehXWBnq_s_Senator_Jerry_Buttimer_-_speech_from_21_May_2019__66a88b7271.wav,jerry buttimer,Munster,DAIL
/Users/cianan/Documents/College/GitHub/FYP/Data/segments_clean_lufs10s/CBSA9nPi3fk_Senator_Jerry_Buttimer_-_speech_from_25_Sep_2019__a920b32416.wav,jerry buttimer,Munster,DAIL
/Users/cianan/Documents/College/GitHub/FYP/Data/segments_clean_lufs10s/QdK4fQStg1M_Jerry_Buttimer_-_speech_from__17_Apr_2019__439c9a03ba.wav,jerry buttimer,Munster,DAIL
/Users/cianan/Documents/College/GitHub/FYP/Data/segments_clean_lufs10s/SF1KO0Utm4E_Senator_Jerry_Buttimer_-_Order_of_Business_-_8_May__62b2117915.wav,jerry buttimer,Munster,DAIL
/Users/cianan/Documents/College/GitHub/FYP/Data/segments_clean_lufs10s/uoB4kx0brIg_Senator_Jerry_Buttimer_-_speech_from_29_May_2019__fcbaf95051.wav,jerry buttimer,Munster,DAIL
/Users/cianan/Documents/College/GitHub/FYP/Data/segments_clean_lufs10s/42H3nbuBmf4_Jerry_Buttimer_-_speech_from__18_Apr_2019__0f77998fd5.wav,jerry buttimer,Munster,DAIL
/Users/cianan/Documents/College/GitHub/FYP/Data/segments_clean_lufs10s/PzsZxchuaQw_Fintan_Warfield_-_speech_from__09_Apr_2019__f2069a80d9.wav,fintan warfield,Leinster,DAIL
/Users/cianan/Documents/College/GitHub/FYP/Data/segments_clean_lufs10s/fETEW4mE2vU_Deputy_Jim_O_Callaghan_-_Government_Business_-_14___5935d2b4fe.wav,jim o'callaghan,Leinster,DAIL
/Users/cianan/Documents/College/GitHub/FYP/Data/segments_clean_lufs10s/lQdgTRXItZg_Deputy_Jim_O_Callaghan_-_Government_Business_-_06___c4eefd0326.wav,jim o'callaghan,Leinster,DAIL
/Users/cianan/Documents/College/GitHub/FYP/Data/segments_clean_lufs10s/uYe-TYqMd1E_Deputy_Jim_O_Callaghan_-_Government_Business_-_10___569de710de.wav,jim o'callaghan,Leinster,DAIL
/Users/cianan/Documents/College/GitHub/FYP/Data/segments_clean_lufs10s/zM-kNAvrC_g_Deputy_Jim_O_Callaghan_-_Government_Business_-_19___67d34bd8e6.wav,jim o'callaghan,Leinster,DAIL
/Users/cianan/Documents/College/GitHub/FYP/Data/segments_clean_lufs10s/u2FaQpnRlPw_Deputy_Jim_O_Callaghan_-_Private_Members__Business__326243960a.wav,jim o'callaghan,Leinster,DAIL
/Users/cianan/Documents/College/GitHub/FYP/Data/segments_clean_lufs10s/D-8OtppmBAk_Deputy_Joan_Burton_-_Government_Business_-_18_04_2__af71c5f55c.wav,joan burton,Leinster,DAIL
/Users/cianan/Documents/College/GitHub/FYP/Data/segments_clean_lufs10s/MizvpUX7rFo_Deputy_Joan_Burton_-_Priority_Questions_-_10_04_20__43a211cb97.wav,joan burton,Leinster,DAIL
/Users/cianan/Documents/College/GitHub/FYP/Data/segments_clean_lufs10s/ICr6y_SVobQ_Deputy_Joan_Burton_-_Other_Questions_-_17_04_2019__c1e6dace74.wav,joan burton,Leinster,DAIL
/Users/cianan/Documents/College/GitHub/FYP/Data/segments_clean_lufs10s/0x6A21LQebI_Deputy_Joan_Burton_-_Order_of_Business_-_8_May_201__9fbc91eefa.wav,joan burton,Leinster,DAIL
/Users/cianan/Documents/College/GitHub/FYP/Data/segments_clean_lufs10s/9wZBpH0x8y8_Deputy_Joan_Burton_-_Other_Questions_-_8_May_2019__5112f07730.wav,joan burton,Leinster,DAIL
/Users/cianan/Documents/College/GitHub/FYP/Data/segments_clean_lufs10s/IchlwI_aOFY_Deputy_Joan_Burton_-_Topical_Issues_-_06_03_2019__fa6ed75ead.wav,joan burton,Leinster,DAIL
/Users/cianan/Documents/College/GitHub/FYP/Data/segments_clean_lufs10s/EfkElAqTkmM_Deputy_Joan_Burton_-_Other_Questions_-_18_04_2019__5f65d9672e.wav,joan burton,Leinster,DAIL
/Users/cianan/Documents/College/GitHub/FYP/Data/segments_clean_lufs10s/J-J-Pe2crHA_Deputy_Joan_Burton_-_Other_Questions_-_17_04_2019__0ac3b9bbd9.wav,joan burton,Leinster,DAIL
/Users/cianan/Documents/College/GitHub/FYP/Data/segments_clean_lufs10s/zUEtJc_RwUo_Deputy_Joan_Burton_-_Taoiseach_s_Questions_-_05_03__95f5b3454d.wav,joan burton,Leinster,DAIL
/Users/cianan/Documents/College/GitHub/FYP/Data/segments_clean_lufs10s/q7a50YAMSe0_Deputy_Joan_Burton_-_Questions_on_Promised_Legisla__791ed98d43.wav,joan burton,Leinster,DAIL
/Users/cianan/Documents/College/GitHub/FYP/Data/segments_clean_lufs10s/cJC0Wb1vD6c_Deputy_Joan_Burton_-_Taoiseach_s_Questions_-_17_Se__868d85d6cc.wav,joan burton,Leinster,DAIL
/Users/cianan/Documents/College/GitHub/FYP/Data/segments_clean_lufs10s/L0azMtYzx1o_Deputy_Joan_Burton_-_Other_Questions_-_06_03_2019__cb7b8fb144.wav,joan burton,Leinster,DAIL
/Users/cianan/Documents/College/GitHub/FYP/Data/segments_clean_lufs10s/VRenIaYn0IY_Deputy_Joan_Burton_-_Taoiseach_s_Questions_-_16_04__91ea1537ec.wav,joan burton,Leinster,DAIL
/Users/cianan/Documents/College/GitHub/FYP/Data/segments_clean_lufs10s/wgs8saCjPv0_Deputy_Joan_Burton_-_Other_Questions_-_8_May_2019__1318fdb523.wav,joan burton,Leinster,DAIL
/Users/cianan/Documents/College/GitHub/FYP/Data/segments_clean_lufs10s/VivXCc_diIM_Deputy_Joan_Burton_-_Other_Questions_-_05_03_2019__b0a456471c.wav,joan burton,Leinster,DAIL
/Users/cianan/Documents/College/GitHub/FYP/Data/segments_clean_lufs10s/eIAdxXvL3vs_Deputy_Joan_Burton_-_Taoiseach_s_Questions_-_17_04__7cb42ec91b.wav,joan burton,Leinster,DAIL
/Users/cianan/Documents/College/GitHub/FYP/Data/segments_clean_lufs10s/jbWhOa34tSU_Deputy_Joan_Burton_-_Priority_Questions_-_05_03_20__aff8b225c5.wav,joan burton,Leinster,DAIL
/Users/cianan/Documents/College/GitHub/FYP/Data/segments_clean_lufs10s/YWSjrpGg7Z0_Deputy_Joan_Burton_-_Priority_Questions_-_17_04_20__547620fbf4.wav,joan burton,Leinster,DAIL
/Users/cianan/Documents/College/GitHub/FYP/Data/segments_clean_lufs10s/uE9Wq-EsxFU_Deputy_Joan_Burton_-_Topical_Issues_-_8_May_2019__97b5ba0e6b.wav,joan burton,Leinster,DAIL
/Users/cianan/Documents/College/GitHub/FYP/Data/segments_clean_lufs10s/a7Eij5GgEXE_Deputy_Joan_Burton_-_Private_Members__Business_-_1__a1287de8f0.wav,joan burton,Leinster,DAIL
/Users/cianan/Documents/College/GitHub/FYP/Data/segments_clean_lufs10s/hKf1GnV94cA_Deputy_Joan_Burton_-_Priority_Questions_-_8_May_20__39ccd23655.wav,joan burton,Leinster,DAIL
/Users/cianan/Documents/College/GitHub/FYP/Data/segments_clean_lufs10s/g7LHmISDBpY_Deputy_Joan_Burton_-_Taoiseach_s_Questions_-_17_04__eed2f51266.wav,joan burton,Leinster,DAIL
/Users/cianan/Documents/College/GitHub/FYP/Data/segments_clean_lufs10s/fDjnKM99AbU_Deputy_Joan_Burton_-_Taoiseach_s_Questions_-_16_04__9b769b2404.wav,joan burton,Leinster,DAIL
/Users/cianan/Documents/College/GitHub/FYP/Data/segments_clean_lufs10s/8P9NwqciYrA_Deputy_Joan_Collins_-_Private_Members__Business_-___feac4398cb.wav,joan collins,Leinster,DAIL
/Users/cianan/Documents/College/GitHub/FYP/Data/segments_clean_lufs10s/IdoSCuhsxuA_Deputy_Joan_Collins_-_Private_Members__Business_-___de7b12dbdf.wav,joan collins,Leinster,DAIL
/Users/cianan/Documents/College/GitHub/FYP/Data/segments_clean_lufs10s/bLkSZtHqhcg_Deputy_Joan_Collins_-_Leaders__Questions_-_07_03_2__3fc70c948d.wav,joan collins,Leinster,DAIL
/Users/cianan/Documents/College/GitHub/FYP/Data/segments_clean_lufs10s/hiu1QoluYnc_Deputy_Joan_Collins_-_Questions_on_Promised_Legisl__2e4104eba8.wav,joan collins,Leinster,DAIL
/Users/cianan/Documents/College/GitHub/FYP/Data/segments_clean_lufs10s/jUs8CW81SVE_Deputy_Joan_Collins_-_Private_Members__Business_-___8fc3387da4.wav,joan collins,Leinster,DAIL
/Users/cianan/Documents/College/GitHub/FYP/Data/segments_clean_lufs10s/ZRad6NrTpUE_Fintan_Warfield_-_speech_from__09_Apr_2019__ca227851c4.wav,fintan warfield,Leinster,DAIL
/Users/cianan/Documents/College/GitHub/FYP/Data/segments_clean_lufs10s/NLLB4N73NjQ_Senator_Fintan_Warfield_-_speech_from_21_May_2019__476d03b04d.wav,fintan warfield,Leinster,DAIL
/Users/cianan/Documents/College/GitHub/FYP/Data/segments_clean_lufs10s/koi_TL5t2YE_Deputy_Joe_Carey_-_Other_Questions_-_27_Jun_2019__76a68e0ff1.wav,joe carey,Munster,DAIL
/Users/cianan/Documents/College/GitHub/FYP/Data/segments_clean_lufs10s/wZCKR0CNlYM_Deputy_Joe_Carey_-_Fine_Gael_-_speech_from_20_May___091103dbbe.wav,joe carey,Munster,DAIL
/Users/cianan/Documents/College/GitHub/FYP/Data/segments_clean_lufs10s/AET9mVTW_uE_Deputy_Joe_Carrey-_speech_from_24_Mar_2022__884db06607.wav,joe carrey,Munster,DAIL
/Users/cianan/Documents/College/GitHub/FYP/Data/segments_clean_lufs10s/JrlDAbfSg7w_Deputy_Joe_Flaherty_-_speech_from_13_May_2021__16ee6b8a45.wav,joe flaherty,Leinster,DAIL
/Users/cianan/Documents/College/GitHub/FYP/Data/segments_clean_lufs10s/4cH6OxnN-ag_Deputy_Joe_McHugh_-_Government_Business_-_05_03_20__8b1b916358.wav,joe mchugh,Ulster,DAIL
/Users/cianan/Documents/College/GitHub/FYP/Data/segments_clean_lufs10s/F0NnjUCUB80_Deputy_Joe_McHugh-_speech_from_1_Apr_2021__6e6707fce6.wav,joe mchugh,Ulster,DAIL
/Users/cianan/Documents/College/GitHub/FYP/Data/segments_clean_lufs10s/bQZiE-OWCdU_Deputy_Joe_McHugh_-_Government_Business_-_10_Jul_2__7805cca44c.wav,joe mchugh,Ulster,DAIL
/Users/cianan/Documents/College/GitHub/FYP/Data/segments_clean_lufs10s/iQbqM_AkW54_Senator__Joe_O_Reilly-_speech_from_1_Mar_2022__ffe3a1e8d5.wav,joe o'reilly,Ulster,DAIL
/Users/cianan/Documents/College/GitHub/FYP/Data/segments_clean_lufs10s/xpAClrutGyU_Senator_Joe_O_Reilly-_speech_from_20_Jan_2022__b9feb8591d.wav,joe o'reilly,Ulster,DAIL
/Users/cianan/Documents/College/GitHub/FYP/Data/segments_clean_lufs10s/zxJTrKpe5gI_Senator_Joe_O_Reilly-_speech_from_26_Jan_2022__ea624ceabf.wav,joe o'reilly,Ulster,DAIL
/Users/cianan/Documents/College/GitHub/FYP/Data/segments_clean_lufs10s/R0GDWakL-k0_Senator_Joe_O_Reilly-_speech_from_22_Feb_2022__35cd962588.wav,joe o'reilly,Ulster,DAIL
/Users/cianan/Documents/College/GitHub/FYP/Data/segments_clean_lufs10s/aUhJhV_WZMs_Senator_Joe_O_Reilly-_speech_from_21_Sep_2021__083528e753.wav,joe o'reilly,Ulster,DAIL
/Users/cianan/Documents/College/GitHub/FYP/Data/segments_clean_lufs10s/kLFKUDicPfo_Senator_Joe_O_Reilly_-_speech_from_1_Mar_2022__8602039582.wav,joe o'reilly,Ulster,DAIL
/Users/cianan/Documents/College/GitHub/FYP/Data/segments_clean_lufs10s/yZgMiFxmlwc_Senator_Joe_O_Reilly-_speech_from_19_Oct_2021__6ffc4b7a2c.wav,joe o'reilly,Ulster,DAIL
/Users/cianan/Documents/College/GitHub/FYP/Data/segments_clean_lufs10s/9Q1IXfZhU9g_Senator_Joe_O_Reilly-_speech_from_14_Dec_2021__a020503295.wav,joe o'reilly,Ulster,DAIL
/Users/cianan/Documents/College/GitHub/FYP/Data/segments_clean_lufs10s/ybUJgFEZe_I_Senator_Joe_O_Reilly-_speech_from_1_Mar_2021__63156483f5.wav,joe o'reilly,Ulster,DAIL
/Users/cianan/Documents/College/GitHub/FYP/Data/segments_clean_lufs10s/bDKySjwhue0_Senator_Joe_O_Reilly-_speech_from_22_Feb_2021__4ebb4dff0a.wav,joe o'reilly,Ulster,DAIL
/Users/cianan/Documents/College/GitHub/FYP/Data/segments_clean_lufs10s/_GTDxA6EBuw_Senator__Joe_O_Reilly-_speech_from_2_Dec_2021__433b0c495f.wav,joe o'reilly,Ulster,DAIL
/Users/cianan/Documents/College/GitHub/FYP/Data/segments_clean_lufs10s/K2_0U5YBeQw_Senator_Joe_O_Reilly-_speech_from_8_Mar_2021__eb926ec2d7.wav,joe o'reilly,Ulster,DAIL
/Users/cianan/Documents/College/GitHub/FYP/Data/segments_clean_lufs10s/32Vejqtx39E_Senator_Joe_O_Reilly__-_Fine_Gael_-_speech_from_4___c1753344df.wav,joe o'reilly,Ulster,DAIL
/Users/cianan/Documents/College/GitHub/FYP/Data/segments_clean_lufs10s/Q1ddsK4zbuI_Senator_Joe_O_Reilly_-_speech_from_1_May__10433f23de.wav,joe o'reilly,Ulster,DAIL
/Users/cianan/Documents/College/GitHub/FYP/Data/segments_clean_lufs10s/EI64IfA_WLI_Senator_Joe_O_Reilly-_Fine_Gael_-speech_from_31May__f829a9ce6b.wav,joe o'reilly,Ulster,DAIL
/Users/cianan/Documents/College/GitHub/FYP/Data/segments_clean_lufs10s/dcwN9SibpQw_Senator_Joe_O_Reilly-_speech_from_10_Mar_2022__05f9fe240d.wav,joe o'reilly,Ulster,DAIL
/Users/cianan/Documents/College/GitHub/FYP/Data/segments_clean_lufs10s/BRb7Qg0rbwU_Senator_Joe_O_Reilly-_speech_from_15_Jun_2021__2343588028.wav,joe o'reilly,Ulster,DAIL
/Users/cianan/Documents/College/GitHub/FYP/Data/segments_clean_lufs10s/ebsi8HWr8Hg_Senator_Joe_O_Reilly-_speech_from_1_Dec_2021__fdf99531ba.wav,joe o'reilly,Ulster,DAIL
/Users/cianan/Documents/College/GitHub/FYP/Data/segments_clean_lufs10s/k06SW5wiFII_Senator__Joe_O_Reilly_-_speech_from_4_May_2021__c24906f3f1.wav,joe o'reilly,Ulster,DAIL
/Users/cianan/Documents/College/GitHub/FYP/Data/segments_clean_lufs10s/Ygm8VZnT6Ek_Senator_Joe_O_Reilly_-_speech_from_15_Jul_2021__121409bcac.wav,joe o'reilly,Ulster,DAIL
/Users/cianan/Documents/College/GitHub/FYP/Data/segments_clean_lufs10s/_oWju6ekIZk_Senator_Joe_O_Reilly_-_speech_from_18_Nov_2021__6cfa74c746.wav,joe o'reilly,Ulster,DAIL
/Users/cianan/Documents/College/GitHub/FYP/Data/segments_clean_lufs10s/hqUaqW471as_Senator_Joe_O_Reilly_-_speech_from_25_Sep_2019__93b4e57675.wav,joe o'reilly,Ulster,DAIL
/Users/cianan/Documents/College/GitHub/FYP/Data/segments_clean_lufs10s/GCqZ8PNE50g_Senator_Joe_O_Reilly_-_speech_from_15_Dec_2020__cd1405f18d.wav,joe o'reilly,Ulster,DAIL
/Users/cianan/Documents/College/GitHub/FYP/Data/segments_clean_lufs10s/NM1sQpncOC0_Senator_Joe_O_Reilly_-_speech_from_15_Jun_2021__d33044c520.wav,joe o'reilly,Ulster,DAIL
/Users/cianan/Documents/College/GitHub/FYP/Data/segments_clean_lufs10s/m8v_s4RR2LM_Senator_Joe_O_Reilly_-_speech_from_21_Jun_2021__ae19d114c4.wav,joe o'reilly,Ulster,DAIL
/Users/cianan/Documents/College/GitHub/FYP/Data/segments_clean_lufs10s/mkKZgKXd8dQ_Senator_Joe_O_Reilly_-_speech_from_29_Mar_2021__612950596b.wav,joe o'reilly,Ulster,DAIL
/Users/cianan/Documents/College/GitHub/FYP/Data/segments_clean_lufs10s/TQvaOx2aak0_Senator_Joe_O_Reilly-_speech_from_8_Feb_2022__b52bee49d1.wav,joe o'reilly,Ulster,DAIL
/Users/cianan/Documents/College/GitHub/FYP/Data/segments_clean_lufs10s/TXNjJqyg8so_Senator_Joe_O_Reilly-_speech_from_9_Nov_2021__0720a52168.wav,joe o'reilly,Ulster,DAIL
/Users/cianan/Documents/College/GitHub/FYP/Data/segments_clean_lufs10s/V_VgeL32f4Y_Senator_Joe_O_Reilly_-_speech_from_18_Oct_2023__985084e86b.wav,joe o'reilly,Ulster,DAIL
/Users/cianan/Documents/College/GitHub/FYP/Data/segments_clean_lufs10s/h0LhDTjyUQ8_Senator_Joe_O_Reilly-_Fine_Gael_-speech_from_31May__8561c086a1.wav,joe o'reilly,Ulster,DAIL
/Users/cianan/Documents/College/GitHub/FYP/Data/segments_clean_lufs10s/CU1D-DF43Ws_Senator__Joe_O_Reilly-_speech_from_6_Jul_2021__27c0c91ec5.wav,joe o'reilly,Ulster,DAIL
/Users/cianan/Documents/College/GitHub/FYP/Data/segments_clean_lufs10s/fF_zNwxen48_Senator_Joe_O_Reilly_-_speech_from_31_Aug_2021__5b4d4928d9.wav,joe o'reilly,Ulster,DAIL
/Users/cianan/Documents/College/GitHub/FYP/Data/segments_clean_lufs10s/NuPBOBMfpJo_Senator_Joe_O_Reilly_-_speech_from_24_Sep_2019__dd0f1e4cd4.wav,joe o'reilly,Ulster,DAIL
/Users/cianan/Documents/College/GitHub/FYP/Data/segments_clean_lufs10s/DQDZig3brDk_Senator_Joe_O_Reilly_-_speech_from_18_Dec_2020__71d6aacbaa.wav,joe o'reilly,Ulster,DAIL
/Users/cianan/Documents/College/GitHub/FYP/Data/segments_clean_lufs10s/Rlp1dNfboFE_Senator_Joe_O_Reilly_-_speech_from_26_Jan_2021__f7069e4b19.wav,joe o'reilly,Ulster,DAIL
/Users/cianan/Documents/College/GitHub/FYP/Data/segments_clean_lufs10s/Br_cl5uhZuc_Senator_Joe_O_Reilly_-_speech_from_26_Jan_2021__215bee79f6.wav,joe o'reilly,Ulster,DAIL
/Users/cianan/Documents/College/GitHub/FYP/Data/segments_clean_lufs10s/i6NJcMJvdmA_Senator_Joe_O_Reilly_-_speech_from_2_Jun_2022__cdae52df46.wav,joe o'reilly,Ulster,DAIL
/Users/cianan/Documents/College/GitHub/FYP/Data/segments_clean_lufs10s/yUGwRBTmP6A_Senator_Joe_O_Reilly-_speech_from_14_Oct_2021__cf1f87dfb7.wav,joe o'reilly,Ulster,DAIL
/Users/cianan/Documents/College/GitHub/FYP/Data/segments_clean_lufs10s/pDIocus6oxs_Senator_Joe_O_Reilly_-_speech_from_22_Mar_2021__a9d4136e54.wav,joe o'reilly,Ulster,DAIL
/Users/cianan/Documents/College/GitHub/FYP/Data/segments_clean_lufs10s/B9Fnwo3oVDA_Senator_Joe_O_Reilly_-_speech_from_7_Sept_2021__72f7fba08d.wav,joe o'reilly,Ulster,DAIL
/Users/cianan/Documents/College/GitHub/FYP/Data/segments_clean_lufs10s/2z7OtIvsPZ4_Senator_Joe_O_Reilly-_speech_from_15_Jul_2021__0d015d9028.wav,joe o'reilly,Ulster,DAIL
/Users/cianan/Documents/College/GitHub/FYP/Data/segments_clean_lufs10s/MHHQB9dYdUE_Senator_Joe_O_Reilly-_speech_from_8_Dec_2021__631d978e64.wav,joe o'reilly,Ulster,DAIL
/Users/cianan/Documents/College/GitHub/FYP/Data/segments_clean_lufs10s/jH5sKBb2sXM_Senator_Joe_O_Reilly_-_speech_from_28_Feb_2023__e4d2aad2f6.wav,joe o'reilly,Ulster,DAIL
/Users/cianan/Documents/College/GitHub/FYP/Data/segments_clean_lufs10s/wvxcszdtkog_Senator_Joe_O_Reilly_-_speech_from_8_Jun_2021__c616f5b633.wav,joe o'reilly,Ulster,DAIL
/Users/cianan/Documents/College/GitHub/FYP/Data/segments_clean_lufs10s/PPy0IVN6w7I_Senator_Joe_O_Reilly-_Fine_Gael_-_speech_from_17_M__f13c94ddd1.wav,joe o'reilly,Ulster,DAIL
/Users/cianan/Documents/College/GitHub/FYP/Data/segments_clean_lufs10s/CYGAwqr12ac_Senator_Joe_O_Reilly-_speech_from_23_Mar_2022__b0f108de3f.wav,joe o'reilly,Ulster,DAIL
/Users/cianan/Documents/College/GitHub/FYP/Data/segments_clean_lufs10s/JNia2cCTjVk_Senator_Joe_O_Reilly--_speech_from_5_Apr_2022__eaacc0412d.wav,joe o'reilly,Ulster,DAIL
/Users/cianan/Documents/College/GitHub/FYP/Data/segments_clean_lufs10s/H2-THxZAwf8_Senator_Joe_O_Reilly_-_Fine_Gael_-_speech_from_23___6549786f54.wav,joe o'reilly,Ulster,DAIL
/Users/cianan/Documents/College/GitHub/FYP/Data/segments_clean_lufs10s/kJQqOqw3rMM_Senator_Joe_O_Reilly_-_Fine_Gael_-_speech_from_26___99eab8c075.wav,joe o'reilly,Ulster,DAIL
/Users/cianan/Documents/College/GitHub/FYP/Data/segments_clean_lufs10s/O0y9chPZcfo_Senator_Joe_O_Reilly-_speech_from_25_Jan_2022__d7aa5d751b.wav,joe o'reilly,Ulster,DAIL
/Users/cianan/Documents/College/GitHub/FYP/Data/segments_clean_lufs10s/PGnQ7yehsio_Senator_Joe_O_Reilly-_speech_from_15_Dec_2021__e3e2f834b0.wav,joe o'reilly,Ulster,DAIL
/Users/cianan/Documents/College/GitHub/FYP/Data/segments_clean_lufs10s/Bt-lY4K_7U4_Senator_Joe_O_Reilly-_speech_from_19_Oct_2021__c06ba9ec0c.wav,joe o'reilly,Ulster,DAIL
/Users/cianan/Documents/College/GitHub/FYP/Data/segments_clean_lufs10s/NP4R-nVniRg_Senator_Joe_O_Reilly-_speech_from_12_Feb_2021__b049064a7f.wav,joe o'reilly,Ulster,DAIL
/Users/cianan/Documents/College/GitHub/FYP/Data/segments_clean_lufs10s/fJ04f4M6eZA_Senator_Joe_O_Reilly-_speech_from_9_Feb_2022__10f3b46caf.wav,joe o'reilly,Ulster,DAIL
/Users/cianan/Documents/College/GitHub/FYP/Data/segments_clean_lufs10s/B6EvpQZqahg_Senator_Joe_O_Reilly__-_speech_from_10_Nov_2021__7066763cc3.wav,joe o'reilly,Ulster,DAIL
/Users/cianan/Documents/College/GitHub/FYP/Data/segments_clean_lufs10s/I4nxz-Czf18_Senator_Joe_O_Reilly-_speech_from_8_Feb_2022__c82a1492d4.wav,joe o'reilly,Ulster,DAIL
/Users/cianan/Documents/College/GitHub/FYP/Data/segments_clean_lufs10s/ZNoWNW5T6vA_Senator_Joe_O_Reilly_-_speech_from_3_Dec_2020__756da00ed3.wav,joe o'reilly,Ulster,DAIL
/Users/cianan/Documents/College/GitHub/FYP/Data/segments_clean_lufs10s/VlS5x6B9Y8o_Senator_Joe_O_Reilly_-_speech_from_29_Jun_2020__367492e22b.wav,joe o'reilly,Ulster,DAIL
/Users/cianan/Documents/College/GitHub/FYP/Data/segments_clean_lufs10s/oML6ruK7Kk0_Senator_Joe_O_Reilly_-_speech_from_2_Feb_2022__222106526f.wav,joe o'reilly,Ulster,DAIL
/Users/cianan/Documents/College/GitHub/FYP/Data/segments_clean_lufs10s/XAA8WNlJcrA_Senator_Joe_O_Reilly_-_Fine_Gael_-_speech_from_23___cfbea23111.wav,joe o'reilly,Ulster,DAIL
/Users/cianan/Documents/College/GitHub/FYP/Data/segments_clean_lufs10s/LzmpyIaN4nY_Senator_Joe_O_Reilly_-_speech_from_17_Jul_2020__5c4c6a3e2f.wav,joe o'reilly,Ulster,DAIL
/Users/cianan/Documents/College/GitHub/FYP/Data/segments_clean_lufs10s/8t-5p29FTsg_Senator_Joe_O_Reilly-_speech_from_26_Mar_2021__07ad45d3ac.wav,joe o'reilly,Ulster,DAIL
/Users/cianan/Documents/College/GitHub/FYP/Data/segments_clean_lufs10s/h8TSe8UKHpw_Senator_Joe_O_Reilly_-_speech_from_14_Jul_2021__79bc57c009.wav,joe o'reilly,Ulster,DAIL
/Users/cianan/Documents/College/GitHub/FYP/Data/segments_clean_lufs10s/Zx0E4dH-iT0_Senator_Joe_O_Reilly-_speech_from_8_Mar_2021__28b123ed57.wav,joe o'reilly,Ulster,DAIL
/Users/cianan/Documents/College/GitHub/FYP/Data/segments_clean_lufs10s/O6m1RGTfqok_Senator_Joe_O_Reilly_-_speech_from_23_Mar_2022__d43468cf1b.wav,joe o'reilly,Ulster,DAIL
/Users/cianan/Documents/College/GitHub/FYP/Data/segments_clean_lufs10s/DI9w_MCGSl4_Senator_Joe_O_Reilly-_Fine_Gael_-speech_from_17_Ma__d48cb6bd23.wav,joe o'reilly,Ulster,DAIL
/Users/cianan/Documents/College/GitHub/FYP/Data/segments_clean_lufs10s/kQau7QOzFBk_Deputy_Joe_O_Reilly_-_speech_from_28_Jul_2020__01b6f365db.wav,joe o'reilly,Ulster,DAIL
/Users/cianan/Documents/College/GitHub/FYP/Data/segments_clean_lufs10s/QByGf5mjGD4_Senator_Joe_O_Reilly_-_speech_from_22_Jun_2021__8c851758d5.wav,joe o'reilly,Ulster,DAIL
/Users/cianan/Documents/College/GitHub/FYP/Data/segments_clean_lufs10s/xtHYycvAgbE_Senator_Joe_O_Reilly-_speech_from_06_Oct_2021__9fa79f11e4.wav,joe o'reilly,Ulster,DAIL
/Users/cianan/Documents/College/GitHub/FYP/Data/segments_clean_lufs10s/RtAuJzCEQ9Q_Senator__Joe_O_Reilly-_Fine_Gael-speech_from_25_Ju__8c241f017f.wav,joe o'reilly,Ulster,DAIL
/Users/cianan/Documents/College/GitHub/FYP/Data/segments_clean_lufs10s/icMIoEMrVt4_Senator_Joe_O_Reilly_-_speech_from_05_Oct_2021__2337666c53.wav,joe o'reilly,Ulster,DAIL
/Users/cianan/Documents/College/GitHub/FYP/Data/segments_clean_lufs10s/gj5xhbVpDsw_Senator_Joe_O_Reilly_-_speech_from_3_Jul_2019__c1def0fc56.wav,joe o'reilly,Ulster,DAIL
/Users/cianan/Documents/College/GitHub/FYP/Data/segments_clean_lufs10s/PZal2FiE4-Y_Senator_Joe_O_Reilly-_speech_from_23_Sep_2021__efe68f5824.wav,joe o'reilly,Ulster,DAIL
/Users/cianan/Documents/College/GitHub/FYP/Data/segments_clean_lufs10s/KmlO4Gqf4-I_Senator_Joe_O_Reilly_-_Fine_Gael_-_speech_from_10___e6d5df8864.wav,joe o'reilly,Ulster,DAIL
/Users/cianan/Documents/College/GitHub/FYP/Data/segments_clean_lufs10s/vaoDdNiBayI_Senator_Joe_O_Reilly-_speech_from_10_Nov_2021__7cdbab2715.wav,joe o'reilly,Ulster,DAIL
/Users/cianan/Documents/College/GitHub/FYP/Data/segments_clean_lufs10s/wxCNYW5idow_Senator_Joe_O_Reilly-_speech_from_18_May_2021__16e9edd80e.wav,joe o'reilly,Ulster,DAIL
/Users/cianan/Documents/College/GitHub/FYP/Data/segments_clean_lufs10s/3cghQZBoklo_Senator_Joe_O_Reilly-_Fine_Gael_-_speech_from_14_J__591168e92e.wav,joe o'reilly,Ulster,DAIL
/Users/cianan/Documents/College/GitHub/FYP/Data/segments_clean_lufs10s/eD4OATaSqd4_Senator_Joe_O_Reilly_-_Order_of_Business_-_15_May___1c23eda811.wav,joe o'reilly,Ulster,DAIL
/Users/cianan/Documents/College/GitHub/FYP/Data/segments_clean_lufs10s/lG18TMPDW0o_Senator_Joe_O_Reilly_-_speech_from_18_Dec_2020__5a4dd98fa9.wav,joe o'reilly,Ulster,DAIL
/Users/cianan/Documents/College/GitHub/FYP/Data/segments_clean_lufs10s/ht28eV0iqv8_Senator_Joe_O_Reilly-_Fine_Gael_-_speech_from_10_M__bff7d8b7eb.wav,joe o'reilly,Ulster,DAIL
/Users/cianan/Documents/College/GitHub/FYP/Data/segments_clean_lufs10s/EvBfEu4aOEw_Senator_Joe_O_Reilly-_speech_from_8_Mar_2021__262a5ef786.wav,joe o'reilly,Ulster,DAIL
/Users/cianan/Documents/College/GitHub/FYP/Data/segments_clean_lufs10s/MwRU-74jDjc_Senator_Joe_O_Reilly-_speech_from_9_Dec_2021__33d35d01d6.wav,joe o'reilly,Ulster,DAIL
/Users/cianan/Documents/College/GitHub/FYP/Data/segments_clean_lufs10s/X99pI15R3_g_Senator_Joe_O_Reilly-_speech_from_23_Nov_2021__9ff13000ef.wav,joe o'reilly,Ulster,DAIL
/Users/cianan/Documents/College/GitHub/FYP/Data/segments_clean_lufs10s/C8z6PWLpWrQ_Senator_Joe_O_Reilly_-_speech_from_18_Oct_2023__67793ffde3.wav,joe o'reilly,Ulster,DAIL
/Users/cianan/Documents/College/GitHub/FYP/Data/segments_clean_lufs10s/WEmQ_w2jI14_Senator_Joe_O_Reilly-_speech_from_3_Feb_2022__6d701a62dc.wav,joe o'reilly,Ulster,DAIL
/Users/cianan/Documents/College/GitHub/FYP/Data/segments_clean_lufs10s/Q5LuSTZOdZ8_Senator_Joe_O_Reilly-_speech_from_15_Jun_2021__7b61872323.wav,joe o'reilly,Ulster,DAIL
/Users/cianan/Documents/College/GitHub/FYP/Data/segments_clean_lufs10s/HtPBPEzdmxY_Senator_Joe_O_Reilly-_speech_from_8_Dec_2021__0e5321173e.wav,joe o'reilly,Ulster,DAIL
/Users/cianan/Documents/College/GitHub/FYP/Data/segments_clean_lufs10s/ySDTORieV70_Senator_Joe_O_Reilly-_Fine_Gael-_speech_from_14_Ju__1f3f84c345.wav,joe o'reilly,Ulster,DAIL
/Users/cianan/Documents/College/GitHub/FYP/Data/segments_clean_lufs10s/WDLeXBSyBa0_Senator_Joe_O_Reilly_-_Fine_Gael_-_speech_from_7_M__82b0b7293b.wav,joe o'reilly,Ulster,DAIL
/Users/cianan/Documents/College/GitHub/FYP/Data/segments_clean_lufs10s/8TkMntphCD0_Senator_Joe_O_Reilly-_speech_from_27_Jan_2022__cb03189ed9.wav,joe o'reilly,Ulster,DAIL
/Users/cianan/Documents/College/GitHub/FYP/Data/segments_clean_lufs10s/a9Sz3h2eR20_Senator_Joe_O_Reilly_-_speech_from_8_Dec_2020__98514075eb.wav,joe o'reilly,Ulster,DAIL
/Users/cianan/Documents/College/GitHub/FYP/Data/segments_clean_lufs10s/12jw2zOlHHg_Senator_Joe_O_Reilly-_speech_from_22_Sep_2021__334f8a1854.wav,joe o'reilly,Ulster,DAIL
/Users/cianan/Documents/College/GitHub/FYP/Data/segments_clean_lufs10s/5_3tAYkPdRc_Senator_Joe_O_Reilly_-_Fine_Gael_-_speech_from_7_M__8d92c1e9bf.wav,joe o'reilly,Ulster,DAIL
/Users/cianan/Documents/College/GitHub/FYP/Data/segments_clean_lufs10s/F5OZFbN6B1A_Senator_Joe_O_Reilly_-_speech_from_29_Jun_2021__1b4899ca2f.wav,joe o'reilly,Ulster,DAIL
/Users/cianan/Documents/College/GitHub/FYP/Data/segments_clean_lufs10s/uam-VM0XP-0_Senator_Joe_O_Reilly_-_speech_from_25_Nov_2020__52b6ced596.wav,joe o'reilly,Ulster,DAIL
/Users/cianan/Documents/College/GitHub/FYP/Data/segments_clean_lufs10s/f3pWvdCtypU_Senator_Joe_O_Reilly-_speech_from_22_Mar_2021__7b52b4fe55.wav,joe o'reilly,Ulster,DAIL
/Users/cianan/Documents/College/GitHub/FYP/Data/segments_clean_lufs10s/8BXjmZT3OFM_Senator_Joe_O_Reilly_-_speech_from_26_Jan_2021__8802123808.wav,joe o'reilly,Ulster,DAIL
/Users/cianan/Documents/College/GitHub/FYP/Data/segments_clean_lufs10s/RWYvlh8JpIs_Senator_Joe_O_Reilly-_speech_from_15_Feb_2022__9832c6a4e8.wav,joe o'reilly,Ulster,DAIL
/Users/cianan/Documents/College/GitHub/FYP/Data/segments_clean_lufs10s/Li9AA3IK1Kw_Senator_Joe_O_Reilly_-_speech_from_21_Oct_2021__d80b0070f8.wav,joe o'reilly,Ulster,DAIL
/Users/cianan/Documents/College/GitHub/FYP/Data/segments_clean_lufs10s/ws8Gs37Dnao_Senator_Joe_O_Reilly-_speech_from_16_Dec_2021__935c1940ee.wav,joe o'reilly,Ulster,DAIL
/Users/cianan/Documents/College/GitHub/FYP/Data/segments_clean_lufs10s/jEqs_W-f2ns_Senator_Joe_O_Reilly-_speech_from_22_Mar_2021__09640dd94d.wav,joe o'reilly,Ulster,DAIL
/Users/cianan/Documents/College/GitHub/FYP/Data/segments_clean_lufs10s/rMm2hTZkMtI_Senator_Joe_O_Reilly-_speech_from_17_Nov_2021__2d1ff67c0e.wav,joe o'reilly,Ulster,DAIL
/Users/cianan/Documents/College/GitHub/FYP/Data/segments_clean_lufs10s/kojX8OflOos_Senator_Joe_O_Reilly___speech_from_31_Jul_2020__ec35a75ef1.wav,joe o'reilly,Ulster,DAIL
/Users/cianan/Documents/College/GitHub/FYP/Data/segments_clean_lufs10s/yHiXZZVtrX4_Senator_Joe_O_Reilly_-_speech_from_3_Mar_2022__9ae60b773b.wav,joe o'reilly,Ulster,DAIL
/Users/cianan/Documents/College/GitHub/FYP/Data/segments_clean_lufs10s/LG7PSi-Lf90_Senator_Joe_O_Reilly__-_Fine_Gael_-_speech_from_10__838412aa86.wav,joe o'reilly,Ulster,DAIL
/Users/cianan/Documents/College/GitHub/FYP/Data/segments_clean_lufs10s/O1IS5A7MPJ4_Senator_Joe_O_Reilly_-_speech_from_1_Dec_2020__888572b8bb.wav,joe o'reilly,Ulster,DAIL
/Users/cianan/Documents/College/GitHub/FYP/Data/segments_clean_lufs10s/foBdXMmjrDk_Deputy_John_Brady_-_Priority_Questions_-_30_May_20__44b3c68751.wav,john brady,Leinster,DAIL
/Users/cianan/Documents/College/GitHub/FYP/Data/segments_clean_lufs10s/eQqOTC6fSk8_Deputy_John_Brady_-_Leaders__Questions_-_18_Sep_20__2ad787d4f5.wav,john brady,Leinster,DAIL
/Users/cianan/Documents/College/GitHub/FYP/Data/segments_clean_lufs10s/NaWKsDyyUVI_Deputy_John_Brady_-_Topical_Issues_-_11_Jul_2019__1f2f2f1937.wav,john brady,Leinster,DAIL
/Users/cianan/Documents/College/GitHub/FYP/Data/segments_clean_lufs10s/ZQJft5Lx-w4_Deputy_John_Brady_-_Government_Business_-_06_03_20__afdf703b31.wav,john brady,Leinster,DAIL
/Users/cianan/Documents/College/GitHub/FYP/Data/segments_clean_lufs10s/DRSj5hY0X9c_Deputy_John_Curran_-_Private_Members__Business_-_0__a3092038c0.wav,john curran,Leinster,DAIL
/Users/cianan/Documents/College/GitHub/FYP/Data/segments_clean_lufs10s/snx2erc4EOc_Deputy_John_Curran_-_Other_Questions_-_13_03_2019__8868949cf5.wav,john curran,Leinster,DAIL
/Users/cianan/Documents/College/GitHub/FYP/Data/segments_clean_lufs10s/Nz4KtHgORw4_Deputy_John_Curran_-_Topical_Issues_-_24_Sep_2019__a41b11eb24.wav,john curran,Leinster,DAIL
/Users/cianan/Documents/College/GitHub/FYP/Data/segments_clean_lufs10s/8uA31XV-uRA_Deputy_John_Curran_-_Other_Questions_-_15_May_2019__0f9ee3a10e.wav,john curran,Leinster,DAIL
/Users/cianan/Documents/College/GitHub/FYP/Data/segments_clean_lufs10s/LznCSV3e48I_Deputy_John_Curran_-_Other_Questions_-_19_Jun_2019__9eb7002044.wav,john curran,Leinster,DAIL
/Users/cianan/Documents/College/GitHub/FYP/Data/segments_clean_lufs10s/9vEtR72_AY0_John_Dolan_-_speech_from__09_Apr_2019__5141897fcf.wav,john dolan,Munster,DAIL
/Users/cianan/Documents/College/GitHub/FYP/Data/segments_clean_lufs10s/N0LnfPFmCb8_Senator_John_Dolan_-_speech_from_29_May_2019__4895943030.wav,john dolan,Munster,DAIL
/Users/cianan/Documents/College/GitHub/FYP/Data/segments_clean_lufs10s/rNK3B-wKgNQ_Senator_John_Dolan_-_speech_from_19_Jun_2019__890831c6dc.wav,john dolan,Munster,DAIL
/Users/cianan/Documents/College/GitHub/FYP/Data/segments_clean_lufs10s/_ANJk_cdfss_Senator_John_Dolan_-_speech_from_24_Sep_2019__ce071213d8.wav,john dolan,Munster,DAIL
/Users/cianan/Documents/College/GitHub/FYP/Data/segments_clean_lufs10s/g3lgd3bUGJE_Deputy_John_Halligan_-_Government_Business_-_19_Ju__96646c0acf.wav,john halligan,Munster,DAIL
/Users/cianan/Documents/College/GitHub/FYP/Data/segments_clean_lufs10s/_1TwArYsYD4_Deputy_John_Lahart_-_Priority_Questions_-_06_03_20__dc4b6d1bc9.wav,john lahart,Leinster,DAIL
/Users/cianan/Documents/College/GitHub/FYP/Data/segments_clean_lufs10s/E9aq8tguiAw_Deputy_John_Lahart_-_Government_Business_-_29_May___4c598a1dac.wav,john lahart,Leinster,DAIL
/Users/cianan/Documents/College/GitHub/FYP/Data/segments_clean_lufs10s/oO0Gov5N0TU_Deputy_John_Lahart_-_Government_Business_-_11_04_2__b4699ba91e.wav,john lahart,Leinster,DAIL
/Users/cianan/Documents/College/GitHub/FYP/Data/segments_clean_lufs10s/OpgzM7rXjLM_Deputy_John_Lahart_-_Priority_Questions_-_9_Jul_20__7691cca002.wav,john lahart,Leinster,DAIL
/Users/cianan/Documents/College/GitHub/FYP/Data/segments_clean_lufs10s/mCUHrlTDdZ0_Deputy_John_Lahart_-_Private_Members__Business_-_2__9b087ba2a9.wav,john lahart,Leinster,DAIL
/Users/cianan/Documents/College/GitHub/FYP/Data/segments_clean_lufs10s/7PRld5AH9OA_Deputy_John_McGuinness_-_Questions_on_Promised_Leg__9dab9094f4.wav,john mcguinness,Leinster,DAIL
/Users/cianan/Documents/College/GitHub/FYP/Data/segments_clean_lufs10s/iwm7Zb3edmA_Deputy_John_McGuinness_-_Questions_on_Promised_Leg__b94aef083f.wav,john mcguinness,Leinster,DAIL
/Users/cianan/Documents/College/GitHub/FYP/Data/segments_clean_lufs10s/LWB4-Qs5jDw_Senator_John_O_Mahony_-_Order_of_Business_-_8_May___307829d691.wav,john o'mahony,Connacht,DAIL
/Users/cianan/Documents/College/GitHub/FYP/Data/segments_clean_lufs10s/JOs5Ns-rkLw_Senator_John_O_Mahony_-_speech_from_11_Jun_2019__f435aa1acc.wav,john o'mahony,Connacht,DAIL
/Users/cianan/Documents/College/GitHub/FYP/Data/segments_clean_lufs10s/soVrdXyMG1w_Senator_John_O_Mahony_-_speech_from_1_Oct_2019__e80f7fed7f.wav,john o'mahony,Connacht,DAIL
/Users/cianan/Documents/College/GitHub/FYP/Data/segments_clean_lufs10s/lRJ5huAVBDo_Senator_John_O_Mahony_-_speech_from_26_Jun_2019__997a0d64a4.wav,john o'mahony,Connacht,DAIL
/Users/cianan/Documents/College/GitHub/FYP/Data/segments_clean_lufs10s/GPOTNhS_WE8_Deputy_John_Paul_Phelan_-_Government_Business_-_10__b7c132afa1.wav,john paul phelan,Leinster,DAIL
/Users/cianan/Documents/College/GitHub/FYP/Data/segments_clean_lufs10s/Bh7p1NJZwXs_Deputy_Jonathan_O_Brien_-_Private_Members__Busines__fe6b59de10.wav,jonathan o'brien,Munster,DAIL
/Users/cianan/Documents/College/GitHub/FYP/Data/segments_clean_lufs10s/yWU5TE19qyQ_Deputy_Jonathan_O_Brien_-_Priority_Questions_-_05___551273898a.wav,jonathan o'brien,Munster,DAIL
/Users/cianan/Documents/College/GitHub/FYP/Data/segments_clean_lufs10s/p9tneRwU1-w_Deputy_Jonathan_O_Brien_-_Private_Members__Busines__2a742d807b.wav,jonathan o'brien,Munster,DAIL
/Users/cianan/Documents/College/GitHub/FYP/Data/segments_clean_lufs10s/rd4QFg8AGRo_Deputy_Jonathan_O_Brien_-_Government_Business_-_17__55c41bf30f.wav,jonathan o'brien,Munster,DAIL
/Users/cianan/Documents/College/GitHub/FYP/Data/segments_clean_lufs10s/wkVQaSE3XlU_Deputy_Josepha_Madigan_-_Government_Business_-_29___34b3e22218.wav,josepha madigan,Leinster,DAIL
/Users/cianan/Documents/College/GitHub/FYP/Data/segments_clean_lufs10s/G1LTOsgVRYo_Fintan_Warfield_-_speech_from__10_Apr_2019__6402f66cd4.wav,fintan warfield,Leinster,DAIL
/Users/cianan/Documents/College/GitHub/FYP/Data/segments_clean_lufs10s/bG6-k1HkQvg_Deputy_Kathleen_Funchion_-_Government_Business_-_1__688ad25026.wav,kathleen funchion,Leinster,DAIL
/Users/cianan/Documents/College/GitHub/FYP/Data/segments_clean_lufs10s/sz_dhs9N6qA_Deputy_Kathleen_Funchion_-_Government_Business_-_0__4df32793bf.wav,kathleen funchion,Leinster,DAIL
/Users/cianan/Documents/College/GitHub/FYP/Data/segments_clean_lufs10s/TVL1ySpGrlM_Deputy_Kathleen_Funchion_-_Priority_Questions_-_25__59049e1a20.wav,kathleen funchion,Leinster,DAIL
/Users/cianan/Documents/College/GitHub/FYP/Data/segments_clean_lufs10s/1SgmP3N_Cto_Deputy_Kathleen_Funchion_-_Government_Business_-_1__480b7e3d20.wav,kathleen funchion,Leinster,DAIL
/Users/cianan/Documents/College/GitHub/FYP/Data/segments_clean_lufs10s/53TJHXNxE8I_Deputy_Kathleen_Funchion_-_Government_Business_-_9__ffb7ba3413.wav,kathleen funchion,Leinster,DAIL
/Users/cianan/Documents/College/GitHub/FYP/Data/segments_clean_lufs10s/emhK3bjQ-Bs_Deputy_Kathleen_Funchion_-_Government_Business_-_9__fa8f2a72c3.wav,kathleen funchion,Leinster,DAIL
/Users/cianan/Documents/College/GitHub/FYP/Data/segments_clean_lufs10s/KpFpoTk1nh8_Deputy_Kathleen_Funchion_-_Other_Questions_-_06_03__7cf298a279.wav,kathleen funchion,Leinster,DAIL
/Users/cianan/Documents/College/GitHub/FYP/Data/segments_clean_lufs10s/2maDdXW-kvE_Deputy_Kathleen_Funchion_-_Private_Members__Busine__8fbb447362.wav,kathleen funchion,Leinster,DAIL
/Users/cianan/Documents/College/GitHub/FYP/Data/segments_clean_lufs10s/D76DkTShHxQ_Deputy_Kathleen_Funchion_-_Priority_Questions_-_06__4beb0a76cc.wav,kathleen funchion,Leinster,DAIL
/Users/cianan/Documents/College/GitHub/FYP/Data/segments_clean_lufs10s/Dojst2BRUo8_Deputy_Kathleen_Funchion_-_Topical_Issues_-_14_May__267da9bf62.wav,kathleen funchion,Leinster,DAIL
/Users/cianan/Documents/College/GitHub/FYP/Data/segments_clean_lufs10s/GcozQYr3sgo_Senator_Keith_Swanick_-_speech_from_11_Jun_2019__8c53622aff.wav,keith swanick,Connacht,DAIL
/Users/cianan/Documents/College/GitHub/FYP/Data/segments_clean_lufs10s/5e7r5oYmVV0_Senator_Keith_Swanick_-_speech_from_8_Oct_2019__de6bc07c18.wav,keith swanick,Connacht,DAIL
/Users/cianan/Documents/College/GitHub/FYP/Data/segments_clean_lufs10s/Hvfgy_16ui8_Keith_Swanick__-_speech_from__10_Apr_2019__0762d21609.wav,keith swanick,Connacht,DAIL
/Users/cianan/Documents/College/GitHub/FYP/Data/segments_clean_lufs10s/OtZ7HWEixa8_Senator_Keith_Swanick_-_speech_from_3_Jul_2019__53055bbc92.wav,keith swanick,Connacht,DAIL
/Users/cianan/Documents/College/GitHub/FYP/Data/segments_clean_lufs10s/lCwHcz9Gz38_Deputy_Kevin_Boxer_Moran_-_Priority_Questions_-_05__8fb34ff2b0.wav,kevin boxer moran,Leinster,DAIL
/Users/cianan/Documents/College/GitHub/FYP/Data/segments_clean_lufs10s/0NpKLaXFRoo_Deputy_Kevin_Boxer_Moran_-_Government_Business_-_2__07105f86ff.wav,kevin boxer moran,Leinster,DAIL
/Users/cianan/Documents/College/GitHub/FYP/Data/segments_clean_lufs10s/MOaiWILDL1A_Senator_Fintan_Warfield_-_speech_from_12_Jun_2019__e62dde4efa.wav,fintan warfield,Leinster,DAIL
/Users/cianan/Documents/College/GitHub/FYP/Data/segments_clean_lufs10s/sdiHoef9H-c_Senator_Fintan_Warfield_-_speech_from_30_May_2019__0a68d00ba9.wav,fintan warfield,Leinster,DAIL
/Users/cianan/Documents/College/GitHub/FYP/Data/segments_clean_lufs10s/4wF66I19S-0_Senator_Fintan_Warfield_-_speech_from_-_14_May_201__ed7340b3c8.wav,fintan warfield,Leinster,DAIL
/Users/cianan/Documents/College/GitHub/FYP/Data/segments_clean_lufs10s/lmpMiE4SqOQ_Deputy_Jim_Daly_-_Private_Members__Business_-_12_0__95dac45564.wav,jim daly,Munster,DAIL
/Users/cianan/Documents/College/GitHub/FYP/Data/segments_clean_lufs10s/Nkwc-lCh9O8_Deputy_Denise_Mitchell_-_Priority_Questions_-_10_J__d0e14cc26c.wav,denise mitchell,Leinster,DAIL
/Users/cianan/Documents/College/GitHub/FYP/Data/segments_clean_lufs10s/NgdWjqm2WDc_Deputy_Denise_Mitchell_-_Government_Business_-_13___7cf953a830.wav,denise mitchell,Leinster,DAIL
/Users/cianan/Documents/College/GitHub/FYP/Data/segments_clean_lufs10s/DR97HdSApe0_Deputy_Kevin_O_Keeffe_-_Private_Members__Business___0ebaab8a1a.wav,kevin o'keeffe,Munster,DAIL
/Users/cianan/Documents/College/GitHub/FYP/Data/segments_clean_lufs10s/m9OyDCey2DQ_Deputy_Kevin_O_Keeffe_-_Private_Members__Business___7fe3ebdcce.wav,kevin o'keeffe,Munster,DAIL
/Users/cianan/Documents/College/GitHub/FYP/Data/segments_clean_lufs10s/oo4bcWr664Q_Deputy_Kevin_O_Keeffe_-_Private_Members__Business___bde402a3a3.wav,kevin o'keeffe,Munster,DAIL
/Users/cianan/Documents/College/GitHub/FYP/Data/segments_clean_lufs10s/Z0nJVQqKL8k_Senator_Kieran_O_Donnell_-_speech_from_11_Jun_2019__ea06793faf.wav,kieran o'donnell,Munster,DAIL
/Users/cianan/Documents/College/GitHub/FYP/Data/segments_clean_lufs10s/DKBVlZ7WPRM_Senator_Kieran_O_Donnell_-_speech_from_24_Sep_2019__dcba052a55.wav,kieran o'donnell,Munster,DAIL
/Users/cianan/Documents/College/GitHub/FYP/Data/segments_clean_lufs10s/HgLMxs0APQ0_Deputy_Kieran_O_Donnell_-_speech_from_22_Oct_2020__89268ee6a3.wav,kieran o'donnell,Munster,DAIL
/Users/cianan/Documents/College/GitHub/FYP/Data/segments_clean_lufs10s/Ezqu3vN3VrQ_Deputy_Kieran_O_Donnell_-_speech_from_14_May_2020__365df3100e.wav,kieran o'donnell,Munster,DAIL
/Users/cianan/Documents/College/GitHub/FYP/Data/segments_clean_lufs10s/HscsTIFxoC0_Deputy_Kieran_O_Donnell_-_speech_from_8_Jul_2020__3f3784e543.wav,kieran o'donnell,Munster,DAIL
/Users/cianan/Documents/College/GitHub/FYP/Data/segments_clean_lufs10s/iOF5g1t20lU_Deputy_Kieran_O_Donnell___speech_from_03_Sep_2020__e13b4bdf82.wav,kieran o'donnell,Munster,DAIL
/Users/cianan/Documents/College/GitHub/FYP/Data/segments_clean_lufs10s/s0O1eH0t8dc_Senator_Kieran_O_Donnell_-_speech_from_-_14_May_20__5f11669863.wav,kieran o'donnell,Munster,DAIL
/Users/cianan/Documents/College/GitHub/FYP/Data/segments_clean_lufs10s/fGOr1WrsuwI_Senator_Kieran_O_Donnell_-_speech_from_16_May_2019__d4b0f58a36.wav,kieran o'donnell,Munster,DAIL
/Users/cianan/Documents/College/GitHub/FYP/Data/segments_clean_lufs10s/s4Y9s2WZvnc_Kieran_O_Donnell_-_speech_from__18_Apr_2019__d88c898044.wav,kieran o'donnell,Munster,DAIL
/Users/cianan/Documents/College/GitHub/FYP/Data/segments_clean_lufs10s/StkQKPLVMPI_Senator_Kieran_O_Donnell_-_speech_from_26_Jun_2019__1d53ece832.wav,kieran o'donnell,Munster,DAIL
/Users/cianan/Documents/College/GitHub/FYP/Data/segments_clean_lufs10s/uzo5lr82zQo_Deputy_Lisa_Chambers_-_Private_Members__Business_-__39ec592fd6.wav,lisa chambers,Connacht,DAIL
/Users/cianan/Documents/College/GitHub/FYP/Data/segments_clean_lufs10s/ejo-cGrzyJI_Senator_Lorraine_Clifford-Lee_-_speech_from_21_May__97dfeb2def.wav,lorraine clifford,Munster,DAIL
/Users/cianan/Documents/College/GitHub/FYP/Data/segments_clean_lufs10s/PRwLd7BXpN4_Senator_Lorraine_Clifford-Lee_-_speech_from_14_May__a51b945d7b.wav,lorraine clifford,Munster,DAIL
/Users/cianan/Documents/College/GitHub/FYP/Data/segments_clean_lufs10s/r0TJW5Aqrik_Senator_Lorraine_Clifford-Lee_-_speech_from_8_May___c2e384d073.wav,lorraine clifford,Munster,DAIL
/Users/cianan/Documents/College/GitHub/FYP/Data/segments_clean_lufs10s/sELZ4M3Q29o_Senator_Lorraine_Clifford-Lee_-_speech_from_24_Sep__1ea72e6c2b.wav,lorraine clifford,Munster,DAIL
/Users/cianan/Documents/College/GitHub/FYP/Data/segments_clean_lufs10s/A8T0dtR4Szs_Senator_Lorraine_Clifford-Lee_-_speech_from_12_Jun__3bafb98b90.wav,lorraine clifford,Munster,DAIL
/Users/cianan/Documents/College/GitHub/FYP/Data/segments_clean_lufs10s/EAfkeKvsZpE_Deputy_Louise_O_Reilly_-_Government_Business_-_11___b2277b3b83.wav,louise o'reilly,Leinster,DAIL
/Users/cianan/Documents/College/GitHub/FYP/Data/segments_clean_lufs10s/aqZz13-jCyE_Deputy_Louise_O_Reilly_-_Questions_on_Promised_Leg__795c05f004.wav,louise o'reilly,Leinster,DAIL
/Users/cianan/Documents/College/GitHub/FYP/Data/segments_clean_lufs10s/kRDNyti3Ogk_Deputy_Louise_O_Reilly_-_Priority_Questions_-_15_M__175cc0ed63.wav,louise o'reilly,Leinster,DAIL
/Users/cianan/Documents/College/GitHub/FYP/Data/segments_clean_lufs10s/W_FWxTXCaww_Deputy_Louise_O_Reilly_-_Private_Members__Business__2150f3af5d.wav,louise o'reilly,Leinster,DAIL
/Users/cianan/Documents/College/GitHub/FYP/Data/segments_clean_lufs10s/U73LkwzJib0_Deputy_Louise_O_Reilly_-_Government_Business_-_05___7861a0d9c3.wav,louise o'reilly,Leinster,DAIL
/Users/cianan/Documents/College/GitHub/FYP/Data/segments_clean_lufs10s/B0cl1KzIbws_Lynn_Ruane__-_speech_from__11_Apr_2019__062d995800.wav,lynn ruane,Leinster,DAIL
/Users/cianan/Documents/College/GitHub/FYP/Data/segments_clean_lufs10s/c-jWSFyQo9k_Lynn_Ruane_-_speech_from__09_Apr_2019__363e0751b7.wav,lynn ruane,Leinster,DAIL
/Users/cianan/Documents/College/GitHub/FYP/Data/segments_clean_lufs10s/IPLbKUngb-Y_Senator_Lynn_Ruane_-_speech_from_14_Oct_2020__5f81ac7b48.wav,lynn ruane,Leinster,DAIL
/Users/cianan/Documents/College/GitHub/FYP/Data/segments_clean_lufs10s/G74OgNtS9ow_Senator_Lynn_Ruane_-_speech_from_25_Sep_2019__3e3523ca77.wav,lynn ruane,Leinster,DAIL
/Users/cianan/Documents/College/GitHub/FYP/Data/segments_clean_lufs10s/MZ0YIMs1aK4_Senator_Lynn_Ruane_-_Private_Members__Business_-_8__7dcbc7f3af.wav,lynn ruane,Leinster,DAIL
/Users/cianan/Documents/College/GitHub/FYP/Data/segments_clean_lufs10s/paAYUQ9r_Ls_Senator_Lynn_Ruane_-_Order_of_Business_-_14_May_20__c9a6bc3c24.wav,lynn ruane,Leinster,DAIL
/Users/cianan/Documents/College/GitHub/FYP/Data/segments_clean_lufs10s/jKQZYWNrBEA_Senator_Lynn_Ruane_-_speech_from_12_Jun_2019__acafcad64b.wav,lynn ruane,Leinster,DAIL
/Users/cianan/Documents/College/GitHub/FYP/Data/segments_clean_lufs10s/0Hc0oOCrlZ0_Senator_Lynn_Ruane___speech_from_31_Jul_2020__4f8a64881c.wav,lynn ruane,Leinster,DAIL
/Users/cianan/Documents/College/GitHub/FYP/Data/segments_clean_lufs10s/UOoM6-88A70_Lynn_Ruane_-_speech_from__09_Apr_2019__3cf502ac06.wav,lynn ruane,Leinster,DAIL
/Users/cianan/Documents/College/GitHub/FYP/Data/segments_clean_lufs10s/cEeLN3uh0iU_Senator_Lynn_Ruane_-_speech_from_21_May_2019__abc2e60338.wav,lynn ruane,Leinster,DAIL
/Users/cianan/Documents/College/GitHub/FYP/Data/segments_clean_lufs10s/dlKZVOx1k6s_Lynn_Ruane__-_speech_from__11_Apr_2019__ac35b34365.wav,lynn ruane,Leinster,DAIL
/Users/cianan/Documents/College/GitHub/FYP/Data/segments_clean_lufs10s/51S1hb5HQuo_Senator_Lynn_Ruane_-_speech_from_27_Jun_2019__c5d8dcb479.wav,lynn ruane,Leinster,DAIL
/Users/cianan/Documents/College/GitHub/FYP/Data/segments_clean_lufs10s/u-6gxcXBveE_Deputy_Denise_Mitchell_-_Private_Members__Business__008c480609.wav,denise mitchell,Leinster,DAIL
/Users/cianan/Documents/College/GitHub/FYP/Data/segments_clean_lufs10s/uZFTSecOZik_Deputy_Denise_Mitchell_-_Private_Members__Business__7992259f1b.wav,denise mitchell,Leinster,DAIL
/Users/cianan/Documents/College/GitHub/FYP/Data/segments_clean_lufs10s/Mldmiz_gaJo_Deputy_Gino_Kenny_-_Questions_on_Promised_Legislat__2d008710e8.wav,gino kenny,Leinster,DAIL
/Users/cianan/Documents/College/GitHub/FYP/Data/segments_clean_lufs10s/BKMhrhgDS8Y_Deputy_Gino_Kenny_-_Other_Questions_-_28_May_2019__9f4cf93b4e.wav,gino kenny,Leinster,DAIL
/Users/cianan/Documents/College/GitHub/FYP/Data/segments_clean_lufs10s/NxUci0bzvIc_Deputy_Gino_Kenny_-_Priority_Questions_-_13_03_201__69a99edf4a.wav,gino kenny,Leinster,DAIL
/Users/cianan/Documents/College/GitHub/FYP/Data/segments_clean_lufs10s/jR3BuSXSCB0_Deputy_Marc_MacSharry_-_Private_Members__Business___d9334133b5.wav,marc macsharry,Leinster,DAIL
/Users/cianan/Documents/College/GitHub/FYP/Data/segments_clean_lufs10s/RHTj_RHlVbM_Deputy_Marc_MacSharry_-_Private_Members__Business___b9bcf2eef0.wav,marc macsharry,Leinster,DAIL
/Users/cianan/Documents/College/GitHub/FYP/Data/segments_clean_lufs10s/3f_iB838Z-8_Deputy_Marc_MacSharry_-_Topical_Issues_-_11_Jun_20__b20c8c0a4c.wav,marc macsharry,Leinster,DAIL
/Users/cianan/Documents/College/GitHub/FYP/Data/segments_clean_lufs10s/XVKWJd6vgM8_Deputy_Marc_MacSharry_-_Questions_on_Promised_Legi__544cbf809b.wav,marc macsharry,Leinster,DAIL
/Users/cianan/Documents/College/GitHub/FYP/Data/segments_clean_lufs10s/Z8bIwoWacCE_Deputy_Marcella_Corcoran_Kennedy_-_Topical_Issues___87a70825e6.wav,marcella corcoran kennedy,Other,DAIL
/Users/cianan/Documents/College/GitHub/FYP/Data/segments_clean_lufs10s/MBJSfhwY2Qg_Deputy_Marcella_Corcoran_Kennedy_-_Government_Busi__92484e1725.wav,marcella corcoran kennedy,Other,DAIL
/Users/cianan/Documents/College/GitHub/FYP/Data/segments_clean_lufs10s/78vRIRPtDRY_Deputy_Margaret_Murphy_O_Mahony_-_Government_Busin__8b5b30172c.wav,margaret murphy o'mahony,Munster,DAIL
/Users/cianan/Documents/College/GitHub/FYP/Data/segments_clean_lufs10s/8Y0A9M4kNVs_Deputy_Margaret_Murphy_O_Mahony_-_Questions_on_Pro__8dc07c8d59.wav,margaret murphy o'mahony,Munster,DAIL
/Users/cianan/Documents/College/GitHub/FYP/Data/segments_clean_lufs10s/6wPV5t2YQmk_Deputy_Margaret_Murphy_O_Mahony_-_Private_Members___e7a17430ce.wav,margaret murphy o'mahony,Munster,DAIL
/Users/cianan/Documents/College/GitHub/FYP/Data/segments_clean_lufs10s/PNaznylLP1U_Deputy_Maria_Bailey_-_Order_of_Business_-_05_03_20__b575a0c372.wav,maria bailey,Leinster,DAIL
/Users/cianan/Documents/College/GitHub/FYP/Data/segments_clean_lufs10s/EIPeJ57gVZY_Senator_Maria_Byrne_-_Private_Members__Business_-___c1fb75927a.wav,maria byrne,Munster,DAIL
/Users/cianan/Documents/College/GitHub/FYP/Data/segments_clean_lufs10s/5PZT73TDYKM_Maria_Byrne__-_speech_from__11_Apr_2019__293b951f6f.wav,maria byrne,Munster,DAIL
/Users/cianan/Documents/College/GitHub/FYP/Data/segments_clean_lufs10s/JD_Vg2VXC6Y_Senator_Maria_Byrne_-_speech_from_27_Jun_2019__185daee0b3.wav,maria byrne,Munster,DAIL
/Users/cianan/Documents/College/GitHub/FYP/Data/segments_clean_lufs10s/2tUUz7wtYBI_Senator_Maria_Byrne_-_speech_from_25_Sep_2019__be5a733755.wav,maria byrne,Munster,DAIL
/Users/cianan/Documents/College/GitHub/FYP/Data/segments_clean_lufs10s/jR0FQPZijM4_Maria_Byrne-_speech_from__09_Apr_2019__b5b931028a.wav,maria byrne,Munster,DAIL
/Users/cianan/Documents/College/GitHub/FYP/Data/segments_clean_lufs10s/bD6IRv_1UlQ_Senator_Maria_Byrne_-_speech_from_28_May_2019__a61dc16e06.wav,maria byrne,Munster,DAIL
/Users/cianan/Documents/College/GitHub/FYP/Data/segments_clean_lufs10s/jIZz76vZA9o_Senator_Maria_Byrne_-_speech_from_12_Jun_2019__c0c09ee1fb.wav,maria byrne,Munster,DAIL
/Users/cianan/Documents/College/GitHub/FYP/Data/segments_clean_lufs10s/srgGMrEq8Uo_Senator_Maria_Byrne_-_speech_from_22_May_2019__4c9b7d88f3.wav,maria byrne,Munster,DAIL
/Users/cianan/Documents/College/GitHub/FYP/Data/segments_clean_lufs10s/SsF0vNBj2Fk_Maria_Byrne__-_speech_from__16_Apr_2019__a91f716dc0.wav,maria byrne,Munster,DAIL
/Users/cianan/Documents/College/GitHub/FYP/Data/segments_clean_lufs10s/gcctDupetm8_Senator_Marie-Louise_O_Donnell_-_speech_from_11_Ju__2bb596875f.wav,marie louise o'donnell,Connacht,DAIL
/Users/cianan/Documents/College/GitHub/FYP/Data/segments_clean_lufs10s/9VBmOjHRUwM_Senator_Marie-Louise_O_Donnell_-_Order_of_Business__df7d9a97b1.wav,marie louise o'donnell,Connacht,DAIL
/Users/cianan/Documents/College/GitHub/FYP/Data/segments_clean_lufs10s/NpWtY01L7Ow_Senator_Marie-Louise_O_Donnell_-_speech_from_11_Ju__cfed9347fd.wav,marie louise o'donnell,Connacht,DAIL
/Users/cianan/Documents/College/GitHub/FYP/Data/segments_clean_lufs10s/MEpqkKJTfwU_Senator_Marie-Louise_O_Donnell_-_speech_from_24_Se__6ff8b6d556.wav,marie louise o'donnell,Connacht,DAIL
/Users/cianan/Documents/College/GitHub/FYP/Data/segments_clean_lufs10s/f1NGDrnywxs_Senator_Marie-Louise_O_Donnell_-_speech_from_21_Ma__3e62a871d9.wav,marie louise o'donnell,Connacht,DAIL
/Users/cianan/Documents/College/GitHub/FYP/Data/segments_clean_lufs10s/Ub2kCR5w_vE_Senator_Marie-Louise_O_Donnell_-_speech_from_-_14___03ca521562.wav,marie louise o'donnell,Connacht,DAIL
/Users/cianan/Documents/College/GitHub/FYP/Data/segments_clean_lufs10s/YVAwRNPWtj4_Marie_Louise_O_Donnell__-_speech_from__16_Apr_2019__8e61145fad.wav,marie louise o'donnell,Connacht,DAIL
/Users/cianan/Documents/College/GitHub/FYP/Data/segments_clean_lufs10s/0wDkYik6t7g_Marie_Louise_O_Donnell_-_speech_from__10_Apr_2019__6271f71b85.wav,marie louise o'donnell,Connacht,DAIL
/Users/cianan/Documents/College/GitHub/FYP/Data/segments_clean_lufs10s/VMxAlWq7wPA_Senator_Mark_Daly_-_speech_from_28_May_2019__5cbe6ebfa7.wav,mark daly,Munster,DAIL
/Users/cianan/Documents/College/GitHub/FYP/Data/segments_clean_lufs10s/ZTy2CUPgDbg_Senator_Mark_Daly_-_speech_from_11_Jul_2019__e984c5c8d4.wav,mark daly,Munster,DAIL
/Users/cianan/Documents/College/GitHub/FYP/Data/segments_clean_lufs10s/qLKsMFtjJdg_Senator_Mark_Daly_-_speech_from_16_May_2019__a9eafd6941.wav,mark daly,Munster,DAIL
/Users/cianan/Documents/College/GitHub/FYP/Data/segments_clean_lufs10s/3vpy3m7c_5Q_Senator_Mark_Daly_-_speech_from_13_Jun_2019__58d5b5a54a.wav,mark daly,Munster,DAIL
/Users/cianan/Documents/College/GitHub/FYP/Data/segments_clean_lufs10s/pBRpd7WD-T0_Senator_Martin_Conway_-_speech_from_11_Jun_2019__6c408cc490.wav,martin conway,Munster,DAIL
/Users/cianan/Documents/College/GitHub/FYP/Data/segments_clean_lufs10s/EgeejwA6lP0_Senator_Martin_Conway_-_speech_from_8_May_2019__bd7fd0b26d.wav,martin conway,Munster,DAIL
/Users/cianan/Documents/College/GitHub/FYP/Data/segments_clean_lufs10s/sVLs46SUFAI_Martin_Conway_-_speech_from__17_Apr_2019__9b38ee4976.wav,martin conway,Munster,DAIL
/Users/cianan/Documents/College/GitHub/FYP/Data/segments_clean_lufs10s/p6DSytz6dFk_Senator_Martin_Conway_-_speech_from_25_Sep_2019__6914d93a91.wav,martin conway,Munster,DAIL
/Users/cianan/Documents/College/GitHub/FYP/Data/segments_clean_lufs10s/bU9W7SUJkpg_Senator_Martin_Conway_-_speech_from_18_Jun_2019__09327cb4a0.wav,martin conway,Munster,DAIL
/Users/cianan/Documents/College/GitHub/FYP/Data/segments_clean_lufs10s/RXLm7J7epg0_Senator_Martin_Conway_-_speech_from_26_Jun_2019__7590c23fb8.wav,martin conway,Munster,DAIL
/Users/cianan/Documents/College/GitHub/FYP/Data/segments_clean_lufs10s/Breli2RRQEc_Martin_Conway_-_speech_from__17_Apr_2019__c63e5ffd68.wav,martin conway,Munster,DAIL
/Users/cianan/Documents/College/GitHub/FYP/Data/segments_clean_lufs10s/hqeTgbRV-h8_Martin_Conway_-_speech_from__18_Apr_2019__cd2b5eb5ea.wav,martin conway,Munster,DAIL
/Users/cianan/Documents/College/GitHub/FYP/Data/segments_clean_lufs10s/ve4BhX-dgkg_Deputy_Martin_Ferris_-_Private_Members__Business_-__873e85c2ad.wav,martin ferris,Munster,DAIL
/Users/cianan/Documents/College/GitHub/FYP/Data/segments_clean_lufs10s/jccYhbyJldQ_Deputy_Martin_Ferris_-_Topical_Issues_-_30_May_201__44ff61ed0e.wav,martin ferris,Munster,DAIL
/Users/cianan/Documents/College/GitHub/FYP/Data/segments_clean_lufs10s/aerObcOsx44_Deputy_Martin_Ferris_-_Private_Members__Business_-__59b2add450.wav,martin ferris,Munster,DAIL
/Users/cianan/Documents/College/GitHub/FYP/Data/segments_clean_lufs10s/lIFnDj4uSpk_Deputy_Martin_Heydon_-_Private_Members__Business_-__6b2c1db384.wav,martin heydon,Leinster,DAIL
/Users/cianan/Documents/College/GitHub/FYP/Data/segments_clean_lufs10s/5H7bUTLFTkc_Deputy_Martin_Heydon_-_Other_Questions_-_19_Sep_20__58597c84e8.wav,martin heydon,Leinster,DAIL
/Users/cianan/Documents/College/GitHub/FYP/Data/segments_clean_lufs10s/tq-M9Awi-jg_Deputy_Martin_Heydon_-_Government_Business_-_13_03__b9d1ce8df5.wav,martin heydon,Leinster,DAIL
/Users/cianan/Documents/College/GitHub/FYP/Data/segments_clean_lufs10s/WymAj5Yxx6Q_Deputy_Martin_Heydon_-_Other_Questions_-_9_May_201__b51fe5bd54.wav,martin heydon,Leinster,DAIL
/Users/cianan/Documents/College/GitHub/FYP/Data/segments_clean_lufs10s/wMhUVBS1XjE_Deputy_Martin_Kenny_-_Priority_Questions_-_9_May_2__74217efc73.wav,martin kenny,Connacht,DAIL
/Users/cianan/Documents/College/GitHub/FYP/Data/segments_clean_lufs10s/xFHSYJRZYNk_Deputy_Martin_Kenny_-_Government_Business_-_17_Sep__5e3a13eabb.wav,martin kenny,Connacht,DAIL
/Users/cianan/Documents/College/GitHub/FYP/Data/segments_clean_lufs10s/5OkdBGXeXsM_Deputy_Martin_Kenny_-_Topical_Issues_-_13_Jun_2019__2ee0bd30ce.wav,martin kenny,Connacht,DAIL
/Users/cianan/Documents/College/GitHub/FYP/Data/segments_clean_lufs10s/loZLFwlWHj4_Deputy_Mary_Lou_McDonald_-_Leaders__Questions_-_9___8a61dc1eed.wav,mary lou mcdonald,Leinster,DAIL
/Users/cianan/Documents/College/GitHub/FYP/Data/segments_clean_lufs10s/RW0f469siaA_Deputy_Mary_Lou_McDonald_-_Leaders__Questions_-_05__68c8336475.wav,mary lou mcdonald,Leinster,DAIL
/Users/cianan/Documents/College/GitHub/FYP/Data/segments_clean_lufs10s/wZHBI_H8FPs_Deputy_Mary_Lou_McDonald_-_Leaders__Questions_-_14__d775607624.wav,mary lou mcdonald,Leinster,DAIL
/Users/cianan/Documents/College/GitHub/FYP/Data/segments_clean_lufs10s/eAh0utqzJUM_Deputy_Mary_Lou_McDonald_-_Leaders__Questions_-_11__8de28065d7.wav,mary lou mcdonald,Leinster,DAIL
/Users/cianan/Documents/College/GitHub/FYP/Data/segments_clean_lufs10s/S-XCfkiu5QA_Deputy_Mary_Lou_McDonald_-_Leaders__Questions_-_17__52e486a5f6.wav,mary lou mcdonald,Leinster,DAIL
/Users/cianan/Documents/College/GitHub/FYP/Data/segments_clean_lufs10s/D6e_0ODpc1M_Deputy_Mary_Mitchell_O_Connor_-_Government_Busines__21823c423c.wav,mary mitchell o'connor,Connacht,DAIL
/Users/cianan/Documents/College/GitHub/FYP/Data/segments_clean_lufs10s/7ljJ4CFtDEM_Deputy_Mattie_McGrath_-_Questions_on_Promised_Legi__d1f3ca3916.wav,mattie mcgrath,Munster,DAIL
/Users/cianan/Documents/College/GitHub/FYP/Data/segments_clean_lufs10s/kP-4SLHmJ1o_Deputy_Mattie_McGrath_-_Private_Members__Business___8502e5bed3.wav,mattie mcgrath,Munster,DAIL
/Users/cianan/Documents/College/GitHub/FYP/Data/segments_clean_lufs10s/E8xi3h_9efE_Deputy_Mattie_McGrath_-_Questions_on_Promised_Legi__070ac0c41d.wav,mattie mcgrath,Munster,DAIL
/Users/cianan/Documents/College/GitHub/FYP/Data/segments_clean_lufs10s/68QIeVnbaCA_Deputy_Mattie_McGrath_-_Government_Business_-_19_J__b2c5df9cbc.wav,mattie mcgrath,Munster,DAIL
/Users/cianan/Documents/College/GitHub/FYP/Data/segments_clean_lufs10s/u3O7GF_9-Hg_Deputy_Mattie_McGrath_-_Government_Business_-_17_S__12dcda36d5.wav,mattie mcgrath,Munster,DAIL
/Users/cianan/Documents/College/GitHub/FYP/Data/segments_clean_lufs10s/JBzqO7dfED4_Deputy_Mattie_McGrath_-_Private_Members__Business___15226ae8a9.wav,mattie mcgrath,Munster,DAIL
/Users/cianan/Documents/College/GitHub/FYP/Data/segments_clean_lufs10s/gHB2UGMbdtU_Deputy_Mattie_McGrath_-_Private_Members__Business___670323364e.wav,mattie mcgrath,Munster,DAIL
/Users/cianan/Documents/College/GitHub/FYP/Data/segments_clean_lufs10s/VlQWsWDjrVs_Deputy_Mattie_McGrath_-_Government_Business_-_17_0__6e54740844.wav,mattie mcgrath,Munster,DAIL
/Users/cianan/Documents/College/GitHub/FYP/Data/segments_clean_lufs10s/H_b4xWqjwU0_Deputy_Mattie_McGrath_-_Private_Members__Business___eed5736466.wav,mattie mcgrath,Munster,DAIL
/Users/cianan/Documents/College/GitHub/FYP/Data/segments_clean_lufs10s/VLWyN87mm2A_Deputy_Mattie_McGrath_-_Order_of_Business_-_26_03___91511c9590.wav,mattie mcgrath,Munster,DAIL
/Users/cianan/Documents/College/GitHub/FYP/Data/segments_clean_lufs10s/2VD0wHMeUKA_Deputy_Mattie_McGrath_-_Questions_on_Promised_Legi__3e088aad36.wav,mattie mcgrath,Munster,DAIL
/Users/cianan/Documents/College/GitHub/FYP/Data/segments_clean_lufs10s/GHXgTnKlLQU_Deputy_Mattie_McGrath_-_Private_Members__Business___e09dc9185d.wav,mattie mcgrath,Munster,DAIL
/Users/cianan/Documents/College/GitHub/FYP/Data/segments_clean_lufs10s/VVLqdNJu6kE_Deputy_Mattie_McGrath_-_Government_Business_-_10_0__ed521b547e.wav,mattie mcgrath,Munster,DAIL
/Users/cianan/Documents/College/GitHub/FYP/Data/segments_clean_lufs10s/QaJwDHgY0so_Deputy_Mattie_McGrath_-_Questions_on_Promised_Legi__26f54a67c8.wav,mattie mcgrath,Munster,DAIL
/Users/cianan/Documents/College/GitHub/FYP/Data/segments_clean_lufs10s/0QhcGfNdRIs_Deputy_Mattie_McGrath_-_Order_of_Business_-_28_May__979ece6f21.wav,mattie mcgrath,Munster,DAIL
/Users/cianan/Documents/College/GitHub/FYP/Data/segments_clean_lufs10s/VIwqIvVg54Y_Deputy_Mattie_McGrath_-_Questions_on_Promised_Legi__1f711830ba.wav,mattie mcgrath,Munster,DAIL
/Users/cianan/Documents/College/GitHub/FYP/Data/segments_clean_lufs10s/GDp97_l_Ang_Deputy_Mattie_McGrath_-_Questions_on_Promised_Legi__415eb8e74e.wav,mattie mcgrath,Munster,DAIL
/Users/cianan/Documents/College/GitHub/FYP/Data/segments_clean_lufs10s/ZSzuExpOoJc_Deputy_Mattie_McGrath_-_Questions_on_Promised_Legi__6018ffac1b.wav,mattie mcgrath,Munster,DAIL
/Users/cianan/Documents/College/GitHub/FYP/Data/segments_clean_lufs10s/ZcW9aoRlQaU_Deputy_Mattie_McGrath_-_Order_of_Business_-_12_03___712be1dc08.wav,mattie mcgrath,Munster,DAIL
/Users/cianan/Documents/College/GitHub/FYP/Data/segments_clean_lufs10s/faluTS8qX2c_Deputy_Mattie_McGrath_-_Private_Members__Business___439f0260b2.wav,mattie mcgrath,Munster,DAIL
/Users/cianan/Documents/College/GitHub/FYP/Data/segments_clean_lufs10s/bonj_lOfSOw_Deputy_Mattie_McGrath_-_Government_Business_-_2_Oc__a797ecfce9.wav,mattie mcgrath,Munster,DAIL
/Users/cianan/Documents/College/GitHub/FYP/Data/segments_clean_lufs10s/_9lIRQmnDKs_Deputy_Mattie_McGrath_-_Order_of_Business_-_17_Sep__a1e751ee73.wav,mattie mcgrath,Munster,DAIL
/Users/cianan/Documents/College/GitHub/FYP/Data/segments_clean_lufs10s/vzQCkrLQ2lc_Deputy_Mattie_McGrath_-_Order_of_Business_-_25_Jun__7bbe6b1775.wav,mattie mcgrath,Munster,DAIL
/Users/cianan/Documents/College/GitHub/FYP/Data/segments_clean_lufs10s/wyrRdwpFnPI_Deputy_Mattie_McGrath_-_Government_Business_-_12_J__71956eae09.wav,mattie mcgrath,Munster,DAIL
/Users/cianan/Documents/College/GitHub/FYP/Data/segments_clean_lufs10s/RE_JHZElUYw_Deputy_Mattie_McGrath_-_Priority_Questions_-_19_Se__828f7bda89.wav,mattie mcgrath,Munster,DAIL
/Users/cianan/Documents/College/GitHub/FYP/Data/segments_clean_lufs10s/khADIP95h9M_Deputy_Mattie_McGrath_-_Government_Business_-_16_0__0df3e0bdbe.wav,mattie mcgrath,Munster,DAIL
/Users/cianan/Documents/College/GitHub/FYP/Data/segments_clean_lufs10s/Qkh0qT7BtX8_Deputy_Mattie_McGrath_-_Order_of_Business_-_18_Jun__0fc55e7005.wav,mattie mcgrath,Munster,DAIL
/Users/cianan/Documents/College/GitHub/FYP/Data/segments_clean_lufs10s/nQxFdRzNTSY_Deputy_Mattie_McGrath_-_Government_Business_-_29_M__bab9213920.wav,mattie mcgrath,Munster,DAIL
/Users/cianan/Documents/College/GitHub/FYP/Data/segments_clean_lufs10s/zQoTv5HaFqQ_Deputy_Mattie_McGrath_-_Private_Members__Business___9e33d5a4fa.wav,mattie mcgrath,Munster,DAIL
/Users/cianan/Documents/College/GitHub/FYP/Data/segments_clean_lufs10s/QKtKXbt02-c_Deputy_Mattie_McGrath_-_Private_Members__Business___45d8814c53.wav,mattie mcgrath,Munster,DAIL
/Users/cianan/Documents/College/GitHub/FYP/Data/segments_clean_lufs10s/Y2syJXwgYEE_Deputy_Mattie_McGrath_-_Government_Business_-_17_0__87959889dd.wav,mattie mcgrath,Munster,DAIL
/Users/cianan/Documents/College/GitHub/FYP/Data/segments_clean_lufs10s/0ZcjEGexyaw_Deputy_Mattie_McGrath_-_Questions_on_Promised_Legi__dcfec1a555.wav,mattie mcgrath,Munster,DAIL
/Users/cianan/Documents/College/GitHub/FYP/Data/segments_clean_lufs10s/FEoGNa6N4QE_Deputy_Mattie_McGrath_-_Government_Business_-_19_J__1c82e5ed23.wav,mattie mcgrath,Munster,DAIL
/Users/cianan/Documents/College/GitHub/FYP/Data/segments_clean_lufs10s/zDmvtUvYq6Q_Deputy_Mattie_McGrath_-_Questions_on_Promised_Legi__a47600e844.wav,mattie mcgrath,Munster,DAIL
/Users/cianan/Documents/College/GitHub/FYP/Data/segments_clean_lufs10s/UBBZ4dtQUb8_Deputy_Mattie_McGrath_-_Order_of_Business_-_12_03___bed26316bb.wav,mattie mcgrath,Munster,DAIL
/Users/cianan/Documents/College/GitHub/FYP/Data/segments_clean_lufs10s/HQCdIphLTho_Deputy_Mattie_McGrath_-_Questions_on_Promised_Legi__eb5134dab7.wav,mattie mcgrath,Munster,DAIL
/Users/cianan/Documents/College/GitHub/FYP/Data/segments_clean_lufs10s/c8G_9049HNw_Deputy_Mattie_McGrath_-_Topical_Issues_-_26_03_201__74a9877d24.wav,mattie mcgrath,Munster,DAIL
/Users/cianan/Documents/College/GitHub/FYP/Data/segments_clean_lufs10s/Zx0CJI9pOUM_Deputy_Mattie_McGrath_-_Priority_Questions_-_12_Ju__172d4e0253.wav,mattie mcgrath,Munster,DAIL
/Users/cianan/Documents/College/GitHub/FYP/Data/segments_clean_lufs10s/8m3Io8racTc_Deputy_Mattie_McGrath_-_Topical_Issues_-_10_Jul_20__6ac536af7b.wav,mattie mcgrath,Munster,DAIL
/Users/cianan/Documents/College/GitHub/FYP/Data/segments_clean_lufs10s/7096v_xg3S0_Deputy_Mattie_McGrath_-_Leaders__Questions_-_29_Ma__0e8e270e3a.wav,mattie mcgrath,Munster,DAIL
/Users/cianan/Documents/College/GitHub/FYP/Data/segments_clean_lufs10s/2L8cuMgIiZU_Deputy_Mattie_McGrath_-_Order_of_Business_-_16_04___fcc56cf1d0.wav,mattie mcgrath,Munster,DAIL
/Users/cianan/Documents/College/GitHub/FYP/Data/segments_clean_lufs10s/y8Xovx241qg_Deputy_Mattie_McGrath_-_Topical_Issues_-_16_04_201__19494b8444.wav,mattie mcgrath,Munster,DAIL
/Users/cianan/Documents/College/GitHub/FYP/Data/segments_clean_lufs10s/wteuufdMmII_Deputy_Mattie_McGrath_-_Questions_on_Promised_Legi__ed80f0c521.wav,mattie mcgrath,Munster,DAIL
/Users/cianan/Documents/College/GitHub/FYP/Data/segments_clean_lufs10s/iMTguGN7sXo_Deputy_Mattie_McGrath_-_Private_Members__Business___2efb6dc8b1.wav,mattie mcgrath,Munster,DAIL
/Users/cianan/Documents/College/GitHub/FYP/Data/segments_clean_lufs10s/zV0Q1j4PSl4_Deputy_Mattie_McGrath_-_Government_Business_-_27_0__cda5cdbf1f.wav,mattie mcgrath,Munster,DAIL
/Users/cianan/Documents/College/GitHub/FYP/Data/segments_clean_lufs10s/VRsNjtUHEgc_Deputy_Mattie_McGrath_-_Order_of_Business_-_8_May___23c1976fe0.wav,mattie mcgrath,Munster,DAIL
/Users/cianan/Documents/College/GitHub/FYP/Data/segments_clean_lufs10s/2JwdaTEF_0o_Deputy_Mattie_McGrath_-_Order_of_Business_-_25_Jun__479ad4b4b5.wav,mattie mcgrath,Munster,DAIL
/Users/cianan/Documents/College/GitHub/FYP/Data/segments_clean_lufs10s/rOU2OhSI030_Deputy_Mattie_McGrath_-_Private_Members__Business___c084477583.wav,mattie mcgrath,Munster,DAIL
/Users/cianan/Documents/College/GitHub/FYP/Data/segments_clean_lufs10s/Qq5SLofMMB4_Deputy_Mattie_McGrath_-_Topical_Issues_-_29_May_20__dcbca0070f.wav,mattie mcgrath,Munster,DAIL
/Users/cianan/Documents/College/GitHub/FYP/Data/segments_clean_lufs10s/YE1NUsREyR4_Deputy_Mattie_McGrath_-_Private_Members__Business___0052b6a598.wav,mattie mcgrath,Munster,DAIL
/Users/cianan/Documents/College/GitHub/FYP/Data/segments_clean_lufs10s/cNVJEBeYOnY_Deputy_Mattie_McGrath_-_Government_Business_-_11_J__3c2b25c3b4.wav,mattie mcgrath,Munster,DAIL
/Users/cianan/Documents/College/GitHub/FYP/Data/segments_clean_lufs10s/78H4aWABTtA_Deputy_Mattie_McGrath_-_Government_Business_-_2_Oc__c7ab00f6f3.wav,mattie mcgrath,Munster,DAIL
/Users/cianan/Documents/College/GitHub/FYP/Data/segments_clean_lufs10s/7fDhg6aSgRY_Deputy_Mattie_McGrath_-_Government_Business_-_10_J__9e568a04f2.wav,mattie mcgrath,Munster,DAIL
/Users/cianan/Documents/College/GitHub/FYP/Data/segments_clean_lufs10s/AbJHeFbRM0s_Deputy_Mattie_McGrath_-_Government_Business_-_4_Ju__09814c2cba.wav,mattie mcgrath,Munster,DAIL
/Users/cianan/Documents/College/GitHub/FYP/Data/segments_clean_lufs10s/ct8sVobG13I_Deputy_Mattie_McGrath_-_Questions_on_Promised_Legi__92bbb7c343.wav,mattie mcgrath,Munster,DAIL
/Users/cianan/Documents/College/GitHub/FYP/Data/segments_clean_lufs10s/KpXDUES3EBw_Deputy_Mattie_McGrath_-_speech_from_9_May_2019__82230cb8c1.wav,mattie mcgrath,Munster,DAIL
/Users/cianan/Documents/College/GitHub/FYP/Data/segments_clean_lufs10s/3y_DGt2_2FQ_Deputy_Mattie_McGrath_-_Priority_Questions_-_07_03__b837a76c49.wav,mattie mcgrath,Munster,DAIL
/Users/cianan/Documents/College/GitHub/FYP/Data/segments_clean_lufs10s/TW1f_jt5nw0_Deputy_Mattie_McGrath_-_Order_of_Business_-_9_Jul___7e1a574038.wav,mattie mcgrath,Munster,DAIL
/Users/cianan/Documents/College/GitHub/FYP/Data/segments_clean_lufs10s/hHm4JLB8RkM_Deputy_Mattie_McGrath_-_Private_Members__Business___c6a68fd557.wav,mattie mcgrath,Munster,DAIL
/Users/cianan/Documents/College/GitHub/FYP/Data/segments_clean_lufs10s/ukcRZtn0osc_Deputy_Mattie_McGrath_-_Questions_on_Promised_Legi__b4399cf395.wav,mattie mcgrath,Munster,DAIL
/Users/cianan/Documents/College/GitHub/FYP/Data/segments_clean_lufs10s/uldWXxxfWvA_Deputy_Mattie_McGrath_-_Government_Business_-_3_Oc__31025b38d8.wav,mattie mcgrath,Munster,DAIL
/Users/cianan/Documents/College/GitHub/FYP/Data/segments_clean_lufs10s/3G4ag79-haY_Deputy_Mattie_McGrath_-_Private_Members__Business___cf9d604417.wav,mattie mcgrath,Munster,DAIL
/Users/cianan/Documents/College/GitHub/FYP/Data/segments_clean_lufs10s/PTRXoGf-wn8_Deputy_Mattie_McGrath_-_Government_Business_-_9_Ju__11a9e457a3.wav,mattie mcgrath,Munster,DAIL
/Users/cianan/Documents/College/GitHub/FYP/Data/segments_clean_lufs10s/J_S5quP8gLw_Deputy_Mattie_McGrath_-_Questions_on_Promised_Legi__fd75449e0a.wav,mattie mcgrath,Munster,DAIL
/Users/cianan/Documents/College/GitHub/FYP/Data/segments_clean_lufs10s/WuQ1a_Idb8g_Deputy_Mattie_McGrath_-_Government_Business_-_24_S__5dc161818f.wav,mattie mcgrath,Munster,DAIL
/Users/cianan/Documents/College/GitHub/FYP/Data/segments_clean_lufs10s/TQvdOV7HJdQ_Deputy_Mattie_McGrath_-_Government_Business_-_2_Oc__ec1a992e58.wav,mattie mcgrath,Munster,DAIL
/Users/cianan/Documents/College/GitHub/FYP/Data/segments_clean_lufs10s/PIB6kGLQC-4_Deputy_Mattie_McGrath_-_Government_Business_-_10_J__312589e56d.wav,mattie mcgrath,Munster,DAIL
/Users/cianan/Documents/College/GitHub/FYP/Data/segments_clean_lufs10s/e6KzABen2lk_Deputy_Mattie_McGrath_-_Government_Business_-_10_0__1192b5a81f.wav,mattie mcgrath,Munster,DAIL
/Users/cianan/Documents/College/GitHub/FYP/Data/segments_clean_lufs10s/lnWnabSXj8k_Deputy_Mattie_McGrath_-_Questions_on_Promised_Legi__0af4f5fc1d.wav,mattie mcgrath,Munster,DAIL
/Users/cianan/Documents/College/GitHub/FYP/Data/segments_clean_lufs10s/hrHpZyhfSSI_Deputy_Mattie_McGrath_-_Private_Members__Business___7f3cdccc25.wav,mattie mcgrath,Munster,DAIL
/Users/cianan/Documents/College/GitHub/FYP/Data/segments_clean_lufs10s/pmdzHLDNgtE_Deputy_Mattie_McGrath_-_Questions_on_Promised_Legi__2a813b880a.wav,mattie mcgrath,Munster,DAIL
/Users/cianan/Documents/College/GitHub/FYP/Data/segments_clean_lufs10s/cAyzoqptT9U_Deputy_Mattie_McGrath_-_Priority_Questions_-_3_Oct__fa4bfacc38.wav,mattie mcgrath,Munster,DAIL
/Users/cianan/Documents/College/GitHub/FYP/Data/segments_clean_lufs10s/OI87VRsGry8_Deputy_Mattie_McGrath_-_Private_Members__Business___bc4380059b.wav,mattie mcgrath,Munster,DAIL
/Users/cianan/Documents/College/GitHub/FYP/Data/segments_clean_lufs10s/oQSU2CAc_UE_Deputy_Mattie_McGrath_-_Questions_on_Promised_Legi__bea07d7b80.wav,mattie mcgrath,Munster,DAIL
/Users/cianan/Documents/College/GitHub/FYP/Data/segments_clean_lufs10s/ydn2uzrNHh4_Deputy_Mattie_McGrath_-_Questions_on_Promised_Legi__165293860e.wav,mattie mcgrath,Munster,DAIL
/Users/cianan/Documents/College/GitHub/FYP/Data/segments_clean_lufs10s/8Ea03ZeLums_Deputy_Mattie_McGrath_-_Government_Business_-_27_0__15ea917389.wav,mattie mcgrath,Munster,DAIL
/Users/cianan/Documents/College/GitHub/FYP/Data/segments_clean_lufs10s/3h1Y3JlQvx8_Deputy_Mattie_McGrath_-_speech_from_8_May_2019__5949ebf4a1.wav,mattie mcgrath,Munster,DAIL
/Users/cianan/Documents/College/GitHub/FYP/Data/segments_clean_lufs10s/TnvyKYsO6Lo_Deputy_Mattie_McGrath_-_Private_Members__Business___e1696f7998.wav,mattie mcgrath,Munster,DAIL
/Users/cianan/Documents/College/GitHub/FYP/Data/segments_clean_lufs10s/AH9vV6Qm-lo_Deputy_Mattie_McGrath_-_Private_Members__Business___95e3cc8754.wav,mattie mcgrath,Munster,DAIL
/Users/cianan/Documents/College/GitHub/FYP/Data/segments_clean_lufs10s/ykFj-pRJLDs_Deputy_Mattie_McGrath_-_Order_of_Business_-_19_Jun__a163489fe9.wav,mattie mcgrath,Munster,DAIL
/Users/cianan/Documents/College/GitHub/FYP/Data/segments_clean_lufs10s/n70dv8FtFs4_Deputy_Mattie_McGrath_-_Questions_on_Promised_Legi__6d2a7584d2.wav,mattie mcgrath,Munster,DAIL
/Users/cianan/Documents/College/GitHub/FYP/Data/segments_clean_lufs10s/xpgQ7kFXGtc_Deputy_Mattie_McGrath_-_Order_of_Business_-_16_04___287d6219ea.wav,mattie mcgrath,Munster,DAIL
/Users/cianan/Documents/College/GitHub/FYP/Data/segments_clean_lufs10s/njdbZm0_VXo_Deputy_Mattie_McGrath_-_Private_Members__Business___ba7aa42093.wav,mattie mcgrath,Munster,DAIL
/Users/cianan/Documents/College/GitHub/FYP/Data/segments_clean_lufs10s/smEwTXTWZyE_Deputy_Mattie_McGrath_-_Questions_on_Promised_Legi__64ba7cc987.wav,mattie mcgrath,Munster,DAIL
/Users/cianan/Documents/College/GitHub/FYP/Data/segments_clean_lufs10s/NMQINYQNlvg_Deputy_Mattie_McGrath_-_Order_of_Business_-_18_Jun__b769235787.wav,mattie mcgrath,Munster,DAIL
/Users/cianan/Documents/College/GitHub/FYP/Data/segments_clean_lufs10s/KvlHGwogkZ4_Deputy_Mattie_McGrath_-_Government_Business_-_27_J__90e08150ee.wav,mattie mcgrath,Munster,DAIL
/Users/cianan/Documents/College/GitHub/FYP/Data/segments_clean_lufs10s/6oPm91StNiA_Deputy_Mattie_McGrath_-_Government_Business_-_26_J__118ad7b33b.wav,mattie mcgrath,Munster,DAIL
/Users/cianan/Documents/College/GitHub/FYP/Data/segments_clean_lufs10s/IHPezo_2IEw_Deputy_Mattie_McGrath_-_Government_Business_-_18_S__08fb82d330.wav,mattie mcgrath,Munster,DAIL
/Users/cianan/Documents/College/GitHub/FYP/Data/segments_clean_lufs10s/T3USJ5Yxl6M_Deputy_Mattie_McGrath_-_Order_of_Business_-_24_Sep__20f194293f.wav,mattie mcgrath,Munster,DAIL
/Users/cianan/Documents/College/GitHub/FYP/Data/segments_clean_lufs10s/uCffxN8c1tg_Deputy_Mattie_McGrath_-_Private_Members__Business___dd47731c72.wav,mattie mcgrath,Munster,DAIL
/Users/cianan/Documents/College/GitHub/FYP/Data/segments_clean_lufs10s/0zWNEV3G2PU_Deputy_Mattie_McGrath_-_Government_Business_-_12_0__8186e59ee6.wav,mattie mcgrath,Munster,DAIL
/Users/cianan/Documents/College/GitHub/FYP/Data/segments_clean_lufs10s/a3p9s0l01FU_Deputy_Mattie_McGrath_-_Government_Business_-_10_0__00960b6a69.wav,mattie mcgrath,Munster,DAIL
/Users/cianan/Documents/College/GitHub/FYP/Data/segments_clean_lufs10s/myI7I2HoUBk_Deputy_Mattie_McGrath_-_Questions_on_Promised_Legi__05f581311d.wav,mattie mcgrath,Munster,DAIL
/Users/cianan/Documents/College/GitHub/FYP/Data/segments_clean_lufs10s/BgzkFQQOjbI_Deputy_Mattie_McGrath_-_Topical_Issues_-_16_04_201__ac7df05359.wav,mattie mcgrath,Munster,DAIL
/Users/cianan/Documents/College/GitHub/FYP/Data/segments_clean_lufs10s/vgH0lGVvosI_Deputy_Mattie_McGrath_-_Questions_on_Promised_Legi__ef5295f438.wav,mattie mcgrath,Munster,DAIL
/Users/cianan/Documents/College/GitHub/FYP/Data/segments_clean_lufs10s/NI_eEdtcoHc_Deputy_Mattie_McGrath_-_Expressions_of_Sympathy_-___f97559b606.wav,mattie mcgrath,Munster,DAIL
/Users/cianan/Documents/College/GitHub/FYP/Data/segments_clean_lufs10s/OPKo4jrTTdU_Deputy_Mattie_McGrath_-_Questions_on_Promised_Legi__7275d0bd4e.wav,mattie mcgrath,Munster,DAIL
/Users/cianan/Documents/College/GitHub/FYP/Data/segments_clean_lufs10s/noKeiPXYedU_Deputy_Mattie_McGrath_-_Private_Members__Business___c15170b6c7.wav,mattie mcgrath,Munster,DAIL
/Users/cianan/Documents/College/GitHub/FYP/Data/segments_clean_lufs10s/w_gVQNomI-g_Deputy_Mattie_McGrath_-_Government_Business_-_10_J__0f9d1fe42c.wav,mattie mcgrath,Munster,DAIL
/Users/cianan/Documents/College/GitHub/FYP/Data/segments_clean_lufs10s/KNHBj1e1TIo_Deputy_Mattie_McGrath_-_Private_Members__Business___662bddcd4d.wav,mattie mcgrath,Munster,DAIL
/Users/cianan/Documents/College/GitHub/FYP/Data/segments_clean_lufs10s/b26bbJbn3NQ_Deputy_Mattie_McGrath_-_Government_Business_-_18_J__d87f24f9da.wav,mattie mcgrath,Munster,DAIL
/Users/cianan/Documents/College/GitHub/FYP/Data/segments_clean_lufs10s/vWsbd0Nhoio_Deputy_Mattie_McGrath_-_Priority_Questions_-_10_Ju__3e7fa840a2.wav,mattie mcgrath,Munster,DAIL
/Users/cianan/Documents/College/GitHub/FYP/Data/segments_clean_lufs10s/_2_Um4o3uv0_Deputy_Mattie_McGrath_-_Government_Business_-_12_J__99c19b8482.wav,mattie mcgrath,Munster,DAIL
/Users/cianan/Documents/College/GitHub/FYP/Data/segments_clean_lufs10s/LDpNxWGI9Ek_Deputy_Mattie_McGrath_-_Government_Business_-_10_J__8ab0f4c0f8.wav,mattie mcgrath,Munster,DAIL
/Users/cianan/Documents/College/GitHub/FYP/Data/segments_clean_lufs10s/QrOY3JuEqw0_Deputy_Mattie_McGrath_-_Leaders__Questions_-_9_May__7c228823f5.wav,mattie mcgrath,Munster,DAIL
/Users/cianan/Documents/College/GitHub/FYP/Data/segments_clean_lufs10s/T3ZSw3fgmHc_Deputy_Mattie_McGrath_-_Government_Business_-_25_S__40cbd0953e.wav,mattie mcgrath,Munster,DAIL
/Users/cianan/Documents/College/GitHub/FYP/Data/segments_clean_lufs10s/l_lY63xq3zM_Deputy_Mattie_McGrath_-_Government_Business_-_12_J__02823df503.wav,mattie mcgrath,Munster,DAIL
/Users/cianan/Documents/College/GitHub/FYP/Data/segments_clean_lufs10s/9Tmnffhz_Ds_Deputy_Mattie_McGrath_-_Government_Business_-_19_J__77ef3bc680.wav,mattie mcgrath,Munster,DAIL
/Users/cianan/Documents/College/GitHub/FYP/Data/segments_clean_lufs10s/1okFZSLpr8o_Deputy_Mattie_McGrath_-_Topical_Issues_-_26_03_201__e47aba4790.wav,mattie mcgrath,Munster,DAIL
/Users/cianan/Documents/College/GitHub/FYP/Data/segments_clean_lufs10s/4olmJh9Zg3Y_Deputy_Mattie_McGrath_-_Questions_on_Promised_Legi__2bf21d1c08.wav,mattie mcgrath,Munster,DAIL
/Users/cianan/Documents/College/GitHub/FYP/Data/segments_clean_lufs10s/WwALfNQ1h3s_Deputy_Mattie_McGrath_-_Topical_Issues_-_26_03_201__8246bc71dc.wav,mattie mcgrath,Munster,DAIL
/Users/cianan/Documents/College/GitHub/FYP/Data/segments_clean_lufs10s/66OegRKz_Hc_Deputy_Mattie_McGrath_-_Order_of_Business_-_2_Jul___7d8133407a.wav,mattie mcgrath,Munster,DAIL
/Users/cianan/Documents/College/GitHub/FYP/Data/segments_clean_lufs10s/WxvF8x_jnHQ_Deputy_Mattie_McGrath_-_Government_Business_-_12_J__68415b5c3a.wav,mattie mcgrath,Munster,DAIL
/Users/cianan/Documents/College/GitHub/FYP/Data/segments_clean_lufs10s/f3_r1FkLXMg_Deputy_Mattie_McGrath_-_Government_Business_-_26_J__486ad8e100.wav,mattie mcgrath,Munster,DAIL
/Users/cianan/Documents/College/GitHub/FYP/Data/segments_clean_lufs10s/FSEJ_0ft6Cw_Deputy_Mattie_McGrath_-_Questions_on_Promised_Legi__b662a44798.wav,mattie mcgrath,Munster,DAIL
/Users/cianan/Documents/College/GitHub/FYP/Data/segments_clean_lufs10s/qjISopFzsNE_Deputy_Mattie_McGrath_-_Topical_Issues_-_25_Jun_20__93f2769d75.wav,mattie mcgrath,Munster,DAIL
/Users/cianan/Documents/College/GitHub/FYP/Data/segments_clean_lufs10s/urtDXCezZ-M_Deputy_Mattie_McGrath_-_Government_Business_-_25_J__dedb652f95.wav,mattie mcgrath,Munster,DAIL
/Users/cianan/Documents/College/GitHub/FYP/Data/segments_clean_lufs10s/00gUGrlPyds_Deputy_Mattie_McGrath_Leaders__Questions_-_10_Jul___6c8f478eea.wav,mattie mcgrath,Munster,DAIL
/Users/cianan/Documents/College/GitHub/FYP/Data/segments_clean_lufs10s/8ptw8dG8rgA_Maura_Hopkins_-_speech_from__09_Apr_2019__c1bfb74e4d.wav,maura hopkins,Connacht,DAIL
/Users/cianan/Documents/College/GitHub/FYP/Data/segments_clean_lufs10s/7_8oNk3pLww_Senator_Maura_Hopkins_-_speech_from_19_Jun_2019__b58bfef375.wav,maura hopkins,Connacht,DAIL
/Users/cianan/Documents/College/GitHub/FYP/Data/segments_clean_lufs10s/u2y48jBq88w_Maura_Hopkins_-_speech_from__17_Apr_2019__66484063c2.wav,maura hopkins,Connacht,DAIL
/Users/cianan/Documents/College/GitHub/FYP/Data/segments_clean_lufs10s/F4pnpfUHGrg_Senator_Maura_Hopkins_-_Order_of_Business_-_15_May__2fcea3946c.wav,maura hopkins,Connacht,DAIL
/Users/cianan/Documents/College/GitHub/FYP/Data/segments_clean_lufs10s/nBDao46FaSA_Maura_Hopkins_-_speech_from__09_Apr_2019__7f2df107cb.wav,maura hopkins,Connacht,DAIL
/Users/cianan/Documents/College/GitHub/FYP/Data/segments_clean_lufs10s/T_3fSS5YgxI_Senator_Maura_Hopkins_-_speech_from_22_May_2019__b4c388b769.wav,maura hopkins,Connacht,DAIL
/Users/cianan/Documents/College/GitHub/FYP/Data/segments_clean_lufs10s/Oy5tR7hGfCE_Senator_Maura_Hopkins_-_speech_from_1_Oct_2019__d96ce9b203.wav,maura hopkins,Connacht,DAIL
/Users/cianan/Documents/College/GitHub/FYP/Data/segments_clean_lufs10s/lwWJOpTeVRI_Deputy_Maureen_O_Sullivan_-_Other_Questions_-_18_J__fe6da2692c.wav,maureen o'sullivan,Leinster,DAIL
/Users/cianan/Documents/College/GitHub/FYP/Data/segments_clean_lufs10s/umTO0cyMp-E_Deputy_Maureen_O_Sullivan_-_Government_Business_-___be70143fd8.wav,maureen o'sullivan,Leinster,DAIL
/Users/cianan/Documents/College/GitHub/FYP/Data/segments_clean_lufs10s/kCyvKIbk0jU_Deputy_Maureen_O_Sullivan_-_Government_Business_-___aa62f34168.wav,maureen o'sullivan,Leinster,DAIL
/Users/cianan/Documents/College/GitHub/FYP/Data/segments_clean_lufs10s/eSMH2qLnr8w_Deputy_Maureen_O_Sullivan_-_Other_Questions_-_17_S__2a9c459b59.wav,maureen o'sullivan,Leinster,DAIL
/Users/cianan/Documents/College/GitHub/FYP/Data/segments_clean_lufs10s/YyzQOwWNaUs_Deputy_Maurice_Quinlivan_-_Government_Business_-_0__1a92b02036.wav,maurice quinlivan,Munster,DAIL
/Users/cianan/Documents/College/GitHub/FYP/Data/segments_clean_lufs10s/3P_1wkPOM0Q_Deputy_Maurice_Quinlivan_-_Priority_Questions_-_27__2be358c01e.wav,maurice quinlivan,Munster,DAIL
/Users/cianan/Documents/College/GitHub/FYP/Data/segments_clean_lufs10s/om7Z9DRDsFg_Deputy_Maurice_Quinlivan_-_Questions_on_Promised_L__80778a75a2.wav,maurice quinlivan,Munster,DAIL
/Users/cianan/Documents/College/GitHub/FYP/Data/segments_clean_lufs10s/1OUGarSLgmw_Deputy_Maurice_Quinlivan_-_Topical_Issues_-_14_May__f088bc0831.wav,maurice quinlivan,Munster,DAIL
/Users/cianan/Documents/College/GitHub/FYP/Data/segments_clean_lufs10s/qQOWo9IhNB8_Deputy_Maurice_Quinlivan_-_Order_of_Business_-_24___e030b143de.wav,maurice quinlivan,Munster,DAIL
/Users/cianan/Documents/College/GitHub/FYP/Data/segments_clean_lufs10s/3X9BUoLaVKo_Deputy_Michael_Collins_-_Government_Business_-_17___5a39e51854.wav,michael collins,Munster,DAIL
/Users/cianan/Documents/College/GitHub/FYP/Data/segments_clean_lufs10s/f5bI1_ns0ms_Deputy_Michael_Creed_-_Government_Business_-_17_Se__ee2e25ca1d.wav,michael creed,Munster,DAIL
/Users/cianan/Documents/College/GitHub/FYP/Data/segments_clean_lufs10s/psXQXpLe86M_Deputy_Michael_D_Arcy_-_Government_Business_-_12_0__be4f3b0bea.wav,michael d'arcy,Leinster,DAIL
/Users/cianan/Documents/College/GitHub/FYP/Data/segments_clean_lufs10s/BmAzpS00SBM_Deputy_Michael_D_Arcy_-_Private_Members__Business___fbe43473d6.wav,michael d'arcy,Leinster,DAIL
/Users/cianan/Documents/College/GitHub/FYP/Data/segments_clean_lufs10s/xSKYIxWrMvc_Deputy_Michael_Fitzmaurice_-_Private_Members__Busi__03b7d1e7a5.wav,michael fitzmaurice,Connacht,DAIL
/Users/cianan/Documents/College/GitHub/FYP/Data/segments_clean_lufs10s/ijNCKrY2zug_Deputy_Michael_Fitzmaurice_-_Order_of_Business_-_1__8a2e62b2b1.wav,michael fitzmaurice,Connacht,DAIL
/Users/cianan/Documents/College/GitHub/FYP/Data/segments_clean_lufs10s/_gXTceDxePc_Deputy_Michael_Fitzmaurice_-_Questions_on_Promised__7436d7f736.wav,michael fitzmaurice,Connacht,DAIL
/Users/cianan/Documents/College/GitHub/FYP/Data/segments_clean_lufs10s/MkcaEj8S7sA_Deputy_Michael_Fitzmaurice_-_Government_Business_-__c4f1315436.wav,michael fitzmaurice,Connacht,DAIL
/Users/cianan/Documents/College/GitHub/FYP/Data/segments_clean_lufs10s/Mp0gZT9i_jA_Deputy_Michael_Fitzmaurice_-_Private_Members__Busi__fb176e8b12.wav,michael fitzmaurice,Connacht,DAIL
/Users/cianan/Documents/College/GitHub/FYP/Data/segments_clean_lufs10s/gx90Yuuw7XM_Deputy_Michael_Fitzmaurice_-_Private_Members__Busi__d6e22de60f.wav,michael fitzmaurice,Connacht,DAIL
/Users/cianan/Documents/College/GitHub/FYP/Data/segments_clean_lufs10s/h27try2siBM_Deputy_Michael_Fitzmaurice_-_Order_of_Business_-_2__1cc2d6cba3.wav,michael fitzmaurice,Connacht,DAIL
/Users/cianan/Documents/College/GitHub/FYP/Data/segments_clean_lufs10s/5BU3lYWH8j8_Deputy_Michael_Fitzmaurice_-_Government_Business_-__cf6ecf422d.wav,michael fitzmaurice,Connacht,DAIL
/Users/cianan/Documents/College/GitHub/FYP/Data/segments_clean_lufs10s/psxZCfbKihk_Deputy_Michael_Fitzmaurice_-_Topical_Issues_-_11_J__5e53e09210.wav,michael fitzmaurice,Connacht,DAIL
/Users/cianan/Documents/College/GitHub/FYP/Data/segments_clean_lufs10s/huy5Cgpr15Q_Deputy_Michael_Fitzmaurice_-_Private_Members__Busi__95a4287862.wav,michael fitzmaurice,Connacht,DAIL
/Users/cianan/Documents/College/GitHub/FYP/Data/segments_clean_lufs10s/rs59F6VXDh0_Deputy_Michael_Fitzmaurice_-_Private_Members__Busi__7fb1846a34.wav,michael fitzmaurice,Connacht,DAIL
/Users/cianan/Documents/College/GitHub/FYP/Data/segments_clean_lufs10s/5raNgSO89oI_Deputy_Michael_Fitzmaurice_-_Private_Members__Busi__af969c550b.wav,michael fitzmaurice,Connacht,DAIL
/Users/cianan/Documents/College/GitHub/FYP/Data/segments_clean_lufs10s/WOUVPnja9F4_Deputy_Michael_Fitzmaurice_-_Topical_Issues_-_27_0__eb6ee46b23.wav,michael fitzmaurice,Connacht,DAIL
/Users/cianan/Documents/College/GitHub/FYP/Data/segments_clean_lufs10s/Mj5bcPSby0I_Deputy_Michael_Fitzmaurice_-_Private_Members__Busi__665bca2989.wav,michael fitzmaurice,Connacht,DAIL
/Users/cianan/Documents/College/GitHub/FYP/Data/segments_clean_lufs10s/EaFU4qKGyTs_Deputy_Michael_Fitzmaurice_-_Private_Members__Busi__36091453c1.wav,michael fitzmaurice,Connacht,DAIL
/Users/cianan/Documents/College/GitHub/FYP/Data/segments_clean_lufs10s/EsqvoKMzSVY_Deputy_Michael_Fitzmaurice_-_Government_Business_-__5f6561a2bb.wav,michael fitzmaurice,Connacht,DAIL
/Users/cianan/Documents/College/GitHub/FYP/Data/segments_clean_lufs10s/Kb3_BnOnTg0_Deputy_Michael_Fitzmaurice_-_Government_Business_-__f68272e7b8.wav,michael fitzmaurice,Connacht,DAIL
/Users/cianan/Documents/College/GitHub/FYP/Data/segments_clean_lufs10s/SmclqneLY9U_Deputy_Michael_Fitzmaurice_-_Government_Business_-__5dff3f6b82.wav,michael fitzmaurice,Connacht,DAIL
/Users/cianan/Documents/College/GitHub/FYP/Data/segments_clean_lufs10s/wmEyFrGNTnE_Deputy_Michael_Fitzmaurice_-_Private_Members__Busi__d5fc0e74cb.wav,michael fitzmaurice,Connacht,DAIL
/Users/cianan/Documents/College/GitHub/FYP/Data/segments_clean_lufs10s/7g6o1A8IdDY_Deputy_Michael_Fitzmaurice_-_Government_Business_-__f4f29aa824.wav,michael fitzmaurice,Connacht,DAIL
/Users/cianan/Documents/College/GitHub/FYP/Data/segments_clean_lufs10s/sLlTrWMqX20_Deputy_Michael_Fitzmaurice_-_Topical_Issues_-_11_J__f8b3ce9623.wav,michael fitzmaurice,Connacht,DAIL
/Users/cianan/Documents/College/GitHub/FYP/Data/segments_clean_lufs10s/sputmbSAAMk_Deputy_Michael_Fitzmaurice_-_Government_Business_-__c58a7f1399.wav,michael fitzmaurice,Connacht,DAIL
/Users/cianan/Documents/College/GitHub/FYP/Data/segments_clean_lufs10s/A3bNw_5k8m8_Deputy_Michael_Fitzmaurice_-_Private_Members__Busi__cd95b40ca4.wav,michael fitzmaurice,Connacht,DAIL
/Users/cianan/Documents/College/GitHub/FYP/Data/segments_clean_lufs10s/k6na-f5pmHI_Deputy_Michael_Fitzmaurice_-_Government_Business_-__ac7ee1e2ac.wav,michael fitzmaurice,Connacht,DAIL
/Users/cianan/Documents/College/GitHub/FYP/Data/segments_clean_lufs10s/XXUTdPlsdQE_Deputy_Michael_Fitzmaurice_-_Topical_Issues_-_12_0__e5e199f5b1.wav,michael fitzmaurice,Connacht,DAIL
/Users/cianan/Documents/College/GitHub/FYP/Data/segments_clean_lufs10s/tk38N4-3W1M_Deputy_Michael_Fitzmaurice_-_Government_Business_-__4b7456b7fc.wav,michael fitzmaurice,Connacht,DAIL
/Users/cianan/Documents/College/GitHub/FYP/Data/segments_clean_lufs10s/ADIPTTiNr3E_Deputy_Michael_Fitzmaurice_-_Government_Business_-__2c77ba3c81.wav,michael fitzmaurice,Connacht,DAIL
/Users/cianan/Documents/College/GitHub/FYP/Data/segments_clean_lufs10s/n2ktVAU-s04_Deputy_Michael_Fitzmaurice_-_Topical_Issues_-_11_J__e8033f033c.wav,michael fitzmaurice,Connacht,DAIL
/Users/cianan/Documents/College/GitHub/FYP/Data/segments_clean_lufs10s/16VxYiVKgwo_Deputy_Michael_Harty_-_Private_Members__Business_-__f13efd229e.wav,michael harty,Munster,DAIL
/Users/cianan/Documents/College/GitHub/FYP/Data/segments_clean_lufs10s/4EfuO9-S0WY_Deputy_Michael_Harty_-_Leaders__Questions_-_05_03___5824b6698a.wav,michael harty,Munster,DAIL
/Users/cianan/Documents/College/GitHub/FYP/Data/segments_clean_lufs10s/VuWZjLf6B7w_Deputy_Michael_Healy-Rae_-_Private_Members__Busine__2f91882248.wav,michael healy,Munster,DAIL
/Users/cianan/Documents/College/GitHub/FYP/Data/segments_clean_lufs10s/uA5oEyFiqc8_Deputy_Michael_Healy-Rae_-_Priority_Questions_-_19__dd36048ef0.wav,michael healy,Munster,DAIL
/Users/cianan/Documents/College/GitHub/FYP/Data/segments_clean_lufs10s/K1WpPCLmBGQ_Deputy_Michael_Healy-Rae_-_Private_Members__Busine__6e8c200251.wav,michael healy,Munster,DAIL
/Users/cianan/Documents/College/GitHub/FYP/Data/segments_clean_lufs10s/qpIIFaklb4s_Deputy_Michael_Healy-Rae_-_Topical_Issues_-_17_Sep__3a489107ae.wav,michael healy,Munster,DAIL
/Users/cianan/Documents/College/GitHub/FYP/Data/segments_clean_lufs10s/eAOce92B5f8_Deputy_Michael_Lowry_-_Expressions_of_Sympathy_-_2__c9b3bd7399.wav,michael lowry,Munster,DAIL
/Users/cianan/Documents/College/GitHub/FYP/Data/segments_clean_lufs10s/h3AzJGtFOzE_Senator_Michael_McDowell_-_speech_from_9_May_2019__09fb75cfb2.wav,michael mcdowell,Leinster,DAIL
/Users/cianan/Documents/College/GitHub/FYP/Data/segments_clean_lufs10s/WwC3mC5LUUA_Michael_McDowell_-_speech_from__18_Apr_2019__ca15b8cee1.wav,michael mcdowell,Leinster,DAIL
/Users/cianan/Documents/College/GitHub/FYP/Data/segments_clean_lufs10s/u2WcXeQ7xJg_Michael_McDowell_-_speech_from__10_Apr_2019__6f4b8760d4.wav,michael mcdowell,Leinster,DAIL
/Users/cianan/Documents/College/GitHub/FYP/Data/segments_clean_lufs10s/IGq_qZdOiZg_Michael_McDowell_-_speech_from__10_Apr_2019__65488eb35a.wav,michael mcdowell,Leinster,DAIL
/Users/cianan/Documents/College/GitHub/FYP/Data/segments_clean_lufs10s/jRAIUBkOfTg_Michael_McDowell_-_speech_from__17_Apr_2019__68dc2f6515.wav,michael mcdowell,Leinster,DAIL
/Users/cianan/Documents/College/GitHub/FYP/Data/segments_clean_lufs10s/U9ry-jqs9vY_Senator_Michael_McDowell_-_speech_from_9_May_2019__a4ae0cc5e2.wav,michael mcdowell,Leinster,DAIL
/Users/cianan/Documents/College/GitHub/FYP/Data/segments_clean_lufs10s/dwVLI-rletM_Michael_McDowell_-_speech_from__17_Apr_2019__e3fa68f03b.wav,michael mcdowell,Leinster,DAIL
/Users/cianan/Documents/College/GitHub/FYP/Data/segments_clean_lufs10s/gxf79BspDGE_Senator_Michael_McDowell_-_speech_from_24_Sep_2019__8e4b0100f4.wav,michael mcdowell,Leinster,DAIL
/Users/cianan/Documents/College/GitHub/FYP/Data/segments_clean_lufs10s/0HofLm5ph_w_Michael_McDowell_-_speech_from__09_Apr_2019__e9266adf3f.wav,michael mcdowell,Leinster,DAIL
/Users/cianan/Documents/College/GitHub/FYP/Data/segments_clean_lufs10s/OhsEQnnQ8ps_Senator_Michael_McDowell_-_speech_from_9_May_2019__652412f136.wav,michael mcdowell,Leinster,DAIL
/Users/cianan/Documents/College/GitHub/FYP/Data/segments_clean_lufs10s/A-rWph-D_U8_Senator_Michael_McDowell_-_speech_from_21_May_2019__cf9a156b81.wav,michael mcdowell,Leinster,DAIL
/Users/cianan/Documents/College/GitHub/FYP/Data/segments_clean_lufs10s/K8XgVB9GQO4_Michael_McDowell_-_speech_from__17_Apr_2019__92e319f11a.wav,michael mcdowell,Leinster,DAIL
/Users/cianan/Documents/College/GitHub/FYP/Data/segments_clean_lufs10s/DzpyPGor3Y4_Michael_McDowell_-_speech_from__10_Apr_2019__2feb929279.wav,michael mcdowell,Leinster,DAIL
/Users/cianan/Documents/College/GitHub/FYP/Data/segments_clean_lufs10s/yi_utE_FetE_Michael_McDowell_-_speech_from__17_Apr_2019__0dbbb5a47e.wav,michael mcdowell,Leinster,DAIL
/Users/cianan/Documents/College/GitHub/FYP/Data/segments_clean_lufs10s/_M2MhvvNiyo_Senator_Michael_McDowell_-_speech_from_-_14_May_20__cf40796fb3.wav,michael mcdowell,Leinster,DAIL
/Users/cianan/Documents/College/GitHub/FYP/Data/segments_clean_lufs10s/7rhvxc5zXO4_Michael_McDowell_-_speech_from__17_Apr_2019__2a619ac434.wav,michael mcdowell,Leinster,DAIL
/Users/cianan/Documents/College/GitHub/FYP/Data/segments_clean_lufs10s/2enPFMgX3Sg_Senator_Michael_McDowell_-_speech_from_11_Jun_2019__ddcf1a66b3.wav,michael mcdowell,Leinster,DAIL
/Users/cianan/Documents/College/GitHub/FYP/Data/segments_clean_lufs10s/FEGHge6y2DQ_Senator_Michael_McDowell_-_speech_from_28_May_2019__77e633bc40.wav,michael mcdowell,Leinster,DAIL
/Users/cianan/Documents/College/GitHub/FYP/Data/segments_clean_lufs10s/fxr24mV2LQg_Deputy_Michael_McGrath_-_Topical_Issues_-_10_04_20__72b1402ff1.wav,michael mcgrath,Munster,DAIL
/Users/cianan/Documents/College/GitHub/FYP/Data/segments_clean_lufs10s/QO38OjKV5fg_Deputy_Michael_McGrath_-_Priority_Questions_-_05_0__c99a1022ef.wav,michael mcgrath,Munster,DAIL
/Users/cianan/Documents/College/GitHub/FYP/Data/segments_clean_lufs10s/fPcRIZ1sPvU_Deputy_Michael_McGrath_-_Government_Business_-_18___1533058ce4.wav,michael mcgrath,Munster,DAIL
/Users/cianan/Documents/College/GitHub/FYP/Data/segments_clean_lufs10s/0RPPSWMm04E_Deputy_Michael_McGrath_-_Priority_Questions_-_19_J__6253d77793.wav,michael mcgrath,Munster,DAIL
/Users/cianan/Documents/College/GitHub/FYP/Data/segments_clean_lufs10s/XJcemFh4pVk_Deputy_Michael_McGrath_-_Government_Business_-_14___9e7a12d806.wav,michael mcgrath,Munster,DAIL
/Users/cianan/Documents/College/GitHub/FYP/Data/segments_clean_lufs10s/Lpvnh_pBiu4_Deputy_Michael_Moynihan_-_Other_Questions_-_07_03___33c94b4dfd.wav,michael moynihan,Munster,DAIL
/Users/cianan/Documents/College/GitHub/FYP/Data/segments_clean_lufs10s/3DOiPTgcYyE_Deputy_Michael_Moynihan_-_Questions_on_Promised_Le__bb7e1c0c88.wav,michael moynihan,Munster,DAIL
/Users/cianan/Documents/College/GitHub/FYP/Data/segments_clean_lufs10s/i7zI8FLEnBg_Deputy_Michael_Moynihan_-_Private_Members__Busines__3d6c2bb3ca.wav,michael moynihan,Munster,DAIL
/Users/cianan/Documents/College/GitHub/FYP/Data/segments_clean_lufs10s/WNfrJv1tug8_Deputy_Micheál_Martin_-_Leaders__Questions_-_17_Se__e1d3bd12d3.wav,micheal martin,Munster,DAIL
/Users/cianan/Documents/College/GitHub/FYP/Data/segments_clean_lufs10s/igAyI6C91Gw_Deputy_Micheál_Martin_-_Leaders__Questions_-_05_03__a3e699b4ef.wav,micheal martin,Munster,DAIL
/Users/cianan/Documents/College/GitHub/FYP/Data/segments_clean_lufs10s/au72Cc9RCOw_Deputy_Micheál_Martin_-_Leaders__Questions_-_14_Ma__96271db09a.wav,micheal martin,Munster,DAIL
/Users/cianan/Documents/College/GitHub/FYP/Data/segments_clean_lufs10s/_a2srYgXOl8_Deputy_Micheál_Martin_-_Leaders__Questions_-_19_Ju__838b2e5f91.wav,micheal martin,Munster,DAIL
/Users/cianan/Documents/College/GitHub/FYP/Data/segments_clean_lufs10s/j6oYmcdLqgM_Senator_Michelle_Mulherin_-_Order_of_Business_-_8___710d8c6dbe.wav,michelle mulherin,Connacht,DAIL
/Users/cianan/Documents/College/GitHub/FYP/Data/segments_clean_lufs10s/g8o_RQ3JmVA_Senator_Michelle_Mulherin_-_speech_from_25_Sep_201__8f7712cfa5.wav,michelle mulherin,Connacht,DAIL
/Users/cianan/Documents/College/GitHub/FYP/Data/segments_clean_lufs10s/2hYD-yru6Ms_Senator_Michelle_Mulherin_-_speech_from_21_May_201__11154bb4fc.wav,michelle mulherin,Connacht,DAIL
/Users/cianan/Documents/College/GitHub/FYP/Data/segments_clean_lufs10s/BxrGlVtJv14_Michelle_Mulherin_-_speech_from__18_Apr_2019__3982797c60.wav,michelle mulherin,Connacht,DAIL
/Users/cianan/Documents/College/GitHub/FYP/Data/segments_clean_lufs10s/6Qn5as1WUc4_Senator_Michelle_Mulherin_-_Order_of_Business_-_15__fdb4d04488.wav,michelle mulherin,Connacht,DAIL
/Users/cianan/Documents/College/GitHub/FYP/Data/segments_clean_lufs10s/7o1zmu4zYWg_Michelle_Mulherin_-_speech_from__10_Apr_2019__c2d94ab6a0.wav,michelle mulherin,Connacht,DAIL
/Users/cianan/Documents/College/GitHub/FYP/Data/segments_clean_lufs10s/2g2mvvCyi_0_Senator_Michelle_Mulherin_-_speech_from_26_Jun_201__39c5782516.wav,michelle mulherin,Connacht,DAIL
/Users/cianan/Documents/College/GitHub/FYP/Data/segments_clean_lufs10s/Xv2KBo_ZfqA_Senator_Michelle_Mulherin_-_speech_from_28_May_201__6006dac932.wav,michelle mulherin,Connacht,DAIL
/Users/cianan/Documents/College/GitHub/FYP/Data/segments_clean_lufs10s/x8Hrih3B6ag_Senator_Michelle_Mulherin_-_speech_from_11_Jun_201__6e9f511202.wav,michelle mulherin,Connacht,DAIL
/Users/cianan/Documents/College/GitHub/FYP/Data/segments_clean_lufs10s/jO7uo3GAXCk_Michelle_Mulherin_-_speech_from__17_Apr_2019__bf559a31f0.wav,michelle mulherin,Connacht,DAIL
/Users/cianan/Documents/College/GitHub/FYP/Data/segments_clean_lufs10s/IA1lS4jNiDc_Deputy_Gino_Kenny_-_Government_Business_-_18_04_20__5348d7ff67.wav,gino kenny,Leinster,DAIL
/Users/cianan/Documents/College/GitHub/FYP/Data/segments_clean_lufs10s/pqdsrIbI_Tc_Deputy_Gino_Kenny_-_Private_Members__Business_-_07__b98c99af5a.wav,gino kenny,Leinster,DAIL
/Users/cianan/Documents/College/GitHub/FYP/Data/segments_clean_lufs10s/fN75aCHdD3A_Deputy_Gino_Kenny_-_Questions_on_Promised_Legislat__c70f10cc5b.wav,gino kenny,Leinster,DAIL
/Users/cianan/Documents/College/GitHub/FYP/Data/segments_clean_lufs10s/u444nfOpONw_Deputy_Jack_Chambers_-_Other_Questions_-_13_03_201__1fca091344.wav,jack chambers,Leinster,DAIL
/Users/cianan/Documents/College/GitHub/FYP/Data/segments_clean_lufs10s/Z0iGJ4_BMqA_Deputy_Mick_Wallace_-_Government_Business_-_27_Jun__7461fb3320.wav,mick wallace,Leinster,DAIL
/Users/cianan/Documents/College/GitHub/FYP/Data/segments_clean_lufs10s/C9e6RVUjSnM_Deputy_Mick_Wallace_-_Government_Business_-_11_04___eedbb04941.wav,mick wallace,Leinster,DAIL
/Users/cianan/Documents/College/GitHub/FYP/Data/segments_clean_lufs10s/hwS_mE0KCrg_Deputy_Mick_Wallace_-_Private_Members__Business_-___9d07579df5.wav,mick wallace,Leinster,DAIL
/Users/cianan/Documents/College/GitHub/FYP/Data/segments_clean_lufs10s/bbTn7GI6LWQ_Deputy_Mick_Wallace_-_Government_Business_-_27_03___5552a175d6.wav,mick wallace,Leinster,DAIL
/Users/cianan/Documents/College/GitHub/FYP/Data/segments_clean_lufs10s/c3XR4qe5Qas_Deputy_Mick_Wallace_-_Priority_Questions_-_18_04_2__cfb5bb06b1.wav,mick wallace,Leinster,DAIL
/Users/cianan/Documents/College/GitHub/FYP/Data/segments_clean_lufs10s/YLC_wODxciQ_Deputy_Mick_Wallace_-_Other_Questions_-_16_04_2019__48835980eb.wav,mick wallace,Leinster,DAIL
/Users/cianan/Documents/College/GitHub/FYP/Data/segments_clean_lufs10s/pIk4LdWo50Q_Deputy_Mick_Wallace_-_Other_Questions_-_13_Jun_201__5ea9ed77bf.wav,mick wallace,Leinster,DAIL
/Users/cianan/Documents/College/GitHub/FYP/Data/segments_clean_lufs10s/xXXWIoB6A84_Deputy_Mick_Wallace_-_Government_Business_-_12_Jun__fe01614781.wav,mick wallace,Leinster,DAIL
/Users/cianan/Documents/College/GitHub/FYP/Data/segments_clean_lufs10s/Zpx9ePhKjuo_Deputy_Mick_Wallace_-_Other_Questions_-_26_03_2019__2fbc2e36f6.wav,mick wallace,Leinster,DAIL
/Users/cianan/Documents/College/GitHub/FYP/Data/segments_clean_lufs10s/5zRR9wLswcI_Deputy_Mick_Wallace_-_Private_Members__Business_-___2dc6c22f31.wav,mick wallace,Leinster,DAIL
/Users/cianan/Documents/College/GitHub/FYP/Data/segments_clean_lufs10s/f8W71BWfgcw_Deputy_Mick_Wallace_-_Other_Questions_-_11_Jun_201__481c44b150.wav,mick wallace,Leinster,DAIL
/Users/cianan/Documents/College/GitHub/FYP/Data/segments_clean_lufs10s/NqrZPBqmflA_Deputy_Mick_Wallace_-_Government_Business_-_17_04___9bde6df07c.wav,mick wallace,Leinster,DAIL
/Users/cianan/Documents/College/GitHub/FYP/Data/segments_clean_lufs10s/MjSMn4fSUic_Deputy_Mick_Wallace_-_Leaders__Questions_-_10_04_2__3eb4abbe3d.wav,mick wallace,Leinster,DAIL
/Users/cianan/Documents/College/GitHub/FYP/Data/segments_clean_lufs10s/qhvT8rti62A_Deputy_Mick_Wallace_-_Private_Members__Business_-___c430e0cde6.wav,mick wallace,Leinster,DAIL
/Users/cianan/Documents/College/GitHub/FYP/Data/segments_clean_lufs10s/r6I-iWTIVfA_Deputy_Mick_Wallace_-_Government_Business_-_16_04___788c7b7983.wav,mick wallace,Leinster,DAIL
/Users/cianan/Documents/College/GitHub/FYP/Data/segments_clean_lufs10s/36ZufxygB2A_Deputy_Mick_Wallace_-_Government_Business_-_17_04___5dca4b42d3.wav,mick wallace,Leinster,DAIL
/Users/cianan/Documents/College/GitHub/FYP/Data/segments_clean_lufs10s/mBNSZsSTuVs_Deputy_Mick_Wallace_-_Government_Business_-_27_03___f6e316b174.wav,mick wallace,Leinster,DAIL
/Users/cianan/Documents/College/GitHub/FYP/Data/segments_clean_lufs10s/ic68bhjO88s_Deputy_Mick_Wallace_-_Private_Members__Business_-___24742f85a5.wav,mick wallace,Leinster,DAIL
/Users/cianan/Documents/College/GitHub/FYP/Data/segments_clean_lufs10s/o-6CuuMZ400_Deputy_Mick_Wallace_-_Government_Business_-_17_04___644a842355.wav,mick wallace,Leinster,DAIL
/Users/cianan/Documents/College/GitHub/FYP/Data/segments_clean_lufs10s/RkHGtVM7nHs_Deputy_Mick_Wallace_-_Leaders__Questions_-_22_May___4fcc1497b7.wav,mick wallace,Leinster,DAIL
/Users/cianan/Documents/College/GitHub/FYP/Data/segments_clean_lufs10s/CZDlwzD5kPI_Deputy_Mick_Wallace_-_Government_Business_-_17_04___1e3bdf2a7b.wav,mick wallace,Leinster,DAIL
/Users/cianan/Documents/College/GitHub/FYP/Data/segments_clean_lufs10s/rCFUR_tv568_Deputy_Mick_Wallace_-_Other_Questions_-_12_Jun_201__978451e81e.wav,mick wallace,Leinster,DAIL
/Users/cianan/Documents/College/GitHub/FYP/Data/segments_clean_lufs10s/136-YK2DNLA_Deputy_Mick_Wallace_-_Other_Questions_-_17_04_2019__a80a876cbb.wav,mick wallace,Leinster,DAIL
/Users/cianan/Documents/College/GitHub/FYP/Data/segments_clean_lufs10s/qpTSpmF7PrI_Deputy_Mick_Wallace_-_Topical_Issues_-_13_Jun_2019__f29a17c4eb.wav,mick wallace,Leinster,DAIL
/Users/cianan/Documents/College/GitHub/FYP/Data/segments_clean_lufs10s/HLp5YlkMpDk_Deputy_Neale_Richmond___speech_from_02_Sep_2020__6e53d621b3.wav,neale richmond,Leinster,DAIL
/Users/cianan/Documents/College/GitHub/FYP/Data/segments_clean_lufs10s/azLrt3LQZ0Y_Senator_Neale_Richmond_-_speech_from_2_Jul_2019__c9293a28c6.wav,neale richmond,Leinster,DAIL
/Users/cianan/Documents/College/GitHub/FYP/Data/segments_clean_lufs10s/1CBtA_a_Mmo_Senator_Neale_Richmond_-_speech_from_16_May_2019__d31795fc60.wav,neale richmond,Leinster,DAIL
/Users/cianan/Documents/College/GitHub/FYP/Data/segments_clean_lufs10s/jRJO6-xo_Dk_Senator_Neale_Richmond_-_speech_from_11_Jun_2019__8c71a31188.wav,neale richmond,Leinster,DAIL
/Users/cianan/Documents/College/GitHub/FYP/Data/segments_clean_lufs10s/wKPNf38c8TQ_Deputy_Neale_Richmond_-_speech_from_5_Mar_2020__0de79a194b.wav,neale richmond,Leinster,DAIL
/Users/cianan/Documents/College/GitHub/FYP/Data/segments_clean_lufs10s/nFJxreyXIIY_Deputy_Neale_Richmond_-_speech_from_24_Nov_2020__9d070ca14d.wav,neale richmond,Leinster,DAIL
/Users/cianan/Documents/College/GitHub/FYP/Data/segments_clean_lufs10s/OH-qXdj7FSw_Neale_Richmond_-_speech_from__10_Apr_2019__7fe95145de.wav,neale richmond,Leinster,DAIL
/Users/cianan/Documents/College/GitHub/FYP/Data/segments_clean_lufs10s/oRiLd-LDeeY_Deputy_Neale_Richmond_-_speech_from_16_Dec_2020__5042ed3abb.wav,neale richmond,Leinster,DAIL
/Users/cianan/Documents/College/GitHub/FYP/Data/segments_clean_lufs10s/JLyPKLy2_80_Deputy_Neale_Richmond_-_speech_from_21_Jul_2020__039508d974.wav,neale richmond,Leinster,DAIL
/Users/cianan/Documents/College/GitHub/FYP/Data/segments_clean_lufs10s/PZUuKL562Tw_Senator_Neale_Richmond_-_speech_from_1_Oct_2019__3ebf9c66dd.wav,neale richmond,Leinster,DAIL
/Users/cianan/Documents/College/GitHub/FYP/Data/segments_clean_lufs10s/AKEHarjKcrI_Senator_Ned_O_Sullivan_-_speech_from_9_Jul_2019__5bf54d0185.wav,ned o'sullivan,Munster,DAIL
/Users/cianan/Documents/College/GitHub/FYP/Data/segments_clean_lufs10s/0bOvVQWMx6Y_Senator_Ned_O_Sullivan_-_speech_from_24_Sep_2019__767dce54d5.wav,ned o'sullivan,Munster,DAIL
/Users/cianan/Documents/College/GitHub/FYP/Data/segments_clean_lufs10s/ffVmv4dQVUs_Deputy_Niall_Collins_-_Questions_on_Promised_Legis__cef5491b79.wav,niall collins,Munster,DAIL
/Users/cianan/Documents/College/GitHub/FYP/Data/segments_clean_lufs10s/tx1dM46XaLg_Deputy_Niall_Collins_-_Order_of_Business_-_12_03_2__827cbdad73.wav,niall collins,Munster,DAIL
/Users/cianan/Documents/College/GitHub/FYP/Data/segments_clean_lufs10s/1Yqu_YRsefs_Deputy_Niall_Collins_-_Priority_Questions_-_17_Sep__b5ae10d3f6.wav,niall collins,Munster,DAIL
/Users/cianan/Documents/College/GitHub/FYP/Data/segments_clean_lufs10s/Nsa76OrlGMk_Deputy_Niall_Collins_-_Questions_on_Promised_Legis__fd975dafc6.wav,niall collins,Munster,DAIL
/Users/cianan/Documents/College/GitHub/FYP/Data/segments_clean_lufs10s/vbYmgj2RZmo_Senator_Niall_Ó_Donnghaile_-_speech_from_11_Jun_20__4070b9a1aa.wav,niall o donnghaile,Ulster,DAIL
/Users/cianan/Documents/College/GitHub/FYP/Data/segments_clean_lufs10s/Lc9LepOzjBw_Senator_Niall_Ó_Donnghaile_-_speech_from_24_Sep_20__ac7657af3a.wav,niall o donnghaile,Ulster,DAIL
/Users/cianan/Documents/College/GitHub/FYP/Data/segments_clean_lufs10s/rWAQugYUKBI_Senator_Niall_Ó_Donnghaile_-_Order_of_Business_-_1__61ec127485.wav,niall o donnghaile,Ulster,DAIL
/Users/cianan/Documents/College/GitHub/FYP/Data/segments_clean_lufs10s/e605v2q_pnI_Senator_Niall_Ó_Donnghaile_-_speech_from_19_Jun_20__989a595f35.wav,niall o donnghaile,Ulster,DAIL
/Users/cianan/Documents/College/GitHub/FYP/Data/segments_clean_lufs10s/bLrbDx7fSBY_Senator_Niall_Ó_Donnghaile-_speech_from_12_Jul_201__c9fe1b27ce.wav,niall o donnghaile,Ulster,DAIL
/Users/cianan/Documents/College/GitHub/FYP/Data/segments_clean_lufs10s/Yex98j2cewQ_Deputy_Jack_Chambers_-_Private_Members__Business_-__5536922df3.wav,jack chambers,Leinster,DAIL
/Users/cianan/Documents/College/GitHub/FYP/Data/segments_clean_lufs10s/dAgbtWquIug_Deputy_Jack_Chambers_-_Private_Members__Business_-__6bf04b3e86.wav,jack chambers,Leinster,DAIL
/Users/cianan/Documents/College/GitHub/FYP/Data/segments_clean_lufs10s/STNMnWiaS-Y_Deputy_Catherine_Martin_-_Order_of_Business_-_12_0__341390ca23.wav,catherine martin,Ulster,DAIL
/Users/cianan/Documents/College/GitHub/FYP/Data/segments_clean_lufs10s/5ZaEEGSr1RI_Deputy_Catherine_Martin_-_Government_Business_-_19__9a0330dfb2.wav,catherine martin,Ulster,DAIL
/Users/cianan/Documents/College/GitHub/FYP/Data/segments_clean_lufs10s/Rep3-9z6uyE_Deputy_Noel_Grealish_-_Questions_on_Promised_Legis__0592129878.wav,noel grealish,Connacht,DAIL
/Users/cianan/Documents/College/GitHub/FYP/Data/segments_clean_lufs10s/tG0ywlUiKWE_Deputy_Noel_Grealish_-_Private_Members__Business_-__0cb281c6cd.wav,noel grealish,Connacht,DAIL
/Users/cianan/Documents/College/GitHub/FYP/Data/segments_clean_lufs10s/S1_WxGElu_o_Deputy_Noel_Rock_-_Topical_Issues_-_21_May_2019__3df4978719.wav,noel rock,Leinster,DAIL
/Users/cianan/Documents/College/GitHub/FYP/Data/segments_clean_lufs10s/X9lYy3YxZng_Deputy_Noel_Rock_-_Topical_Issues_-_9_Jul_2019__4d76a721f3.wav,noel rock,Leinster,DAIL
/Users/cianan/Documents/College/GitHub/FYP/Data/segments_clean_lufs10s/1IfEguTfDGc_Deputy_Noel_Rock_-_Topical_Issues_-_07_03_2019__1ef753487b.wav,noel rock,Leinster,DAIL
/Users/cianan/Documents/College/GitHub/FYP/Data/segments_clean_lufs10s/BEhk7gyZUwo_Senator_Paddy_Burke_-_speech_from_24_Sep_2019__06f4c81aa4.wav,paddy burke,Connacht,DAIL
/Users/cianan/Documents/College/GitHub/FYP/Data/segments_clean_lufs10s/R5sF0ZGQiEs_Senator_Paddy_Burke_-_speech_from_11_Jun_2019__8c4fa55843.wav,paddy burke,Connacht,DAIL
/Users/cianan/Documents/College/GitHub/FYP/Data/segments_clean_lufs10s/PsmlIoae_-0_Paddy_Burke_-_speech_from__09_Apr_2019__002cb1d026.wav,paddy burke,Connacht,DAIL
/Users/cianan/Documents/College/GitHub/FYP/Data/segments_clean_lufs10s/ADpM7_Uci5o_Senator_Paddy_Burke_-_speech_from_28_May_2019__4d12787a66.wav,paddy burke,Connacht,DAIL
/Users/cianan/Documents/College/GitHub/FYP/Data/segments_clean_lufs10s/5GGhL2VtDNE_Senator_Paddy_Burke_-_speech_from_10_Jul_2019__5347426dd1.wav,paddy burke,Connacht,DAIL
/Users/cianan/Documents/College/GitHub/FYP/Data/segments_clean_lufs10s/c99pOiugyXw_Senator_Pádraig_Céidigh_-_speech_from_29_May_2019__1b2b6588ee.wav,padraig ceidigh,Connacht,DAIL
/Users/cianan/Documents/College/GitHub/FYP/Data/segments_clean_lufs10s/lL97jzS0OhE_Senator_Pádraig_MacLochlainn_-_speech_from_21_May___976741e6af.wav,padraig maclochlainn,Other,DAIL
/Users/cianan/Documents/College/GitHub/FYP/Data/segments_clean_lufs10s/DMbwlPAxES0_Senator_Pádraig_MacLochlainn_-_speech_from_26_Jun___2bf754e769.wav,padraig maclochlainn,Other,DAIL
/Users/cianan/Documents/College/GitHub/FYP/Data/segments_clean_lufs10s/FoREvrYZUWM_Senator_Pádraig_MacLochlainn_-_speech_from_13_Jun___63ade098a0.wav,padraig maclochlainn,Other,DAIL
/Users/cianan/Documents/College/GitHub/FYP/Data/segments_clean_lufs10s/y7eg2mfZxDU_Senator_Pádraig_MacLochlainn_-_speech_from_25_Sep___b5033a3e91.wav,padraig maclochlainn,Other,DAIL
/Users/cianan/Documents/College/GitHub/FYP/Data/segments_clean_lufs10s/8RDnaigsMq4_Senator_Pádraig_MacLochlainn_-_speech_from_29_May___87b0ebd402.wav,padraig maclochlainn,Other,DAIL
/Users/cianan/Documents/College/GitHub/FYP/Data/segments_clean_lufs10s/AXzPOuysF9I_Pádraig_MacLochlainn_-_speech_from__18_Apr_2019__83a86ff8dd.wav,padraig maclochlainn,Other,DAIL
/Users/cianan/Documents/College/GitHub/FYP/Data/segments_clean_lufs10s/jakK5p4hmAI_Pádraig_Ó_Céidigh_-_speech_from__09_Apr_2019__adf5851f46.wav,padraig o ceidigh,Connacht,DAIL
/Users/cianan/Documents/College/GitHub/FYP/Data/segments_clean_lufs10s/3R9rclfry-k_Senator_Pádraig_Ó_Céidigh_-_speech_from_9_Jul_2019__c62cc1f41e.wav,padraig o ceidigh,Connacht,DAIL
/Users/cianan/Documents/College/GitHub/FYP/Data/segments_clean_lufs10s/nWzqu8JSkI0_Senator_Pádraig_Ó_Céidigh_-_speech_from_25_Sep_201__5754aeaf28.wav,padraig o ceidigh,Connacht,DAIL
/Users/cianan/Documents/College/GitHub/FYP/Data/segments_clean_lufs10s/jLLFuPlO0vk_Pádraig_Ó_Céidigh_-_speech_from__17_Apr_2019__5f06f2aedf.wav,padraig o ceidigh,Connacht,DAIL
/Users/cianan/Documents/College/GitHub/FYP/Data/segments_clean_lufs10s/qdQAvAmuOl0_Pádraig_Ó_Céidigh_-_speech_from__09_Apr_2019__849531d323.wav,padraig o ceidigh,Connacht,DAIL
/Users/cianan/Documents/College/GitHub/FYP/Data/segments_clean_lufs10s/a9BoVBc1GJM_Senator_Pádraig_Ó_Céidigh_-_speech_from_13_Jun_201__5335dacc49.wav,padraig o ceidigh,Connacht,DAIL
/Users/cianan/Documents/College/GitHub/FYP/Data/segments_clean_lufs10s/XWtCIObcOYM_Deputy_Catherine_Martin_-_Private_Members__Busines__cd9ed80fc2.wav,catherine martin,Ulster,DAIL
/Users/cianan/Documents/College/GitHub/FYP/Data/segments_clean_lufs10s/BKCY8JW4XuI_Deputy_Pat_Buckley_-_Government_Business_-_17_Sep___957fcac790.wav,pat buckley,Munster,DAIL
/Users/cianan/Documents/College/GitHub/FYP/Data/segments_clean_lufs10s/43DC2N6Kqv4_Deputy_Pat_Casey_-_Private_Members__Business_-_14___0db5772aa9.wav,pat casey,Leinster,DAIL
/Users/cianan/Documents/College/GitHub/FYP/Data/segments_clean_lufs10s/mACUM8utCRU_Deputy_Pat_Casey_-_Private_Members__Business_-_18___3ed7de8e7e.wav,pat casey,Leinster,DAIL
/Users/cianan/Documents/College/GitHub/FYP/Data/segments_clean_lufs10s/h1dK0pit-3c_Deputy_Pat_Casey_-_Private_Members__Business_-_10___2ac3befdae.wav,pat casey,Leinster,DAIL
/Users/cianan/Documents/College/GitHub/FYP/Data/segments_clean_lufs10s/Ln8GDH0XO1I_Deputy_Pat_Deering_-_Topical_Issues_-_12_Jun_2019__1b656de7a8.wav,pat deering,Leinster,DAIL
/Users/cianan/Documents/College/GitHub/FYP/Data/segments_clean_lufs10s/RWR4I6N7bZ8_Deputy_Pat_Deering_-_Other_Questions_-_9_May_2019__a42dceac80.wav,pat deering,Leinster,DAIL
/Users/cianan/Documents/College/GitHub/FYP/Data/segments_clean_lufs10s/M1vd8NL_vyI_Deputy_Pat_Deering_-_Other_Questions_-_07_03_2019__73479a5114.wav,pat deering,Leinster,DAIL
/Users/cianan/Documents/College/GitHub/FYP/Data/segments_clean_lufs10s/fRGVZLhcliE_Deputy_Pat_Deering_-_Private_Members__Business_-_2__ad14a8f3c5.wav,pat deering,Leinster,DAIL
/Users/cianan/Documents/College/GitHub/FYP/Data/segments_clean_lufs10s/ncUOV_kZ4HE_Deputy_Pat_the_Cope_Gallagher_-_Priority_Questions__afe15f334b.wav,pat the cope gallagher,Ulster,DAIL
/Users/cianan/Documents/College/GitHub/FYP/Data/segments_clean_lufs10s/uzaLue3wMfM_Deputy_Pat_the_Cope_Gallagher_-_Private_Members__B__5e5bd2a9ba.wav,pat the cope gallagher,Ulster,DAIL
/Users/cianan/Documents/College/GitHub/FYP/Data/segments_clean_lufs10s/xbYZcIExYVM_Deputy_Pat_the_Cope_Gallagher_-_Other_Questions_-___a91ebfbeb4.wav,pat the cope gallagher,Ulster,DAIL
/Users/cianan/Documents/College/GitHub/FYP/Data/segments_clean_lufs10s/rK63zGcC1eE_Deputy_Pat_the_Cope_Gallagher_-_Other_Questions_-___0a0d7aab90.wav,pat the cope gallagher,Ulster,DAIL
/Users/cianan/Documents/College/GitHub/FYP/Data/segments_clean_lufs10s/xR9VxH5P2Pw_Senator_Paudie_Coffey_-_speech_from_-_14_May_2019__c893150cd3.wav,paudie coffey,Munster,DAIL
/Users/cianan/Documents/College/GitHub/FYP/Data/segments_clean_lufs10s/0Kkn-SUNtmU_Senator_Paudie_Coffey_-_speech_from_26_Sep_2019__1b923b4100.wav,paudie coffey,Munster,DAIL
/Users/cianan/Documents/College/GitHub/FYP/Data/segments_clean_lufs10s/bEgMqIMxdMA_Paudie_Coffey_-_speech_from__17_Apr_2019__8f52389874.wav,paudie coffey,Munster,DAIL
/Users/cianan/Documents/College/GitHub/FYP/Data/segments_clean_lufs10s/pfbe_RoVcwM_Senator_Paudie_Coffey_-_speech_from_9_Jul_2019__0426685496.wav,paudie coffey,Munster,DAIL
/Users/cianan/Documents/College/GitHub/FYP/Data/segments_clean_lufs10s/NmfRD6dotpA_Senator_Paudie_Coffey_-_speech_from_30_May_2019__71d5f3fd6e.wav,paudie coffey,Munster,DAIL
/Users/cianan/Documents/College/GitHub/FYP/Data/segments_clean_lufs10s/o3m1NonUgo0_Senator_Paul_Coghlan_-_speech_from_24_Sep_2019__775016488e.wav,paul coghlan,Munster,DAIL
/Users/cianan/Documents/College/GitHub/FYP/Data/segments_clean_lufs10s/7a5KTQ9PM6M_Senator_Paul_Daly_-_speech_from_29_May_2019__52e75a1adc.wav,paul daly,Leinster,DAIL
/Users/cianan/Documents/College/GitHub/FYP/Data/segments_clean_lufs10s/vby34j2MpxQ_Senator_Paul_Daly_-_speech_from_26_Jun_2019__a4b2068bc7.wav,paul daly,Leinster,DAIL
/Users/cianan/Documents/College/GitHub/FYP/Data/segments_clean_lufs10s/0T27MzUQlO4_Senator_Paul_Daly_-_speech_from_3_Oct_2019__543bfcd6c1.wav,paul daly,Leinster,DAIL
/Users/cianan/Documents/College/GitHub/FYP/Data/segments_clean_lufs10s/ihqTEDbgNnA_Senator_Paul_Gavan_-_speech_from_22_May_2019__123f2b6839.wav,paul gavan,Munster,DAIL
/Users/cianan/Documents/College/GitHub/FYP/Data/segments_clean_lufs10s/JG3qVfniHnM_Senator_Paul_Gavan_-_speech_from_11_Jun_2019__9a016395e4.wav,paul gavan,Munster,DAIL
/Users/cianan/Documents/College/GitHub/FYP/Data/segments_clean_lufs10s/GLa3kQ2DE0Y_Paul_Gavan-_speech_from__16_Apr_2019__d3a2e584f1.wav,paul gavan,Munster,DAIL
/Users/cianan/Documents/College/GitHub/FYP/Data/segments_clean_lufs10s/1x--4mLBiMI_Senator_Paul_Gavan_-_Order_of_Business_-_14_May_20__d69e365d5d.wav,paul gavan,Munster,DAIL
/Users/cianan/Documents/College/GitHub/FYP/Data/segments_clean_lufs10s/N5nmGv3ol7Q_Senator_Paul_Gavan_-_speech_from_16_May_2019__0da9acd684.wav,paul gavan,Munster,DAIL
/Users/cianan/Documents/College/GitHub/FYP/Data/segments_clean_lufs10s/5LIwW_xbBEA_Senator_Paul_Gavan_-_speech_from_25_Sep_2019__ca64eb6057.wav,paul gavan,Munster,DAIL
/Users/cianan/Documents/College/GitHub/FYP/Data/segments_clean_lufs10s/3nXS4MJ86RU_Deputy_Paul_Kehoe_-_speech_from_9_Jul_2019__45ae274c42.wav,paul kehoe,Leinster,DAIL
/Users/cianan/Documents/College/GitHub/FYP/Data/segments_clean_lufs10s/k_-c8PEodOI_Deputy_Paul_Murphy_-_Government_Business_-_2_Oct_2__531f01c831.wav,paul murphy,Leinster,DAIL
/Users/cianan/Documents/College/GitHub/FYP/Data/segments_clean_lufs10s/GjpQTFqqvao_Deputy_Paul_Murphy_-_Government_Business_-_19_Sep___c2265992fc.wav,paul murphy,Leinster,DAIL
/Users/cianan/Documents/College/GitHub/FYP/Data/segments_clean_lufs10s/1c0wZis6AJc_Deputy_Paul_Murphy_-_Questions_on_Promised_Legisla__a263857098.wav,paul murphy,Leinster,DAIL
/Users/cianan/Documents/College/GitHub/FYP/Data/segments_clean_lufs10s/XF7NiqCLYXA_Deputy_Paul_Murphy_-_Private_Members__Business_-_1__fc20979a71.wav,paul murphy,Leinster,DAIL
/Users/cianan/Documents/College/GitHub/FYP/Data/segments_clean_lufs10s/43Z3WtyLUeQ_Deputy_Paul_Murphy_-_Leaders__Questions_-_05_03_20__25b20d7607.wav,paul murphy,Leinster,DAIL
/Users/cianan/Documents/College/GitHub/FYP/Data/segments_clean_lufs10s/Zw2HMOSbE0w_Deputy_Peadar_Tóibín_-_Other_Questions_-_12_03_201__b9fba0b87d.wav,peadar toibin,Leinster,DAIL
/Users/cianan/Documents/College/GitHub/FYP/Data/segments_clean_lufs10s/4icbZAGnkg8_Deputy_Peadar_Tóibín_-_Private_Members__Business_-__9d137ee721.wav,peadar toibin,Leinster,DAIL
/Users/cianan/Documents/College/GitHub/FYP/Data/segments_clean_lufs10s/btwk4twGU9w_Deputy_Peadar_Tóibín_-_Topical_Issues_-_27_03_2019__0966e8d31b.wav,peadar toibin,Leinster,DAIL
/Users/cianan/Documents/College/GitHub/FYP/Data/segments_clean_lufs10s/ZLOGnHjo92o_Deputy_Peadar_Tóibín_-_Order_of_Business_-_21_May___8a5147968d.wav,peadar toibin,Leinster,DAIL
/Users/cianan/Documents/College/GitHub/FYP/Data/segments_clean_lufs10s/rdhSAQK1xHQ_Deputy_Pearse_Doherty_-_Private_Members__Business___e27c1b6c15.wav,pearse doherty,Other,DAIL
/Users/cianan/Documents/College/GitHub/FYP/Data/segments_clean_lufs10s/1IEiM0xKtw0_Deputy_Pearse_Doherty_-_Leaders__Questions_-_19_Se__37e9e9dab1.wav,pearse doherty,Other,DAIL
/Users/cianan/Documents/College/GitHub/FYP/Data/segments_clean_lufs10s/yiGodyguAXk_Deputy_Pearse_Doherty_-_Private_Members__Business___d6a7a1843b.wav,pearse doherty,Other,DAIL
/Users/cianan/Documents/College/GitHub/FYP/Data/segments_clean_lufs10s/cawFWKEYE3k_Deputy_Pearse_Doherty_-_Priority_Questions_-_17_04__9d70e0826b.wav,pearse doherty,Other,DAIL
/Users/cianan/Documents/College/GitHub/FYP/Data/segments_clean_lufs10s/F4rroUfsaMk_Deputy_Pearse_Doherty_-_Government_Business_-_05_0__066713cda7.wav,pearse doherty,Other,DAIL
/Users/cianan/Documents/College/GitHub/FYP/Data/segments_clean_lufs10s/cdIwh3PSaSs_Deputy_Peter_Burke_-_Oral_Questions_-_07_03_2019__345db8e6d4.wav,peter burke,Leinster,DAIL
/Users/cianan/Documents/College/GitHub/FYP/Data/segments_clean_lufs10s/KPjA8GQMBHI_Deputy_Peter_Burke_-_Government_Business_-_10_04_2__363c455e7b.wav,peter burke,Leinster,DAIL
/Users/cianan/Documents/College/GitHub/FYP/Data/segments_clean_lufs10s/eJ2GXSnwvxY_Deputy_Peter_Burke_-_Topical_Issues_-_24_Sep_2019__56da1e438b.wav,peter burke,Leinster,DAIL
/Users/cianan/Documents/College/GitHub/FYP/Data/segments_clean_lufs10s/brT4CLBFzic_Deputy_Peter_Burke_-_Private_Members__Business_-_2__19fe02a660.wav,peter burke,Leinster,DAIL
/Users/cianan/Documents/College/GitHub/FYP/Data/segments_clean_lufs10s/-21uHH_wUXI_Deputy_Peter_Fitzpatrick_-_Questions_on_Promised_L__d2411a28b4.wav,peter fitzpatrick,Leinster,DAIL
/Users/cianan/Documents/College/GitHub/FYP/Data/segments_clean_lufs10s/AcNhKdlMlaA_Deputy_Peter_Fitzpatrick_-_Order_of_Business_-_05___36ac7c3971.wav,peter fitzpatrick,Leinster,DAIL
/Users/cianan/Documents/College/GitHub/FYP/Data/segments_clean_lufs10s/v-Hcl0yjSxE_Deputy_Peter_Fitzpatrick_-_Questions_on_Promised_L__3dc88e9fd4.wav,peter fitzpatrick,Leinster,DAIL
/Users/cianan/Documents/College/GitHub/FYP/Data/segments_clean_lufs10s/n0VNFjah6Yk_Deputy_Peter_Fitzpatrick_-_Order_of_Business_-_25___c7adae4390.wav,peter fitzpatrick,Leinster,DAIL
/Users/cianan/Documents/College/GitHub/FYP/Data/segments_clean_lufs10s/7FNHhRzGj-k_Ray_Butler_-_speech_from__17_Apr_2019__2ceeab0318.wav,ray butler,Leinster,DAIL
/Users/cianan/Documents/College/GitHub/FYP/Data/segments_clean_lufs10s/qGCQW3LLEHE_Ray_Butler_-_speech_from__18_Apr_2019__59fc88ff3f.wav,ray butler,Leinster,DAIL
/Users/cianan/Documents/College/GitHub/FYP/Data/segments_clean_lufs10s/9N0Fj1I9zuA_Deputy_Regina_Doherty_-_Government_Business_-_06_0__04842860f6.wav,regina doherty,Leinster,DAIL
/Users/cianan/Documents/College/GitHub/FYP/Data/segments_clean_lufs10s/A21V6dSPd2c_Deputy_Richard_Boyd-Barrett_-_speech_from_23_Oct_2__2d15ebe15c.wav,richard boyd barrett,Leinster,DAIL
/Users/cianan/Documents/College/GitHub/FYP/Data/segments_clean_lufs10s/0UKS6UPlVws_Deputy_Richard_Boyd-Barrett_-_speech_from_23_Oct_2__39c9a40476.wav,richard boyd barrett,Leinster,DAIL
/Users/cianan/Documents/College/GitHub/FYP/Data/segments_clean_lufs10s/-4mrsqEK2YY_Deputy_Richard_Boyd_Barrett_-_Order_of_Business_-___4d09570b92.wav,richard boyd barrett,Leinster,DAIL
/Users/cianan/Documents/College/GitHub/FYP/Data/segments_clean_lufs10s/lxTQigAXHvk_Deputy_Richard_Boyd_Barrett_-_Priority_Questions_-__fff89d9804.wav,richard boyd barrett,Leinster,DAIL
/Users/cianan/Documents/College/GitHub/FYP/Data/segments_clean_lufs10s/DMeY6ouZTY4_Deputy_Richard_Boyd_Barrett_-_Government_Business___d7566769e8.wav,richard boyd barrett,Leinster,DAIL
/Users/cianan/Documents/College/GitHub/FYP/Data/segments_clean_lufs10s/seZPhmbk6-k_Deputy_Richard_Boyd_Barrett_-_speech_from_15_Oct_2__0bd0772bf7.wav,richard boyd barrett,Leinster,DAIL
/Users/cianan/Documents/College/GitHub/FYP/Data/segments_clean_lufs10s/tciPECb_GXg_Deputy_Richard_Boyd_Barrett_-_speech_from_15_Oct_2__8d66c82356.wav,richard boyd barrett,Leinster,DAIL
/Users/cianan/Documents/College/GitHub/FYP/Data/segments_clean_lufs10s/8Oxz9sl-JFc_Deputy_Richard_Boyd_Barrett_-_Questions_on_Promise__5913352940.wav,richard boyd barrett,Leinster,DAIL
/Users/cianan/Documents/College/GitHub/FYP/Data/segments_clean_lufs10s/OtMPlKhHDTk_Senator_Robbie_Gallagher_-_speech_from_9_Jul_2019__d018e56530.wav,robbie gallagher,Ulster,DAIL
/Users/cianan/Documents/College/GitHub/FYP/Data/segments_clean_lufs10s/TxUNn2pncUA_Senator_Robbie_Gallagher_-_Order_of_Business_-_14___f42ae3a5a9.wav,robbie gallagher,Ulster,DAIL
/Users/cianan/Documents/College/GitHub/FYP/Data/segments_clean_lufs10s/xG0n-xrixvg_Senator_Robbie_Gallagher_-_speech_from_25_Sep_2019__7887c16608.wav,robbie gallagher,Ulster,DAIL
/Users/cianan/Documents/College/GitHub/FYP/Data/segments_clean_lufs10s/eX34KOxwe9w_Senator_Robbie_Gallagher_-_speech_from_16_May_2019__a0b369abf3.wav,robbie gallagher,Ulster,DAIL
/Users/cianan/Documents/College/GitHub/FYP/Data/segments_clean_lufs10s/G-M7mb-6gfQ_Robbie_Gallagher_-_speech_from__17_Apr_2019__6856c44077.wav,robbie gallagher,Ulster,DAIL
/Users/cianan/Documents/College/GitHub/FYP/Data/segments_clean_lufs10s/xk501mg0bwM_Senator_Robbie_Gallagher_-_speech_from_22_May_2019__dc016c09ff.wav,robbie gallagher,Ulster,DAIL
/Users/cianan/Documents/College/GitHub/FYP/Data/segments_clean_lufs10s/LIeCSZZ7kXY_Senator_Robbie_Gallagher_-_speech_from_29_May_2019__c2c7a6b907.wav,robbie gallagher,Ulster,DAIL
/Users/cianan/Documents/College/GitHub/FYP/Data/segments_clean_lufs10s/xSaS9mGAhYI_Robbie_Gallagher__-_speech_from__16_Apr_2019__9c53bdac68.wav,robbie gallagher,Ulster,DAIL
/Users/cianan/Documents/College/GitHub/FYP/Data/segments_clean_lufs10s/NnHkRmHbPVw_Robbie_Gallagher_-_speech_from__09_Apr_2019__732d264da0.wav,robbie gallagher,Ulster,DAIL
/Users/cianan/Documents/College/GitHub/FYP/Data/segments_clean_lufs10s/136n-1KsyXY_Deputy_Robert_Troy_-_Priority_Questions_-_22_May_2__2b875659cd.wav,robert troy,Leinster,DAIL
/Users/cianan/Documents/College/GitHub/FYP/Data/segments_clean_lufs10s/pae1YVFh5xI_Deputy_Robert_Troy_-_Private_Members__Business_-_1__42a1c3307e.wav,robert troy,Leinster,DAIL
/Users/cianan/Documents/College/GitHub/FYP/Data/segments_clean_lufs10s/uqm4KLe4WHs_Deputy_Robert_Troy_-_Private_Members__Business_-_2__469d7830c8.wav,robert troy,Leinster,DAIL
/Users/cianan/Documents/College/GitHub/FYP/Data/segments_clean_lufs10s/eLx1IzgEL78_Deputy_Robert_Troy_-_Private_Members__Business_-_1__3c51e890d6.wav,robert troy,Leinster,DAIL
/Users/cianan/Documents/College/GitHub/FYP/Data/segments_clean_lufs10s/_Sdaj05gPgg_Deputy_Robert_Troy_-_Other_Questions_-_05_03_2019__cf8fa09a31.wav,robert troy,Leinster,DAIL
/Users/cianan/Documents/College/GitHub/FYP/Data/segments_clean_lufs10s/lVFMmvWbWNo_Deputy_Róisín_Shortall_-_Private_Members__Business__3cfea82a90.wav,roisin shortall,Leinster,DAIL
/Users/cianan/Documents/College/GitHub/FYP/Data/segments_clean_lufs10s/Bnp4nZWn4dA_Deputy_Róisín_Shortall_-_Private_Members__Business__e43acabc3b.wav,roisin shortall,Leinster,DAIL
/Users/cianan/Documents/College/GitHub/FYP/Data/segments_clean_lufs10s/UF9ulZ4CaKU_Deputy_Róisín_Shortall_-_Order_of_Business_-_21_Ma__eba0e79c93.wav,roisin shortall,Leinster,DAIL
/Users/cianan/Documents/College/GitHub/FYP/Data/segments_clean_lufs10s/x53D-wLQ6lM_Deputy_Róisín_Shortall_-_Government_Business_-_16___d8f79807c1.wav,roisin shortall,Leinster,DAIL
/Users/cianan/Documents/College/GitHub/FYP/Data/segments_clean_lufs10s/Yfn8tb0XXLc_Rónán_Mullen__-_speech_from__11_Apr_2019__50aba694f1.wav,ronan mullen,Connacht,DAIL
/Users/cianan/Documents/College/GitHub/FYP/Data/segments_clean_lufs10s/CvXDy7y7lGA_Senator_Rónán_Mullen_-_speech_from_29_May_2019__1a02be04d2.wav,ronan mullen,Connacht,DAIL
/Users/cianan/Documents/College/GitHub/FYP/Data/segments_clean_lufs10s/z2bTE3DR1w0_Senator_Rónán_Mullen_-_speech_from_24_Sep_2019__5c06e7aba4.wav,ronan mullen,Connacht,DAIL
/Users/cianan/Documents/College/GitHub/FYP/Data/segments_clean_lufs10s/av7DQsUX66Y_Rónán_Mullen__-_speech_from__11_Apr_2019__a7d811b279.wav,ronan mullen,Connacht,DAIL
/Users/cianan/Documents/College/GitHub/FYP/Data/segments_clean_lufs10s/sAivYWv7MkE_Senator_Rónán_Mullen_-_speech_from_8_May_2019__61daa4762a.wav,ronan mullen,Connacht,DAIL
/Users/cianan/Documents/College/GitHub/FYP/Data/segments_clean_lufs10s/XnAykdbRt50_Rónán_Mullen_-_speech_from__17_Apr_2019__480d071118.wav,ronan mullen,Connacht,DAIL
/Users/cianan/Documents/College/GitHub/FYP/Data/segments_clean_lufs10s/gS9LleVF4-g_Senator_Rónán_Mullen_-_speech_from_16_May_2019__695771f74c.wav,ronan mullen,Connacht,DAIL
/Users/cianan/Documents/College/GitHub/FYP/Data/segments_clean_lufs10s/AeB8TKhsUn8_Senator_Rónán_Mullen_-_speech_from_21_May_2019__2758dee864.wav,ronan mullen,Connacht,DAIL
/Users/cianan/Documents/College/GitHub/FYP/Data/segments_clean_lufs10s/goNTd5C_yaA_Senator_Rónán_Mullen_-_Order_of_Business_-_8_May_2__28ebce2e89.wav,ronan mullen,Connacht,DAIL
/Users/cianan/Documents/College/GitHub/FYP/Data/segments_clean_lufs10s/NbUX6vpgS2A_Senator_Rónán_Mullen_-_speech_from_4_Jul_2019__b386143763.wav,ronan mullen,Connacht,DAIL
/Users/cianan/Documents/College/GitHub/FYP/Data/segments_clean_lufs10s/cSr11h-CsyI_Senator_Rose_Conway-Walsh_-_speech_from_16_May_201__d9ce50e08c.wav,rose conway,Connacht,DAIL
/Users/cianan/Documents/College/GitHub/FYP/Data/segments_clean_lufs10s/DSFWyeTAfDw_Senator_Rose_Conway-Walsh_-_Order_of_Business_-_15__1bc6fc8702.wav,rose conway,Connacht,DAIL
/Users/cianan/Documents/College/GitHub/FYP/Data/segments_clean_lufs10s/r6Lk4D49H34_Senator_Rose_Conway-Walsh_-_speech_from_12_Jun_201__69e300c754.wav,rose conway,Connacht,DAIL
/Users/cianan/Documents/College/GitHub/FYP/Data/segments_clean_lufs10s/gQj007YGRvg_Senator_Rose_Conway-Walsh_-_speech_from_9_Jul_2019__306d96cb3c.wav,rose conway,Connacht,DAIL
/Users/cianan/Documents/College/GitHub/FYP/Data/segments_clean_lufs10s/k_7aGrVOS7g_Senator_Rose_Conway-Walsh_-_speech_from_21_May_201__b312aab820.wav,rose conway,Connacht,DAIL
/Users/cianan/Documents/College/GitHub/FYP/Data/segments_clean_lufs10s/Z3LboOZqTX0_Deputy_Ruth_Coppinger_-_Government_Business_-_18_0__2dc9b72f6c.wav,ruth coppinger,Leinster,DAIL
/Users/cianan/Documents/College/GitHub/FYP/Data/segments_clean_lufs10s/QdaO3p3SATU_Deputy_Ruth_Coppinger_-_Leaders__Questions_-_13_Ju__7119fb7e58.wav,ruth coppinger,Leinster,DAIL
/Users/cianan/Documents/College/GitHub/FYP/Data/segments_clean_lufs10s/y5KIY9qMmUw_Deputy_Ruth_Coppinger_-_Priority_Questions_-_06_03__8b0be6d824.wav,ruth coppinger,Leinster,DAIL
/Users/cianan/Documents/College/GitHub/FYP/Data/segments_clean_lufs10s/49DKHwIoIAk_Deputy_Seamus_Healy_-_Government_Business_-_19_Sep__9d2600b983.wav,seamus healy,Munster,DAIL
/Users/cianan/Documents/College/GitHub/FYP/Data/segments_clean_lufs10s/mPRydr2GaNY_Deputy_Seamus_Healy_-_Private_Members__Business_-___3e4409ab5d.wav,seamus healy,Munster,DAIL
/Users/cianan/Documents/College/GitHub/FYP/Data/segments_clean_lufs10s/ntINOEt0TEc_Deputy_Seamus_Healy_-_Topical_Issues_-_29_May_2019__8d3d0619df.wav,seamus healy,Munster,DAIL
/Users/cianan/Documents/College/GitHub/FYP/Data/segments_clean_lufs10s/YR1DHD5gcSI_Deputy_Seán_Crowe_-_Questions_on_Promised_Legislat__50d3aebaac.wav,sean crowe,Leinster,DAIL
/Users/cianan/Documents/College/GitHub/FYP/Data/segments_clean_lufs10s/kxZyFnHfzGI_Deputy_Seán_Crowe_-_Priority_Questions_-_24_Sep_20__50aa3d6490.wav,sean crowe,Leinster,DAIL
/Users/cianan/Documents/College/GitHub/FYP/Data/segments_clean_lufs10s/5J0KhCs-3js_Deputy_Seán_Fleming_-_Government_Business_-_24_Sep__e0505b4881.wav,sean fleming,Leinster,DAIL
/Users/cianan/Documents/College/GitHub/FYP/Data/segments_clean_lufs10s/aDENvFy7my4_Deputy_Seán_Fleming_-_Topical_Issues_-_10_04_2019__d4b8ac3c75.wav,sean fleming,Leinster,DAIL
/Users/cianan/Documents/College/GitHub/FYP/Data/segments_clean_lufs10s/JZELkM8ohmc_Deputy_Seán_Fleming_-_Private_Members__Business_-___c12a23abb8.wav,sean fleming,Leinster,DAIL
/Users/cianan/Documents/College/GitHub/FYP/Data/segments_clean_lufs10s/oRYkz-O1v-8_Deputy_Catherine_Martin_-_Topical_Issues_-_07_03_2__a83256a60f.wav,catherine martin,Ulster,DAIL
/Users/cianan/Documents/College/GitHub/FYP/Data/segments_clean_lufs10s/e4KX0YbMOdU_Deputy_Catherine_Byrne_-_Private_Members__Business__18e8fa8dab.wav,catherine byrne,Leinster,DAIL
/Users/cianan/Documents/College/GitHub/FYP/Data/segments_clean_lufs10s/ft_YbuerHDs_Deputy_Paschal_Donohoe_-_Private_Members__Business__bc8f1ac083.wav,paschal donohoe,Leinster,DAIL
/Users/cianan/Documents/College/GitHub/FYP/Data/segments_clean_lufs10s/iwc72LWli2o_Deputy_Seán_Kyne_-_Private_Members__Business_-_17___cfc4bf06d8.wav,sean kyne,Connacht,DAIL
/Users/cianan/Documents/College/GitHub/FYP/Data/segments_clean_lufs10s/uFYT7IXpOBc_Deputy_Seán_Kyne_-_Order_of_Business_-_28_May_2019__db2224fba1.wav,sean kyne,Connacht,DAIL
/Users/cianan/Documents/College/GitHub/FYP/Data/segments_clean_lufs10s/iIiPIMhBiNs_Deputy_Seán_Sherlock_-_Government_Business_-_19_Se__2050b2421c.wav,sean sherlock,Munster,DAIL
/Users/cianan/Documents/College/GitHub/FYP/Data/segments_clean_lufs10s/aAaCVhE64QM_Deputy_Seán_Sherlock_-_Government_Business_-_12_Ju__a056f2c8f9.wav,sean sherlock,Munster,DAIL
/Users/cianan/Documents/College/GitHub/FYP/Data/segments_clean_lufs10s/WHH0i7pSyTA_Deputy_Seán_Sherlock_-_Priority_Questions_-_12_03___c52be59453.wav,sean sherlock,Munster,DAIL
/Users/cianan/Documents/College/GitHub/FYP/Data/segments_clean_lufs10s/HBJAD4EA_sI_Deputy_Shane_Cassells_-_Topical_Issues_-_17_Sep_20__c5d2cca79e.wav,shane cassells,Leinster,DAIL
/Users/cianan/Documents/College/GitHub/FYP/Data/segments_clean_lufs10s/BHiaWSIQ2Bw_Deputy_Shane_Cassells_-_Other_Questions_-_22_May_2__62846f9e17.wav,shane cassells,Leinster,DAIL
/Users/cianan/Documents/College/GitHub/FYP/Data/segments_clean_lufs10s/e8k35T1S98k_Deputy_Shane_Cassells_-_Private_Members__Business___ec440951f0.wav,shane cassells,Leinster,DAIL
/Users/cianan/Documents/College/GitHub/FYP/Data/segments_clean_lufs10s/NAAci8DlpuY_Deputy_Shane_Cassells_-_Topical_Issues_-_13_03_201__ee3d958978.wav,shane cassells,Leinster,DAIL
/Users/cianan/Documents/College/GitHub/FYP/Data/segments_clean_lufs10s/K1vlEAV01Jo_Shane_Ross__-_speech_from__16_Apr_2019__13586af7a8.wav,shane ross,Leinster,DAIL
/Users/cianan/Documents/College/GitHub/FYP/Data/segments_clean_lufs10s/IVKMErFHOQM_Deputy_Simon_Harris_-_Government_Business_-_05_03___e84fcb501a.wav,simon harris,Leinster,DAIL
/Users/cianan/Documents/College/GitHub/FYP/Data/segments_clean_lufs10s/mHnamqUts0w_Deputy_Simon_Harris_-_Government_Business_-_16_04___796560acda.wav,simon harris,Leinster,DAIL
/Users/cianan/Documents/College/GitHub/FYP/Data/segments_clean_lufs10s/ipBR1bKVseI_Deputy_Simon_Harris_-_Government_Business_-_19_Jun__0d578445d3.wav,simon harris,Leinster,DAIL
/Users/cianan/Documents/College/GitHub/FYP/Data/segments_clean_lufs10s/e786UDIUks4_Deputy_Stephen_Donnelly_-_Government_Business_-_16__73d34fd4a6.wav,stephen donnelly,Leinster,DAIL
/Users/cianan/Documents/College/GitHub/FYP/Data/segments_clean_lufs10s/HGY0pag_1S4_Deputy_Stephen_Donnelly_-_Private_Members__Busines__7ce0f2c453.wav,stephen donnelly,Leinster,DAIL
/Users/cianan/Documents/College/GitHub/FYP/Data/segments_clean_lufs10s/s4hGHrf37Ig_Deputy_Stephen_Donnelly_-_Government_Business_-_05__b57e286721.wav,stephen donnelly,Leinster,DAIL
/Users/cianan/Documents/College/GitHub/FYP/Data/segments_clean_lufs10s/KRScgc_gs4k_Deputy_Stephen_Donnelly_-_Private_Members__Busines__442b3aefb8.wav,stephen donnelly,Leinster,DAIL
/Users/cianan/Documents/College/GitHub/FYP/Data/segments_clean_lufs10s/XJw15dq3FZQ_Deputy_Stephen_Donnelly_-_Private_Members__Busines__5b7522223b.wav,stephen donnelly,Leinster,DAIL
/Users/cianan/Documents/College/GitHub/FYP/Data/segments_clean_lufs10s/FnG6fpjLz1g_Senator_Terry_Leyden_-_speech_from_1_Oct_2019__bafd1a9cd9.wav,terry leyden,Connacht,DAIL
/Users/cianan/Documents/College/GitHub/FYP/Data/segments_clean_lufs10s/-2_xpuERTl8_Terry_Leyden__-_speech_from__11_Apr_2019__8ff8f9fe28.wav,terry leyden,Connacht,DAIL
/Users/cianan/Documents/College/GitHub/FYP/Data/segments_clean_lufs10s/DJraoljzvSA_Senator_Terry_Leyden_-_speech_from_19_Jun_2019__c9f1715e9e.wav,terry leyden,Connacht,DAIL
/Users/cianan/Documents/College/GitHub/FYP/Data/segments_clean_lufs10s/yUkqZ9eSjzY_Terry_Leyden_-_speech_from__18_Apr_2019__f3b78661ad.wav,terry leyden,Connacht,DAIL
/Users/cianan/Documents/College/GitHub/FYP/Data/segments_clean_lufs10s/Re1_Gdxjc2U_Senator_Terry_Leyden_-_speech_from_11_Jun_2019__4054e94f6b.wav,terry leyden,Connacht,DAIL
/Users/cianan/Documents/College/GitHub/FYP/Data/segments_clean_lufs10s/uddPkzffk3o_Senator_Terry_Leyden_-_speech_from_28_May_2019__0f274f944e.wav,terry leyden,Connacht,DAIL
/Users/cianan/Documents/College/GitHub/FYP/Data/segments_clean_lufs10s/CZW9-n78kwY_Senator_Terry_Leyden_-_Order_of_Business_-_8_May_2__cc1368f0a7.wav,terry leyden,Connacht,DAIL
/Users/cianan/Documents/College/GitHub/FYP/Data/segments_clean_lufs10s/0iexV43SQwk_Terry_Leyden_-_speech_from__09_Apr_2019__95d2692557.wav,terry leyden,Connacht,DAIL
/Users/cianan/Documents/College/GitHub/FYP/Data/segments_clean_lufs10s/tjlgAFbxYSQ_Deputy_Thomas_Byrne_-_Questions_on_Promised_Legisl__ffcbf5b925.wav,thomas byrne,Leinster,DAIL
/Users/cianan/Documents/College/GitHub/FYP/Data/segments_clean_lufs10s/AaUuCu5FfdY_Deputy_Thomas_Byrne_-_Government_Business_-_05_03___8e5fe01fd9.wav,thomas byrne,Leinster,DAIL
/Users/cianan/Documents/College/GitHub/FYP/Data/segments_clean_lufs10s/Hw_nvNvrW0k_Deputy_Thomas_Byrne_-_Priority_Questions_-_8_May_2__dc381aab40.wav,thomas byrne,Leinster,DAIL
/Users/cianan/Documents/College/GitHub/FYP/Data/segments_clean_lufs10s/256wuRokSH0_Deputy_Thomas_Byrne_-_Private_Members__Business_-___aeddb3e55d.wav,thomas byrne,Leinster,DAIL
/Users/cianan/Documents/College/GitHub/FYP/Data/segments_clean_lufs10s/OGP7AOA88QI_Deputy_Thomas_P__Broughan_-_Government_Business_-___b17e841b6c.wav,thomas p. broughan,Leinster,DAIL
/Users/cianan/Documents/College/GitHub/FYP/Data/segments_clean_lufs10s/Z7K6CLI8idY_Deputy_Thomas_P__Broughan_-_Priority_Questions_-_0__7858abf17d.wav,thomas p. broughan,Leinster,DAIL
/Users/cianan/Documents/College/GitHub/FYP/Data/segments_clean_lufs10s/afaduYJKjfc_Deputy_Thomas_P__Broughan_-_Other_Questions_-_17_S__eb5fbc87b4.wav,thomas p. broughan,Leinster,DAIL
/Users/cianan/Documents/College/GitHub/FYP/Data/segments_clean_lufs10s/B_6mkneJVFg_Deputy_Thomas_P__Broughan_-_Government_Business_-___5482f40f7a.wav,thomas p. broughan,Leinster,DAIL
/Users/cianan/Documents/College/GitHub/FYP/Data/segments_clean_lufs10s/FzrSmZ2BBMg_Deputy_Thomas_Pringle_-_Other_Questions_-_18_Jun_2__a332c25695.wav,thomas pringle,Leinster,DAIL
/Users/cianan/Documents/College/GitHub/FYP/Data/segments_clean_lufs10s/OyqvBhHMASE_Deputy_Thomas_Pringle_-_Other_Questions_-_06_03_20__35b5e5ed38.wav,thomas pringle,Leinster,DAIL
/Users/cianan/Documents/College/GitHub/FYP/Data/segments_clean_lufs10s/skI6navg9nI_Deputy_Thomas_Pringle_-_Leaders__Questions_-_17_Se__b5acf79863.wav,thomas pringle,Leinster,DAIL
/Users/cianan/Documents/College/GitHub/FYP/Data/segments_clean_lufs10s/aFMInx7-gSA_Deputy_Thomas_Pringle_-_Private_Members__Business___80f48de17a.wav,thomas pringle,Leinster,DAIL
/Users/cianan/Documents/College/GitHub/FYP/Data/segments_clean_lufs10s/RMaswV7jdEo_Senator_Tim_Lombard_-_speech_from_24_Sep_2019__c21558adad.wav,tim lombard,Munster,DAIL
/Users/cianan/Documents/College/GitHub/FYP/Data/segments_clean_lufs10s/fhZ5bRDsNV4_Senator_Tim_Lombard_-_speech_from_16_May_2019__55dbef2bfa.wav,tim lombard,Munster,DAIL
/Users/cianan/Documents/College/GitHub/FYP/Data/segments_clean_lufs10s/YTbf3PKtY1U_Senator_Tim_Lombard_-_speech_from_21_May_2019__c53a0345d0.wav,tim lombard,Munster,DAIL
/Users/cianan/Documents/College/GitHub/FYP/Data/segments_clean_lufs10s/lWC_X23-OEI_Senator_Tim_Lombard_-_speech_from_30_May_2019__3eed972995.wav,tim lombard,Munster,DAIL
/Users/cianan/Documents/College/GitHub/FYP/Data/segments_clean_lufs10s/8VenebwheHk_Senator_Tim_Lombard_-_speech_from_3_Jul_2019__e2c8070cf5.wav,tim lombard,Munster,DAIL
/Users/cianan/Documents/College/GitHub/FYP/Data/segments_clean_lufs10s/TEAsQSfruWU_Deputy_Timmy_Dooley_-_Government_Business_-_20_Jun__84ea22d678.wav,timmy dooley,Munster,DAIL
/Users/cianan/Documents/College/GitHub/FYP/Data/segments_clean_lufs10s/uhQEu5MWhpA_Deputy_Timmy_Dooley_-_Priority_Questions_-_27_03_2__a98cb0e0df.wav,timmy dooley,Munster,DAIL
/Users/cianan/Documents/College/GitHub/FYP/Data/segments_clean_lufs10s/oZQ2gZ__vOA_Deputy_Timmy_Dooley_-_Leaders__Questions_-_9_May_2__4a8fa2b12f.wav,timmy dooley,Munster,DAIL
/Users/cianan/Documents/College/GitHub/FYP/Data/segments_clean_lufs10s/FdE1UvINldQ_Deputy_Tom_Neville_-_Other_Questions_-_21_May_2019__9ba76d7edb.wav,tom neville,Munster,DAIL
/Users/cianan/Documents/College/GitHub/FYP/Data/segments_clean_lufs10s/5RdGg8pv7h8_Deputy_Tom_Neville_-_Questions_on_Promised_Legisla__4b2edbae1d.wav,tom neville,Munster,DAIL
/Users/cianan/Documents/College/GitHub/FYP/Data/segments_clean_lufs10s/VjLfGYPtbuw_Deputy_Tom_Neville_-_Questions_on_Promised_Legisla__11bab0ff7b.wav,tom neville,Munster,DAIL
/Users/cianan/Documents/College/GitHub/FYP/Data/segments_clean_lufs10s/XZZ1fxMfpuI_Deputy_Tom_Neville_-_Government_Business_-_10_04_2__59756f7a7b.wav,tom neville,Munster,DAIL
/Users/cianan/Documents/College/GitHub/FYP/Data/segments_clean_lufs10s/K2OmSBKmD9I_Deputy_Tom_Neville_-_Order_of_Business_-_12_03_201__c003ed919c.wav,tom neville,Munster,DAIL
/Users/cianan/Documents/College/GitHub/FYP/Data/segments_clean_lufs10s/h3cgwLXyYYs_Deputy_Tom_Neville_-_Government_Business_-_27_Jun___22a8eeeefd.wav,tom neville,Munster,DAIL
/Users/cianan/Documents/College/GitHub/FYP/Data/segments_clean_lufs10s/E4ygOgt1TQs_Deputy_Tony_McLoughlin_-_Other_Questions_-_12_03_2__971d9abeb2.wav,tony mcloughlin,Connacht,DAIL
/Users/cianan/Documents/College/GitHub/FYP/Data/segments_clean_lufs10s/eYu_M9ivZQE_Deputy_Tony_McLoughlin_-_Other_Questions_-_3_Jul_2__7dc9202e34.wav,tony mcloughlin,Connacht,DAIL
/Users/cianan/Documents/College/GitHub/FYP/Data/segments_clean_lufs10s/HBzE6jLmRsM_Deputy_Tony_McLoughlin_-_Other_Questions_-_19_Sep___bae33c1763.wav,tony mcloughlin,Connacht,DAIL
/Users/cianan/Documents/College/GitHub/FYP/Data/segments_clean_lufs10s/mCoXAB4H1eQ_Senator_Victor_Boyhan_-_speech_from_25_Sep_2019__e3f2ee69a7.wav,victor boyhan,Leinster,DAIL
/Users/cianan/Documents/College/GitHub/FYP/Data/segments_clean_lufs10s/gIL4YWueKXE_Senator_Victor_Boyhan_-_speech_from_21_May_2019__252138c330.wav,victor boyhan,Leinster,DAIL
/Users/cianan/Documents/College/GitHub/FYP/Data/segments_clean_lufs10s/NyBqfeWKHtI_Senator_Victor_Boyhan_-_Commencement_Matters_-_8_M__92c86cf30d.wav,victor boyhan,Leinster,DAIL
/Users/cianan/Documents/College/GitHub/FYP/Data/segments_clean_lufs10s/gSom0uvq_xA_Victor_Boyhan_-_speech_from__17_Apr_2019__7129eb2da5.wav,victor boyhan,Leinster,DAIL
/Users/cianan/Documents/College/GitHub/FYP/Data/segments_clean_lufs10s/Wfz_rN-DI-Q_Senator_Victor_Boyhan_-_speech_from_10_Jul_2019__d9ade34da2.wav,victor boyhan,Leinster,DAIL
/Users/cianan/Documents/College/GitHub/FYP/Data/segments_clean_lufs10s/ol0Rwovb2O4_Senator_Victor_Boyhan_-_speech_from_11_Jun_2019__b16abdf91a.wav,victor boyhan,Leinster,DAIL
/Users/cianan/Documents/College/GitHub/FYP/Data/segments_clean_lufs10s/ikX_XYIIvdI_Victor_Boyhan__-_speech_from__16_Apr_2019__405bfdec27.wav,victor boyhan,Leinster,DAIL
/Users/cianan/Documents/College/GitHub/FYP/Data/segments_clean_lufs10s/QCCZbO97LRQ_Deputy_Willie_O_Dea_-_Questions_on_Promised_Legisl__d2ad5eadcb.wav,willie o'dea,Munster,DAIL
/Users/cianan/Documents/College/GitHub/FYP/Data/segments_clean_lufs10s/LAv6E6LqEWc_Deputy_Willie_O_Dea_-_Priority_Questions_-_25_Sep___8d98439552.wav,willie o'dea,Munster,DAIL
/Users/cianan/Documents/College/GitHub/FYP/Data/segments_clean_lufs10s/ccpPHI2IR_M_Deputy_Willie_O_Dea_-_Topical_Issues_-_18_Jun_2019__ed4bfb59bf.wav,willie o'dea,Munster,DAIL
/Users/cianan/Documents/College/GitHub/FYP/Data/segments_clean_lufs10s/O_XvPr0FGEI_Deputy_Willie_O_Dea_-_Government_Business_-_06_03___b61d04fe40.wav,willie o'dea,Munster,DAIL
/Users/cianan/Documents/College/GitHub/FYP/Data/segments_clean_lufs10s/IyRPeeynJ7c_Deputy_Willie_Penrose_-_Private_Members__Business___7a827337c9.wav,willie penrose,Leinster,DAIL
/Users/cianan/Documents/College/GitHub/FYP/Data/segments_clean_lufs10s/xWi9H1RrOVY_Deputy_Willie_Penrose_-_Priority_Questions_-_30_Ma__0700013516.wav,willie penrose,Leinster,DAIL
/Users/cianan/Documents/College/GitHub/FYP/Data/segments_clean_lufs10s/cVaCk7hLUmc_Deputy_Willie_Penrose_-_Private_Members__Business___6886b41196.wav,willie penrose,Leinster,DAIL
/Users/cianan/Documents/College/GitHub/FYP/Data/segments_clean_lufs10s/8EVSSC1Mkcw_Deputy_Willie_Penrose_-_Private_Members__Business___7a1a014ba3.wav,willie penrose,Leinster,DAIL
/Users/cianan/Documents/College/GitHub/FYP/Data/segments_clean_lufs10s/MajuwzBaA7k_Deputy_Willie_Penrose_-_Questions_on_Promised_Legi__6bd708b604.wav,willie penrose,Leinster,DAIL
